instrument,variable,q10,q90,n_valid,n_census,n_TOP,n_BOT,TOP_frac_of_valid,BOT_frac_of_valid
BTC,mom_24,-0.03034019191427042,0.03198590495735215,28920,28944,2892,2892,0.1,0.1
BTC,vol_ratio,0.4699923387067976,1.4529724705290783,28776,28944,2878,2878,0.10001390047261607,0.10001390047261607
BTC,volume_z,-1.2533200696068045,1.386723543037752,28777,28944,2878,2878,0.10001042499218125,0.10001042499218125
BTC,range_pos,0.1657436452136293,0.859016278170376,28921,28944,2893,2893,0.10003111925590401,0.10003111925590401
BTC,cs_mom_rank,0.125,1.0,28920,28944,3332,3496,0.11521438450899031,0.12088520055325035
BTC,illiq,0.010687831531899533,0.040169496203362694,28888,28944,2889,2889,0.10000692328994738,0.10000692328994738
ETH,mom_24,-0.040163012737555626,0.03908804634259298,28920,28944,2892,2892,0.1,0.1
ETH,vol_ratio,0.5250467227108577,1.4169673193175307,28776,28944,2878,2878,0.10001390047261607,0.10001390047261607
ETH,volume_z,-1.2402137625395921,1.3674510815335532,28777,28944,2878,2878,0.10001042499218125,0.10001042499218125
ETH,range_pos,0.1705860395670033,0.8612171569728265,28921,28944,2893,2893,0.10003111925590401,0.10003111925590401
ETH,cs_mom_rank,0.125,0.875,28920,28944,4277,3523,0.14789073305670816,0.12181881051175657
ETH,illiq,0.016053614692338042,0.03131169565156221,28888,28944,2889,2889,0.10000692328994738,0.10000692328994738
SOL,mom_24,-0.0583548171003887,0.06106488615993045,28920,28944,2892,2892,0.1,0.1
SOL,vol_ratio,0.5784861647398765,1.3866781688475616,28776,28944,2878,2878,0.10001390047261607,0.10001390047261607
SOL,volume_z,-1.2982260688058105,1.3815154811594563,28777,28944,2878,2878,0.10001042499218125,0.10001042499218125
SOL,range_pos,0.1402439024390257,0.8747609942638654,28921,28944,2893,2893,0.10003111925590401,0.10003111925590401
SOL,cs_mom_rank,0.0,1.0,28920,28944,4523,4909,0.1563969571230982,0.16974412171507608
SOL,illiq,0.1252196101029667,1.942611924631853,28888,28944,2889,2889,0.10000692328994738,0.10000692328994738
BNB,mom_24,-0.02847775788523563,0.031102853246883857,20370,20394,2037,2037,0.1,0.1
BNB,vol_ratio,0.5172946785450633,1.4261515324260596,20226,20394,2023,2023,0.10001977652526452,0.10001977652526452
BNB,volume_z,-1.293897746775286,1.3720735096223426,20227,20394,2023,2023,0.1000148316606516,0.1000148316606516
BNB,range_pos,0.1727941176470585,0.8846153846153865,20371,20394,2038,2038,0.10004418045260419,0.10004418045260419
BNB,cs_mom_rank,0.0,1.0,20370,20394,2471,2282,0.12130584192439862,0.11202749140893471
BNB,illiq,0.9890280926461157,4.587850058019155,20370,20394,2037,2037,0.1,0.1
XRP,mom_24,-0.041700108938545755,0.04184332842917631,28920,28944,2892,2892,0.1,0.1
XRP,vol_ratio,0.49883044207315647,1.4551943657724573,28776,28944,2878,2878,0.10001390047261607,0.10001390047261607
XRP,volume_z,-1.3007021486221786,1.37511206181847,28777,28944,2878,2878,0.10001042499218125,0.10001042499218125
XRP,range_pos,0.1840234211626965,0.8568486096807412,28921,28944,2893,2893,0.10003111925590401,0.10003111925590401
XRP,cs_mom_rank,0.0,1.0,28920,28944,4285,4161,0.1481673582295989,0.14387966804979252
XRP,illiq,0.26592828642725375,3.32629367949297,28888,28944,2889,2889,0.10000692328994738,0.10000692328994738
ADA,mom_24,-0.048475654429889235,0.047192561471939204,28920,28944,2892,2892,0.1,0.1
ADA,vol_ratio,0.5549923247752124,1.387637565854448,28776,28944,2878,2878,0.10001390047261607,0.10001390047261607
ADA,volume_z,-1.2783388107752782,1.4020327924068248,28777,28944,2878,2878,0.10001042499218125,0.10001042499218125
ADA,range_pos,0.14600629831090728,0.8766233766233759,28921,28944,2893,2893,0.10003111925590401,0.10003111925590401
ADA,cs_mom_rank,0.125,0.875,28920,28944,4697,5196,0.16241355463347165,0.17966804979253112
ADA,illiq,1.3034550151590754,5.1734003147805225,28888,28944,2889,2889,0.10000692328994738,0.10000692328994738
AVAX,mom_24,-0.05863726939165921,0.05976471082168194,28920,28944,2892,2892,0.1,0.1
AVAX,vol_ratio,0.5844453734671113,1.380981289938652,28776,28944,2878,2878,0.10001390047261607,0.10001390047261607
AVAX,volume_z,-1.3000043339805647,1.3723180516325326,28777,28944,2878,2878,0.10001042499218125,0.10001042499218125
AVAX,range_pos,0.12712051112579975,0.8841918294849022,28921,28944,2893,2893,0.10003111925590401,0.10003111925590401
AVAX,cs_mom_rank,0.0,1.0,28920,28944,3451,4711,0.11932918395573998,0.16289764868603043
AVAX,illiq,1.6672440140856002,10.74709941543986,28888,28944,2889,2889,0.10000692328994738,0.10000692328994738
DOT,mom_24,-0.050220563323681744,0.04552993914082655,28920,28944,2892,2892,0.1,0.1
DOT,vol_ratio,0.5677819287266932,1.393386327910303,28776,28944,2878,2878,0.10001390047261607,0.10001390047261607
DOT,volume_z,-1.250383841318312,1.3699966861183956,28777,28944,2878,2878,0.10001042499218125,0.10001042499218125
DOT,range_pos,0.14492753623188406,0.8923076923076929,28921,28944,2893,2893,0.10003111925590401,0.10003111925590401
DOT,cs_mom_rank,0.125,0.875,28920,28944,4318,5126,0.14930843706777316,0.17724757952973721
DOT,illiq,1.641275523424727,5.492615289293655,28888,28944,2889,2889,0.10000692328994738,0.10000692328994738
LINK,mom_24,-0.05217226906269885,0.05459915605825343,28920,28944,2892,2892,0.1,0.1
LINK,vol_ratio,0.5781153501772531,1.3571105270498118,28776,28944,2878,2878,0.10001390047261607,0.10001390047261607
LINK,volume_z,-1.2822193203252712,1.3726353479512836,28777,28944,2878,2878,0.10001042499218125,0.10001042499218125
LINK,range_pos,0.13476446034585518,0.8920308483290491,28921,28944,2893,2893,0.10003111925590401,0.10003111925590401
LINK,cs_mom_rank,0.0,1.0,28920,28944,3961,3749,0.13696403872752422,0.1296334716459198
LINK,illiq,1.4002291722673057,5.577364449007412,28888,28944,2889,2889,0.10000692328994738,0.10000692328994738
