instrument,bars,first,last,strictly_increasing,duplicate_timestamps,tz,nan_close,zero_volume_bars
BTC,38587,2022-01-01 00:00:00+00:00,2026-05-27 18:00:00+00:00,True,0,UTC,0,9
ETH,38612,2022-01-01 00:00:00+00:00,2026-05-28 19:00:00+00:00,True,0,UTC,0,9
SOL,38612,2022-01-01 00:00:00+00:00,2026-05-28 19:00:00+00:00,True,0,UTC,0,9
BNB,30062,2022-12-23 06:00:00+00:00,2026-05-28 19:00:00+00:00,True,0,UTC,0,0
XRP,38612,2022-01-01 00:00:00+00:00,2026-05-28 19:00:00+00:00,True,0,UTC,0,9
ADA,38612,2022-01-01 00:00:00+00:00,2026-05-28 19:00:00+00:00,True,0,UTC,0,9
AVAX,38612,2022-01-01 00:00:00+00:00,2026-05-28 19:00:00+00:00,True,0,UTC,0,9
DOT,38612,2022-01-01 00:00:00+00:00,2026-05-28 19:00:00+00:00,True,0,UTC,0,9
LINK,38612,2022-01-01 00:00:00+00:00,2026-05-28 19:00:00+00:00,True,0,UTC,0,9
