variable,h,tail,mu_cell_bps,mu_uncond_bps,excess_bps,d,d_excess_bps,d_mu_cell_bps,sd_bucket_bps,n_bucket,n_eff,se_mu_cell_bps,breadth_count,min_per_instrument_n,n_BTC,excess_BTC_bps,n_ETH,excess_ETH_bps,n_SOL,excess_SOL_bps,n_BNB,excess_BNB_bps,n_XRP,excess_XRP_bps,n_ADA,excess_ADA_bps,n_AVAX,excess_AVAX_bps,n_DOT,excess_DOT_bps,n_LINK,excess_LINK_bps
mom_24,1,TOP,-0.4057156829288257,-0.13551681036118216,-0.2701988725676435,-1,0.2701988725676435,0.4057156829288257,119.70632779052444,25173,25173.0,0.7544832807813093,4,2037,2892,0.2735908041678189,2892,0.41241427060292857,2892,0.06764822003382474,2037,-0.9048955889282014,2892,2.1137191761440826,2892,0.37794507248306575,2892,-1.2985529235982076,2892,-2.462872317231762,2892,-1.1982913411407152
mom_24,2,TOP,-0.9783928399590732,-0.2680576663501195,-0.7103351736089537,-1,0.7103351736089537,0.9783928399590732,166.2966163597469,25173,12586.5,1.482282299755409,5,2037,2892,0.5873993577975656,2892,0.18010588132691094,2892,0.5555973739828671,2037,-2.2242417396771588,2892,2.7893380991737673,2892,-0.7933490766243363,2892,-1.5056695657561516,2892,-3.8423037331526904,2892,-2.5871910939388942
mom_24,4,TOP,-1.4025158888671792,-0.5344486231222818,-0.8680672657448973,-1,0.8680672657448973,1.4025158888671792,228.14520583367417,25173,6293.25,2.8759004902920924,6,2037,2892,-0.8707481939943827,2892,0.17456254724974596,2892,3.060343158057918,2037,-6.581577958782473,2892,7.556168977511987,2892,-2.373912844630581,2892,-0.5860569362977935,2892,-4.2808832716075615,2892,-5.599102030550733
mom_24,8,TOP,-5.306449645612136,-1.0551822301141607,-4.251267415497975,-1,4.251267415497975,5.306449645612136,312.30946965537925,25173,3146.625,5.567531186740644,8,2037,2892,-2.1278227380566985,2892,-5.07476327037594,2892,-3.7891621037699355,2037,-15.757114808910853,2892,13.695544297812173,2892,-7.463158868863426,2892,-1.9009142096129195,2892,-9.447702074665024,2892,-9.796817430766644
mom_24,12,TOP,-10.127603577980633,-1.5742354836526178,-8.553368094328015,-1,8.553368094328015,10.127603577980633,371.9664272377179,25173,2097.75,8.121324774737602,8,2037,2892,-9.198209367763477,2892,-12.44016870383592,2892,-12.702721046002647,2037,-21.953426580153984,2892,18.56898808049221,2892,-13.818966152928503,2892,-3.511670512601774,2892,-12.96164050291388,2892,-12.922451949284024
mom_24,24,TOP,-11.286525286337687,-3.276977150790838,-8.009548135546849,-1,8.009548135546849,11.286525286337687,521.7777978949838,25173,1048.875,16.111045660618235,6,2037,2892,-14.838338944915186,2892,-14.529396063654977,2892,-6.3421516295204725,2037,-35.90522548694086,2892,11.094419327010137,2892,-13.116728414612108,2892,3.6218524812841832,2892,2.043322291335715,2892,-12.357467802202354
mom_24,1,BOT,1.855451060818523,-0.13551681036118216,1.9909678711797052,1,1.9909678711797052,1.855451060818523,150.2190859972099,25173,25173.0,0.9467986440739853,8,2037,2892,1.142844839833976,2892,-1.132728147932253,2892,0.3011564142736432,2037,4.038861139841026,2892,2.911815979208029,2892,2.9814044079837796,2892,1.6824908362385387,2892,3.449862661800778,2892,3.148587297803195
mom_24,2,BOT,4.631015903632451,-0.2680576663501195,4.899073569982571,1,4.899073569982571,4.631015903632451,204.64674965390444,25173,12586.5,1.8241156155470952,8,2037,2892,1.6443941048350887,2892,-1.3436511601946985,2892,1.6059431079940576,2037,7.0346132644718615,2892,8.45984739625634,2892,9.9402830933946,2892,2.637912141705241,2892,7.489782927424984,2892,7.254173120666557
mom_24,4,BOT,8.227698485704247,-0.5344486231222818,8.762147108826529,1,8.762147108826529,8.227698485704247,281.7759777074845,25173,6293.25,3.551946969388736,8,2037,2892,3.9821196838748922,2892,-2.432983883700639,2892,0.7143147421675934,2037,9.817009741754038,2892,15.203418675274271,2892,18.597308512726983,2892,8.940935206682349,2892,14.507057482934112,2892,9.842565890721517
mom_24,8,BOT,16.420623538087767,-1.0551822301141607,17.475805768201926,1,17.475805768201926,16.420623538087767,380.2245425497414,25173,3146.625,6.778251075594365,9,2037,2892,10.686548787951999,2892,0.7846392029680461,2892,1.2916592995125002,2037,15.875484139900756,2892,25.57921833723421,2892,40.18678885045584,2892,14.66676157763435,2892,28.352503184287983,2892,19.386644940684498
mom_24,12,BOT,18.54367558025778,-1.5742354836526178,20.117911063910398,1,20.117911063910398,18.54367558025778,461.16735945344817,25173,2097.75,10.068892317628585,7,2037,2892,14.207569424958363,2892,-0.6286291226024283,2892,-2.719448496921216,2037,18.924165990364894,2892,31.708079516808706,2892,50.24288919431889,2892,17.58858224137877,2892,28.62805432025611,2892,22.758695610736755
mom_24,24,BOT,19.40655188066037,-3.276977150790838,22.683529031451208,1,22.683529031451208,19.40655188066037,626.6549174860089,25173,1048.875,19.3493591137813,7,2037,2892,13.332273348927655,2892,-4.240195986482852,2892,-17.378060739128006,2037,28.066496225022675,2892,48.40299072996258,2892,69.70302691906144,2892,5.968655854937078,2892,29.305983351958517,2892,32.58541397488413
vol_ratio,1,TOP,1.1455450125640962,-0.13551681036118216,1.2810618229252784,1,1.2810618229252784,1.1455450125640962,146.77961294719196,25047,25047.0,0.9274443936123623,9,2023,2878,0.4300663594023803,2878,2.129245911377872,2878,1.889624618289072,2023,0.39260034060155696,2878,0.09605586731825404,2878,1.8949340696458734,2878,2.0126234201134876,2878,0.09865348632425609,2878,2.3227612446792003
vol_ratio,2,TOP,2.675715501898498,-0.2680576663501195,2.943773168248618,1,2.943773168248618,2.675715501898498,199.54118643970506,25047,12523.5,1.7830753249781301,9,2023,2878,0.5900965486816718,2878,3.608858474132293,2878,3.0092470339411075,2023,0.6332874106892947,2878,0.37427787695121645,2878,3.750181063891663,2878,6.883522388367187,2878,0.9147818093986702,2878,6.045213903380347
vol_ratio,4,TOP,4.521456050893406,-0.5344486231222818,5.0559046740156885,1,5.0559046740156885,4.521456050893406,271.52977889338746,25047,6261.75,3.431386226969803,7,2023,2878,-0.34149956653935626,2878,2.764522394720549,2878,6.072773474577995,2023,1.3560660115345307,2878,-0.22755802434139352,2878,6.278224319545876,2878,15.797611338503838,2878,1.429843969818622,2878,11.27784474222381
vol_ratio,8,TOP,4.261294392600915,-1.0551822301141607,5.316476622715075,1,5.316476622715075,4.261294392600915,367.66825220675435,25047,3130.875,6.570875917747386,5,2023,2878,-1.8945842584180679,2878,-2.3475938666105876,2878,6.960601664150894,2023,1.9203108582037414,2878,-8.708393529965877,2878,6.03973888818979,2878,26.159301242619293,2878,-2.1065559887622456,2878,20.824221501257746
vol_ratio,12,TOP,4.7358817845908066,-1.5742354836526178,6.310117268243424,1,6.310117268243424,4.7358817845908066,443.4697633066372,25047,2087.25,9.706815595166121,5,2023,2878,-2.137538084276639,2878,-6.466455271417499,2878,6.471790837923011,2023,5.400168670429475,2878,-17.617846650267452,2878,5.042989571902403,2878,37.62368423253336,2878,-7.3625721196088705,2878,35.578052766371016
vol_ratio,24,TOP,-2.2751406168546158,-3.276977150790838,1.0018365339362223,1,1.0018365339362223,-2.2751406168546158,616.7095128534684,25047,1043.625,19.09010910536587,3,2023,2878,-9.23131025489196,2878,-21.05222957880311,2878,-8.490271452224842,2023,10.857126683130394,2878,-44.018706128884695,2878,-11.31900101081594,2878,64.70136330250625,2878,-10.447415713348317,2878,40.96803878242054
vol_ratio,1,BOT,-2.032260858986911,-0.13551681036118216,-1.8967440486257288,-1,1.8967440486257288,2.032260858986911,67.42260374627342,25047,25047.0,0.4260177186168647,9,2023,2878,-1.5349112084961076,2878,-2.192967542460238,2878,-2.8694777085200593,2023,-1.0984586028046097,2878,-2.369181984578858,2878,-4.2026792739384105,2878,-1.4156042771177373,2878,-0.5638274812841859,2878,-0.5854784659214908
vol_ratio,2,BOT,-3.8249034165664892,-0.2680576663501195,-3.5568457502163695,-1,3.5568457502163695,3.8249034165664892,95.9829148663963,25047,12523.5,0.857691437900026,9,2023,2878,-2.572326592184646,2878,-4.798521090649451,2878,-5.775763925655879,2023,-1.7417621837724868,2878,-4.775814056800303,2878,-8.421606863733992,2878,-2.349254104728975,2878,-0.9243107978861218,2878,-0.1111146166617636
vol_ratio,4,BOT,-7.558901110342944,-0.5344486231222818,-7.024452487220663,-1,7.024452487220663,7.558901110342944,136.26305316781935,25047,6261.75,1.721988526600962,9,2023,2878,-5.049118495125827,2878,-9.573752494599065,2878,-11.314996501428169,2023,-3.965030394843048,2878,-9.244006095165835,2878,-16.835148476279855,2878,-3.697730857623444,2878,-2.0120286706015467,2878,-0.6155237896395661
vol_ratio,8,BOT,-14.143979561943093,-1.0551822301141607,-13.08879733182893,-1,13.08879733182893,14.143979561943093,198.2246308000802,25047,3130.875,3.5426214937267995,8,2023,2878,-10.546878965821053,2878,-14.8193861982234,2878,-25.01614332415723,2023,-8.279196887951736,2878,-18.765291431297985,2878,-34.31214949341802,2878,-3.152209986580501,2878,-3.8138890571707726,2878,2.342506010105835
vol_ratio,12,BOT,-21.275958357120672,-1.5742354836526178,-19.701722873468054,-1,19.701722873468054,21.275958357120672,246.16022465594372,25047,2087.25,5.388037934725524,9,2023,2878,-13.620734872765704,2878,-20.30143158437779,2878,-43.12336522594019,2023,-11.105239182302496,2878,-28.470837216766267,2878,-46.975855363494496,2878,-1.2072935559908542,2878,-7.55896832867882,2878,-2.386378667287472
vol_ratio,24,BOT,-40.9129667253001,-3.276977150790838,-37.63598957450927,-1,37.63598957450927,40.9129667253001,355.73356173079765,25047,1043.625,11.011655186669525,9,2023,2878,-20.835677673901497,2878,-33.73858050236896,2878,-64.53019751891357,2023,-23.032438479064986,2878,-44.98495316655091,2878,-78.6206520938565,2878,-25.971300474223895,2878,-24.21807052193376,2878,-18.430350350768617
volume_z,1,TOP,0.49888543680167985,-0.13551681036118216,0.6344022471628621,1,0.6344022471628621,0.49888543680167985,146.5490240851095,25047,25047.0,0.925987390537659,5,2023,2878,-0.3470494843400458,2878,1.0292759124826922,2878,-1.805598772842053,2023,1.6010780676569911,2878,2.3494208712248787,2878,-1.1655795102506386,2878,-0.010691921796465585,2878,2.920544935149724,2878,1.426355652194162
volume_z,2,TOP,0.22721824429299783,-0.2680576663501195,0.49527591064311743,1,0.49527591064311743,0.22721824429299783,199.05178732602286,25047,12523.5,1.778702115119841,6,2023,2878,1.3342249963717177,2878,0.8672607073821859,2878,-4.8989718262025255,2023,1.2609392531707404,2878,2.436037357846542,2878,1.6083212480458333,2878,-0.2448987628449897,2878,2.767280427794171,2878,-0.4433358170514621
volume_z,4,TOP,1.483053784963261,-0.5344486231222818,2.0175024080855426,1,2.0175024080855426,1.483053784963261,260.8287851071995,25047,6261.75,3.2961552300512955,6,2023,2878,1.214027643145757,2878,2.6002181221279694,2878,-5.411779552550809,2023,7.4966010029851775,2878,9.005372841825416,2878,3.2745483174876258,2878,-1.8769352592302753,2878,5.56783826035918,2878,-2.0807924371139235
volume_z,8,TOP,4.62781760842361,-1.0551822301141607,5.6829998385377705,1,5.6829998385377705,4.62781760842361,342.9429474516581,25047,3130.875,6.128991396581643,8,2023,2878,0.7539295372757044,2878,1.343612944618517,2878,-1.380571623498428,2023,17.23818891402756,2878,2.0190139170456387,2878,6.265021344831409,2878,3.1120819000717286,2878,16.590478634202142,2878,8.645767913751431
volume_z,12,TOP,7.897767745812836,-1.5742354836526178,9.472003229465454,1,9.472003229465454,7.897767745812836,411.3875157128137,25047,2087.25,9.00458855053134,7,2023,2878,-0.22248739093537234,2878,4.893003056692174,2878,-7.8052177006722925,2023,21.271534138327524,2878,7.356475754135873,2878,9.12305698729139,2878,13.453923359083964,2878,22.742795114858218,2878,17.951913062111377
volume_z,24,TOP,10.461320396405469,-3.276977150790838,13.738297547196305,1,13.738297547196305,10.461320396405469,546.3794125038521,25047,1043.625,16.91305611512845,8,2023,2878,3.795363399486883,2878,11.620825457957537,2878,-0.9005880022585417,2023,9.446442952317915,2878,22.071694767335128,2878,3.844819483593129,2878,24.671530909864586,2878,30.729903520007404,2878,17.112899016837336
volume_z,1,BOT,-0.289953875216642,-0.13551681036118216,-0.15443706485545985,-1,0.15443706485545985,0.289953875216642,62.087747736749094,25047,25047.0,0.39230879816520325,6,2023,2878,-0.290549703557953,2878,1.0513088049065127,2878,0.9677401772119172,2023,-1.0183982020169047,2878,-0.6510324144614874,2878,-1.3128630458268873,2878,0.3559893495733891,2878,-0.4293309796949556,2878,-0.3185100638587248
volume_z,2,BOT,-1.5752382180105824,-0.2680576663501195,-1.3071805516604629,-1,1.3071805516604629,1.5752382180105824,89.73515743262911,25047,12523.5,0.8018622513778481,8,2023,2878,-0.9054055099236261,2878,-0.07446978134943202,2878,0.6782513845885959,2023,-0.6886129202227196,2878,-2.2769431680954106,2878,-3.9243937779455607,2878,-1.2600222010251296,2878,-1.7391933011033636,2878,-1.388160687169024
volume_z,4,BOT,-4.414810437989211,-0.5344486231222818,-3.880361814866929,-1,3.880361814866929,4.414810437989211,133.4904640849441,25047,6261.75,1.6869506606593399,9,2023,2878,-1.4860893143027119,2878,-2.4054278991558258,2878,-3.0244150625233046,2023,-2.73983886373702,2878,-3.682259380178206,2878,-6.198196486682217,2878,-7.021897670316403,2878,-2.5915212134805836,2878,-5.4309428975987455
volume_z,8,BOT,-2.8663885697444815,-1.0551822301141607,-1.8112063396303208,-1,1.8112063396303208,2.8663885697444815,193.54929183755414,25047,3130.875,3.4590649940513996,6,2023,2878,-3.3017458105966386,2878,-0.9980526538137371,2878,-1.4251250133584454,2023,2.858351820933971,2878,-5.051288174530043,2878,-5.494452031789342,2878,-5.7415392622990415,2878,2.973802337190362,2878,1.274124439048935
volume_z,12,BOT,-1.835920416053385,-1.5742354836526178,-0.26168493240076734,-1,0.26168493240076734,1.835920416053385,244.62881641109317,25047,2087.25,5.354517955092994,5,2023,2878,-2.251182807324348,2878,-2.0997073183951196,2878,-4.1085717784346745,2023,3.948640990438148,2878,-8.825824213137757,2878,-2.5565868632708373,2878,1.4830562128885971,2878,9.557932578193622,2878,3.7594351908772974
volume_z,24,BOT,-15.157446364798245,-3.276977150790838,-11.880469214007407,-1,11.880469214007407,15.157446364798245,368.32547124656554,25047,1043.625,11.40143501248846,8,2023,2878,-11.986445661459559,2878,-18.845354899659615,2878,-16.072965850255905,2023,-0.21502547929552923,2878,-17.90421143637821,2878,-15.457285916394529,2878,-14.57443584590169,2878,3.14065295181503,2878,-11.520322172790387
range_pos,1,TOP,-0.1293883293626403,-0.13551681036118216,0.006128480998541865,1,0.006128480998541865,-0.1293883293626403,100.35088817433488,25182,25182.0,0.6323770653768399,4,2038,2893,0.273179020503228,2893,-0.14436376553174152,2893,-0.7545303594081242,2038,-1.5462752062204848,2893,2.617538644183059,2893,0.47930720367391544,2893,0.7086087010798383,2893,-0.4178792134770154,2893,-1.6191465387573876
range_pos,2,TOP,0.27778953304601556,-0.2680576663501195,0.545847199396135,1,0.545847199396135,0.27778953304601556,137.50618990453472,25182,12591.0,1.2254402382266594,5,2038,2893,0.7849471212143536,2893,0.07156805485872403,2893,-4.063031662933501,2038,-2.1657925678725225,2893,4.7342088561057345,2893,4.056676285937069,2893,-0.5574151805770222,2893,3.0061981890828213,2893,-1.7559727099956735
range_pos,4,TOP,0.7824225066217938,-0.5344486231222818,1.3168711297440756,1,1.3168711297440756,0.7824225066217938,190.99157509983488,25182,6295.5,2.4071275096940004,5,2038,2893,0.7133746248593732,2893,1.6472041215274442,2893,-6.039563964819424,2038,-2.5367619961850987,2893,8.474025713541586,2893,7.553448221173273,2893,-0.5631897926686668,2893,6.703392570275752,2893,-5.238669704600432
range_pos,8,TOP,0.46270783099596446,-1.0551822301141607,1.5178900611101251,1,1.5178900611101251,0.46270783099596446,262.9180717555338,25182,3147.75,4.686194631818099,4,2038,2893,-0.3169218245315845,2893,-1.4030873472724317,2893,-10.926547477013917,2038,-3.1733496747249683,2893,13.8803309246478,2893,12.794252041838856,2893,4.870310551952977,2893,4.935029524082707,2893,-8.384806246323462
range_pos,12,TOP,-0.06938597347035458,-1.5742354836526178,1.5048495101822632,1,1.5048495101822632,-0.06938597347035458,309.0265189544903,25182,2098.5,6.745921187267347,4,2038,2893,-0.4317804616288845,2893,-0.03905333418427156,2893,-16.270221428372498,2038,-1.6047560354241797,2893,14.116863486661881,2893,12.382441688206784,2893,2.9315390066172498,2893,7.410629081845018,2893,-5.870051592667347
range_pos,24,TOP,-8.18949905496359,-3.276977150790838,-4.912521904172753,-1,4.912521904172753,8.18949905496359,442.6806374882299,25182,1049.25,13.666302759858736,6,2038,2893,-6.622963113940788,2893,-14.617284099012984,2893,-24.646017634934683,2038,-19.981295997638572,2893,13.215473726590014,2893,7.471526290942926,2893,-1.4660364826093357,2893,6.9676772238193685,2893,-8.985243125957739
range_pos,1,BOT,0.6241946769133847,-0.13551681036118216,0.7597114872745668,1,0.7597114872745668,0.6241946769133847,118.23410301762347,25182,25182.0,0.745070984960849,7,2038,2893,0.3232192248709194,2893,-1.0965721892920852,2893,-1.2259420337725642,2038,1.5244139738321463,2893,1.4051653716948993,2893,3.1715868455615563,2893,1.3243963374437429,2893,0.31900747665532486,2893,1.3182103207339815
range_pos,2,BOT,2.1713013244614383,-0.2680576663501195,2.439358990811558,1,2.439358990811558,2.1713013244614383,156.68313274005274,25182,12591.0,1.3963430711328109,7,2038,2893,2.0761095919466244,2893,-2.3847442552549047,2893,-0.932701999023829,2038,3.4338158381206827,2893,5.595242468123129,2893,5.49326620135472,2893,1.8628229176439788,2893,3.708153121159157,2893,3.3963319792987723
range_pos,4,BOT,3.4814304827994262,-0.5344486231222818,4.015879105921708,1,4.015879105921708,3.4814304827994262,204.7171593304095,25182,6295.5,2.580115409138089,8,2038,2893,1.4046781625860696,2893,-4.093943581396568,2893,5.63549418228771,2038,7.674067333448631,2893,7.841524443844937,2893,6.9552445130309355,2893,1.7381047295239085,2893,5.460759016887974,2893,4.608453679700433
range_pos,8,BOT,1.3062388863162788,-1.0551822301141607,2.3614211164304395,1,2.3614211164304395,1.3062388863162788,281.8905557315995,25182,3147.75,5.02435606730726,7,2038,2893,0.8803234898097472,2893,-4.95773253792942,2893,1.2216926575802234,2038,6.523111339591542,2893,3.546868346423933,2893,9.540219003120404,2893,-2.5006307294591776,2893,4.928511530073876,2893,3.301030298545697
range_pos,12,BOT,0.6794416025737198,-1.5742354836526178,2.2536770862263373,1,2.2536770862263373,0.6794416025737198,348.9659238253797,25182,2098.5,7.617781888533115,5,2038,2893,-1.9355486095571663,2893,-7.181989172146837,2893,-1.262577659502111,2038,3.816596974622924,2893,3.8155890714306144,2893,8.952253982795689,2893,-1.1809719435837656,2893,9.68746301786027,2893,6.035165590313586
range_pos,24,BOT,9.619475599936408,-3.276977150790838,12.896452750727244,1,12.896452750727244,9.619475599936408,490.1348391250882,25182,1049.25,15.131294521134794,8,2038,2893,3.781516327888112,2893,7.250856714757837,2893,12.10096474037741,2038,4.092124433675941,2893,22.978295278457093,2893,31.414199572962428,2893,-5.0522661716244475,2893,21.018877861453884,2893,15.88344024792925
cs_mom_rank,1,TOP,0.3720933159571147,-0.13551681036118216,0.5076101263182969,1,0.5076101263182969,0.3720933159571147,105.57042053777562,35315,35315.0,0.561775307680473,6,2471,3332,-0.40375151081230903,4277,0.5648920017522521,4523,-0.019295270066424945,2471,1.4725765374880273,4285,1.7669253360937727,4697,1.3588111619637464,3451,0.5151879494613256,4318,-2.0518460296484684,3961,1.7021798223711326
cs_mom_rank,2,TOP,0.7583207166728996,-0.2680576663501195,1.026378383023019,1,1.026378383023019,0.7583207166728996,149.51513310302892,35315,17657.5,1.1251762182516176,6,2471,3332,-0.704851800391893,4277,1.0209784325811568,4523,-0.4133627106266184,2471,2.378668347330017,4285,4.778777311884964,4697,3.8983334876426303,3451,1.5074109414049104,4318,-4.167254837090271,3961,1.2241059829539298
cs_mom_rank,4,TOP,1.6830265253893217,-0.5344486231222818,2.2174751485116033,1,2.2174751485116033,1.6830265253893217,206.86686189189288,35315,8828.75,2.201614702228611,7,2471,3332,-1.1525778579791834,4277,0.5106133369122254,4523,0.6434818528222475,2471,3.613116494197282,4285,8.072817736591903,4697,9.632649303341504,3451,2.461111712181885,4318,-6.699360806655294,3961,2.520813842224107
cs_mom_rank,8,TOP,2.7175319035440184,-1.0551822301141607,3.772714133658179,1,3.772714133658179,2.7175319035440184,287.94988198414774,35315,4414.375,4.333933997619662,7,2471,3332,-0.7931453559398227,4277,0.5194522818333157,4523,1.8329385960464588,2471,1.7810322972286294,4285,14.5610887345804,4697,14.307765074829554,3451,2.04043335154061,4318,-8.370916197664842,3961,5.805113051292408
cs_mom_rank,12,TOP,2.084853345583886,-1.5742354836526178,3.6590888292365036,1,3.6590888292365036,2.084853345583886,346.1367623452488,35315,2942.9166666666665,6.380559234506299,5,2471,3332,1.5882183289985154,4277,-1.5696830501964552,4523,6.777558796068065,2471,-0.5262114732461239,4285,18.757723350908254,4697,15.538582446905153,3451,-1.8054952346938709,4318,-10.543609538122027,3961,0.8810873103788877
cs_mom_rank,24,TOP,0.31284316817096897,-3.276977150790838,3.5898203189618068,1,3.5898203189618068,0.31284316817096897,475.7256107682635,35315,1471.4583333333333,12.401737878815235,5,2471,3332,11.189451878510122,4277,-2.892820794690652,4523,13.815932971481104,2471,-9.391919299019664,4285,15.073501230047064,4697,17.11764732685125,3451,0.6424220736092113,4318,-3.8237757292270316,3961,-15.235251887704353
cs_mom_rank,1,BOT,0.23817313764258982,-0.13551681036118216,0.373689948003772,1,0.373689948003772,0.23817313764258982,99.14417483569103,37153,37153.0,0.5143636373094057,5,2282,3496,-1.0662757902656652,3523,1.1636369997952434,4909,1.1704689989035229,2282,-0.9630871257008156,4161,1.2321428797905745,5196,2.8586436966943127,4711,0.033887227937211106,5126,-0.644719664811661,3749,-1.4740328314346685
cs_mom_rank,2,BOT,-0.23070258164014046,-0.2680576663501195,0.037355084709979086,1,0.037355084709979086,-0.23070258164014046,138.12933832375015,37153,18576.5,1.0134538701117626,5,2282,3496,-1.9005215914803018,3523,1.1532260661556997,4909,0.6580965332049038,2282,-1.7902210261275986,4161,0.8583852129538804,5196,4.7971089480112505,4711,0.15206244792293291,5126,-1.2146450687947152,3749,-4.126995789434196
cs_mom_rank,4,BOT,-1.5630699457763104,-0.5344486231222818,-1.0286213226540288,-1,1.0286213226540288,1.5630699457763104,190.99695761211552,37153,9288.25,1.9817985271492098,6,2282,3496,-4.660592175672031,3523,2.715800562316901,4909,0.15785337798774016,2282,-5.523358654552044,4161,-0.33561589227296945,5196,7.6424154859692495,4711,-2.797714121519025,5126,-2.783789534649948,3749,-6.700869113691315
cs_mom_rank,8,BOT,-4.193071632966549,-1.0551822301141607,-3.137889402852389,-1,3.137889402852389,4.193071632966549,265.84010545691297,37153,4644.125,3.900933530496811,6,2282,3496,-9.306050232525195,3523,6.468572123901215,4909,-1.6299763133745016,2282,-11.862397271629952,4161,1.2570236012750762,5196,12.293142106959824,4711,-14.328676828232002,5126,-1.873794275098357,3749,-14.125466387590814
cs_mom_rank,12,BOT,-6.162009824306613,-1.5742354836526178,-4.587774340653994,-1,4.587774340653994,6.162009824306613,326.50669243309284,37153,3096.0833333333335,5.867941380875851,6,2282,3496,-14.154537411764712,3523,13.822401984820248,4909,-2.9037818183971127,2282,-20.938344864378838,4161,6.328234483851433,5196,21.012086115867337,4711,-27.202627353076682,5126,-4.415894876374451,3749,-20.312447318603688
cs_mom_rank,24,BOT,-14.025777728250246,-3.276977150790838,-10.748800577459408,-1,10.748800577459408,14.025777728250246,465.2687021038983,37153,1548.0416666666667,11.825309501945545,6,2282,3496,-17.267428949430656,3523,21.46507399014461,4909,-21.609192077436685,2282,-21.741369933625514,4161,4.812693857445318,5196,29.1398791204047,4711,-53.295564114414226,5126,-4.474944536019918,3749,-33.00704655406441
illiq,1,TOP,0.07518078596700144,-0.13551681036118216,0.2106975963281836,1,0.2106975963281836,0.07518078596700144,84.32688192691339,25149,25149.0,0.5317477754241006,5,2037,2889,-0.43163985075037214,2889,0.15017721684402166,2889,0.3190403591996803,2037,0.9448786289299905,2889,-0.33180352822014825,2889,2.5313154066032166,2889,-1.1096517559245318,2889,-0.2754761033598347,2889,0.31568094026872817
illiq,2,TOP,0.05239183555840088,-0.2680576663501195,0.3204495019085204,1,0.3204495019085204,0.05239183555840088,118.06029598514449,25149,12574.5,1.0528306147335407,4,2037,2889,-1.0522482522326546,2889,0.2520774231724008,2889,-0.026265026888940963,2037,1.917812472171428,2889,-1.1308792222391189,2889,4.797957958880744,2889,-2.0997148250708273,2889,-0.1506683659016476,2889,0.8465026369384218
illiq,4,TOP,0.05066513131420117,-0.5344486231222818,0.585113754436483,1,0.585113754436483,0.05066513131420117,165.74678959079984,25149,6287.25,2.0903295517313643,4,2037,2889,-2.622193800881361,2889,-0.7968779393419125,2889,-2.4364598748628823,2037,3.550691926488979,2889,-1.9370778992517637,2889,9.830061395313486,2889,-4.276041631216256,2889,0.8661466349943407,2889,3.9612496145709524
illiq,8,TOP,0.8372553242758589,-1.0551822301141607,1.8924375543900196,1,1.8924375543900196,0.8372553242758589,233.17168404636652,25149,3143.625,4.158727291076435,5,2037,2889,-7.635714925518237,2889,-2.568872523087763,2889,0.5666680059851837,2037,6.111870395044152,2889,-1.7356875570811123,2889,19.104549682124496,2889,-8.636318469018379,2889,3.892850255291143,2889,9.174730638443974
illiq,12,TOP,-0.8528240076210676,-1.5742354836526178,0.7214114760315501,1,0.7214114760315501,-0.8528240076210676,285.7265796455622,25149,2095.75,6.241384024349248,5,2037,2889,-13.032011060501336,2889,-8.354335000528263,2889,0.2803451235620061,2037,8.576882498340206,2889,-3.6903357537577604,2889,22.27707676203237,2889,-13.925929623228573,2889,6.109918277670126,2889,10.564426835855372
illiq,24,TOP,-6.2294058446930665,-3.276977150790838,-2.9524286939022284,-1,2.9524286939022284,6.2294058446930665,396.9856872989975,25149,1047.875,12.263660228688131,5,2037,2889,-22.5004633278262,2889,-9.399359438244016,2889,-11.66044609946155,2037,11.323835960580933,2889,-8.918511776873544,2889,16.41164195282736,2889,-31.908559444096046,2889,14.141707625369422,2889,20.141819659851173
illiq,1,BOT,-1.0041417358599227,-0.13551681036118216,-0.8686249254987407,-1,0.8686249254987407,1.0041417358599227,115.41989741128049,25149,25149.0,0.7278138629781158,6,2037,2889,-0.46802044603559007,2889,-0.6618515270074871,2889,0.01860702200799369,2037,-1.4683434096693007,2889,0.9467130544077307,2889,-1.5854817397817782,2889,-0.7930476273942328,2889,-4.179359316198728,2889,0.19601998712786992
illiq,2,BOT,-2.0238217359588853,-0.2680576663501195,-1.7557640696087655,-1,1.7557640696087655,2.0238217359588853,159.01375190556834,25149,12574.5,1.4180427447928132,6,2037,2889,-1.1477739549946098,2889,-2.57094748188508,2889,0.1907840306406818,2037,-2.8253013750582348,2889,2.1120449951639664,2889,-2.340889460662762,2889,-1.6431795330849752,2889,-8.200489312680682,2889,0.3079045625829525
illiq,4,BOT,-3.827076341408359,-0.5344486231222818,-3.2926277182860773,-1,3.2926277182860773,3.827076341408359,218.78887786996717,25149,6287.25,2.7592743010638827,6,2037,2889,-2.410226838080588,2889,-5.46807538883862,2889,0.9208617329900193,2037,-4.70480185052358,2889,5.60795140556011,2889,-6.507200257448351,2889,-2.035546782692902,2889,-15.876605256523769,2889,0.4224178830693109
illiq,8,BOT,-7.467617033529955,-1.0551822301141607,-6.4124348034157945,-1,6.4124348034157945,7.467617033529955,301.11657261127436,25149,3143.625,5.370556521197881,6,2037,2889,-6.839782049942501,2889,-11.506076290428945,2889,-3.0544556317874543,2037,-10.054792542861218,2889,10.083928897088025,2889,-15.448406820304488,2889,1.2739466494070804,2889,-23.959714827621667,2889,0.7170426047703691
illiq,12,BOT,-12.156010484503147,-1.5742354836526178,-10.58177500085053,-1,10.58177500085053,12.156010484503147,358.13622753630324,25149,2095.75,7.823093433794611,6,2037,2889,-10.93726711280114,2889,-18.3923880309172,2889,-11.250449746297942,2037,-18.192310521273605,2889,16.489302235960015,2889,-26.629317083315904,2889,2.2339129972318807,2889,-33.239174695419955,2889,2.433944914229404
illiq,24,BOT,-28.35324619683306,-3.276977150790838,-25.07626904604222,-1,25.07626904604222,28.35324619683306,491.6622054278525,25149,1047.875,15.188402069803981,8,2037,2889,-20.483347892314022,2889,-20.842377559560582,2889,-49.582521390663864,2037,-34.20477931902639,2889,34.01194740389935,2889,-47.5093637310746,2889,-0.3569030434782635,2889,-81.39184163113818,2889,-8.02605365535502
