variable,h,tail,mu_cell_bps,mu_uncond_bps,excess_bps,d,d_excess_bps,d_mu_cell_bps,sd_bucket_bps,n_bucket,n_eff,se_mu_cell_bps,breadth_count,min_per_instrument_n,n_BTC,excess_BTC_bps,n_ETH,excess_ETH_bps,n_SOL,excess_SOL_bps,n_BNB,excess_BNB_bps,n_XRP,excess_XRP_bps,n_ADA,excess_ADA_bps,n_AVAX,excess_AVAX_bps,n_DOT,excess_DOT_bps,n_LINK,excess_LINK_bps,G1_pooled_ok,G1_per_instrument_ok,G1,G2a_d_excess_ge_2rt,G2b_d_mu_cell_ge_rt,G2,G3,G4,g5_fired_dates,G5,PASS,status
mom_24,1,TOP,-0.5726771570302478,-0.1325408559889374,-0.44013630104131035,-1,0.44013630104131035,0.5726771570302478,118.47401885025444,25173,25173.0,0.7467163021315419,6,2037,2892,0.31380855362974663,2892,-0.23230838927601768,2892,0.4879491539490424,2037,-1.3193461507489572,2892,0.6756189230296846,2892,-1.1712941491074018,2892,-0.20711664215794418,2892,-1.3794314159209278,2892,-1.3888997527981788,True,True,True,False,False,False,True,False,95,True,False,FAIL
mom_24,2,TOP,-0.7395790191287771,-0.26592632280792466,-0.47365269632085244,-1,0.47365269632085244,0.7395790191287771,163.63368800774177,25173,12586.5,1.4585463293664798,6,2037,2892,-0.21074162028882107,2892,-0.08730088163173226,2892,1.7502431161444096,2037,-3.1966391085414507,2892,3.2142759531465726,2892,-2.5445947518045715,2892,0.16976935027093262,2892,-1.461227548154523,2892,-2.7014116102691577,True,True,True,False,False,False,True,False,95,True,False,FAIL
mom_24,4,TOP,-2.081794422199259,-0.5284210259492885,-1.5533733962499707,-1,1.5533733962499707,2.081794422199259,225.9110686109575,25173,6293.25,2.847737915888163,7,2037,2892,-1.7087452371645138,2892,-0.47445514200643957,2892,0.7655389012102451,2037,-7.982223566355839,2892,7.481375799609972,2892,-4.677041753679188,2892,-0.5935037021696037,2892,-3.4566738091931417,2892,-5.234717752283624,True,True,True,False,False,False,True,False,95,True,False,FAIL
mom_24,8,TOP,-6.185942925348251,-1.0486265932916095,-5.137316332056641,-1,5.137316332056641,6.185942925348251,307.95992428316947,25173,3146.625,5.489991976883694,8,2037,2892,-3.8876337374892285,2892,-7.1399586125398224,2892,-6.263983631275928,2037,-17.546933183399748,2892,13.478295420957702,2892,-10.093884032244,2892,-0.3483748396470107,2892,-7.577619176662517,2892,-10.523450907325785,True,True,True,False,False,False,True,False,95,True,False,FAIL
mom_24,12,TOP,-11.139917152036002,-1.5724747816474833,-9.56744237038852,-1,9.56744237038852,11.139917152036002,372.3711806722372,25173,2097.75,8.130161954264347,8,2037,2892,-11.082269371249248,2892,-14.27534732381163,2892,-14.116244674553839,2037,-22.054281240980632,2892,16.33265511826692,2892,-14.106552802851423,2892,-3.4202448371134726,2892,-12.302745944541845,2892,-14.771915605128795,True,True,True,False,False,False,True,False,95,True,False,FAIL
mom_24,24,TOP,-9.66891770675498,-3.2924134055815193,-6.376504301173461,-1,6.376504301173461,9.66891770675498,517.3508465163734,25173,1048.875,15.974353727604088,6,2037,2892,-13.491558349482862,2892,-14.466795651819265,2892,-5.824377565241575,2037,-32.87654292891048,2892,8.211846019292953,2892,-11.540490402788192,2892,6.142400083034953,2892,6.799400699951931,2892,-8.173585010889921,True,True,True,False,False,False,True,False,95,True,False,FAIL
mom_24,1,BOT,2.775564842813928,-0.1325408559889374,2.9081056988028653,1,2.9081056988028653,2.775564842813928,146.12566492350436,25173,25173.0,0.9209986899837289,8,2037,2892,0.501549265001113,2892,-0.21092301226244528,2892,1.3047866937204142,2037,2.995752124630837,2892,5.5480314170483105,2892,6.95887868541082,2892,0.955421305466702,2892,4.039920265624206,2892,4.105585822863362,True,True,True,False,False,False,True,False,72,True,False,FAIL
mom_24,2,BOT,4.8390341149781335,-0.26592632280792466,5.104960437786058,1,5.104960437786058,4.8390341149781335,203.5250460802248,25173,12586.5,1.814117328214292,8,2037,2892,1.7355428408386713,2892,-1.764025837067306,2892,1.5525207448542608,2037,3.710550336182597,2892,9.21439693806527,2892,11.929943843019501,2892,4.573953374933531,2892,8.547368424297561,2892,6.032424930881848,True,True,True,False,False,False,True,False,72,True,False,FAIL
mom_24,4,BOT,8.351088926643403,-0.5284210259492885,8.879509952592691,1,8.879509952592691,8.351088926643403,280.7255608557566,25173,6293.25,3.5387058656458086,7,2037,2892,4.439629967936178,2892,-0.4901854277553185,2892,-0.37845735682200005,2037,6.323193216355941,2892,14.520791021003358,2892,20.31580033593931,2892,10.171878320925352,2892,14.64911196932365,2892,9.608629827173038,True,True,True,False,False,False,True,False,72,True,False,FAIL
mom_24,8,BOT,16.13489070500213,-1.0486265932916095,17.18351729829374,1,17.18351729829374,16.13489070500213,377.2550544544317,25173,3146.625,6.725314103822311,9,2037,2892,11.042486274498227,2892,2.5042492288968905,2892,0.7878937405105237,2037,11.948365361255153,2892,24.350546286563173,2892,40.651843582014166,2892,15.713263907855866,2892,26.484358911408044,2892,19.622034112658643,True,True,True,False,False,False,True,False,72,True,False,FAIL
mom_24,12,BOT,16.202088376388897,-1.5724747816474833,17.77456315803638,1,17.77456315803638,16.202088376388897,458.90425510345034,25173,2097.75,10.019480854443744,8,2037,2892,13.772574777847877,2892,0.5816591088023463,2892,-3.3592320144466457,2037,15.815114906703165,2892,30.359536384684365,2892,47.04671144960767,2892,14.605718671239993,2892,22.121821281927062,2892,18.449549468582244,True,True,True,False,False,False,True,False,72,True,False,FAIL
mom_24,24,BOT,15.898781934005177,-3.2924134055815193,19.191195339586695,1,19.191195339586695,15.898781934005177,622.5631936104155,25173,1048.875,19.22301807271693,7,2037,2892,10.539394340154038,2892,-4.02541509593045,2892,-21.80022207610258,2037,23.00866253941117,2892,45.71339066866016,2892,65.08387007482993,2892,2.97240595252269,2892,23.64914352848389,2892,28.711526757892685,True,True,True,False,False,False,True,False,72,True,False,FAIL
vol_ratio,1,TOP,1.5301704893344017,-0.1325408559889374,1.662711345323339,1,1.662711345323339,1.5301704893344017,143.76055278092738,25047,25047.0,0.9083681038677649,9,2023,2878,0.16003018927929152,2878,1.4796125627544208,2878,1.119622415652036,2023,0.24068707008773785,2878,0.27822200963296373,2878,1.8552469942457896,2878,4.8708989682537,2878,0.8161283230744139,2878,3.7224526587011466,True,True,True,False,False,False,True,False,75,True,False,FAIL
vol_ratio,2,TOP,2.300144286352811,-0.26592632280792466,2.5660706091607364,1,2.5660706091607364,2.300144286352811,197.09543659212517,25047,12523.5,1.7612204072937228,8,2023,2878,-0.4242870548779963,2878,1.4451993374467191,2878,2.468375297624919,2023,0.5099775655268868,2878,0.49302560038983245,2878,3.2740562491693166,2878,8.410274839418415,2878,0.1897700260779998,2878,6.119335717163163,True,True,True,False,False,False,True,False,75,True,False,FAIL
vol_ratio,4,TOP,3.5482529840411927,-0.5284210259492885,4.076674009990481,1,4.076674009990481,3.5482529840411927,268.8071813118414,25047,6261.75,3.396980115489241,6,2023,2878,-1.6368671413797014,2878,-0.47976526521827456,2878,5.1567424350315,2023,0.7727622710076502,2878,-1.30439085038996,2878,4.827237612620485,2878,16.859995903987656,2878,0.7811441112506203,2878,10.735520794088952,True,True,True,False,False,False,True,False,75,True,False,FAIL
vol_ratio,8,TOP,3.115217850111902,-1.0486265932916095,4.163844443403511,1,4.163844443403511,3.115217850111902,363.25312270414025,25047,3130.875,6.491969817075553,5,2023,2878,-2.5668038793341954,2878,-5.887932467705029,2878,5.274634982779501,2023,2.297711260258708,2878,-11.693224383198492,2878,3.7723521257926937,2878,26.31344068610966,2878,-3.4650085816787404,2878,22.882745028461397,True,True,True,False,False,False,True,False,75,True,False,FAIL
vol_ratio,12,TOP,3.4300425277190967,-1.5724747816474833,5.0025173093665805,1,5.0025173093665805,3.4300425277190967,438.0627766310411,25047,2087.25,9.58846564906339,5,2023,2878,-3.1359192069272335,2878,-9.642277531913978,2878,3.3783883311896012,2023,6.15329741984419,2878,-19.152538904077257,2878,2.6540508395815463,2878,38.48103548968464,2878,-9.4864670092627,2878,36.12651855891926,True,True,True,False,False,False,True,False,75,True,False,FAIL
vol_ratio,24,TOP,-4.221996252773874,-3.2924134055815193,-0.9295828471923546,-1,0.9295828471923546,4.221996252773874,613.6645625633828,25047,1043.625,18.995853330083285,6,2023,2878,-10.521191414529989,2878,-24.938545460745747,2878,-10.262991996377684,2023,9.729444362866026,2878,-46.14996419852151,2878,-15.377244291069555,2878,63.51317957727158,2878,-8.075834599547377,2878,36.90678187738401,True,True,True,False,False,False,True,False,75,True,False,FAIL
vol_ratio,1,BOT,-1.7926425575795772,-0.1325408559889374,-1.6601017015906399,-1,1.6601017015906399,1.7926425575795772,69.20397269526846,25047,25047.0,0.43727350960532435,8,2023,2878,-1.037415383688539,2878,-2.605553548189213,2878,-2.9062862171358197,2023,-0.6433035809678771,2878,-2.4066320722214445,2878,-4.218927589795579,2878,-0.9336498276112378,2878,-0.3604833166019363,2878,0.47436384925972724,True,True,True,False,False,False,True,False,60,True,False,FAIL
vol_ratio,2,BOT,-3.806631221136688,-0.26592632280792466,-3.5407048983287632,-1,3.5407048983287632,3.806631221136688,97.78862938877572,25047,12523.5,0.8738270791992336,8,2023,2878,-2.545246376016211,2878,-5.374391946727965,2878,-6.118148878591662,2023,-1.8430337010712408,2878,-4.534877363378367,2878,-8.678051670072215,2878,-1.8352884215683933,2878,-0.7131936754783442,2878,0.28215322827559314,True,True,True,False,False,False,True,False,60,True,False,FAIL
vol_ratio,4,BOT,-7.386664003686423,-0.5284210259492885,-6.8582429777371345,-1,6.8582429777371345,7.386664003686423,138.17091921660153,25047,6261.75,1.7460986824349747,8,2023,2878,-4.673966075504682,2878,-8.886150463885347,2878,-11.436090548405092,2023,-4.030052195537205,2878,-9.823177231503074,2878,-16.59476797321576,2878,-3.0075847199003563,2878,-2.464756872002822,2878,0.03640608976165358,True,True,True,False,False,False,True,False,60,True,False,FAIL
vol_ratio,8,BOT,-13.612562842994624,-1.0486265932916095,-12.563936249703014,-1,12.563936249703014,13.612562842994624,201.09563455257526,25047,3130.875,3.593931361532366,8,2023,2878,-9.954376851557612,2878,-13.45392381614007,2878,-26.547924026937697,2023,-7.453630301527562,2878,-18.47525386059189,2878,-34.29550757087083,2878,-0.9652157237952396,2878,-2.85156503082052,2878,2.4478553673591543,True,True,True,False,False,False,True,False,60,True,False,FAIL
vol_ratio,12,BOT,-21.424605138107665,-1.5724747816474833,-19.852130356460183,-1,19.852130356460183,21.424605138107665,248.72296842308646,25047,2087.25,5.444132133752381,9,2023,2878,-13.249085350064822,2878,-20.4467749873439,2878,-44.32041507447318,2023,-10.622497708603227,2878,-28.44685234842489,2878,-45.99986062433806,2878,-0.7157020507846383,2878,-8.92043273180444,2878,-3.194044063040538,True,True,True,False,True,False,True,False,60,True,False,FAIL
vol_ratio,24,BOT,-39.80998526789833,-3.2924134055815193,-36.51757186231681,-1,36.51757186231681,39.80998526789833,358.3137064890892,25047,1043.625,11.091523007607659,9,2023,2878,-19.299725247799042,2878,-31.946682215910844,2878,-61.70918626384163,2023,-22.071745469454562,2878,-43.32020506812,2878,-75.81899079971986,2878,-25.45051475727203,2878,-25.706284970162088,2878,-19.0199452385706,True,True,True,True,True,True,True,False,60,True,False,FAIL
volume_z,1,TOP,-0.2716671925086821,-0.1325408559889374,-0.13912633651974474,-1,0.13912633651974474,0.2716671925086821,136.5303009676479,25047,25047.0,0.8626829002213687,6,2023,2878,1.6812744807117634,2878,-0.1620152051005062,2878,-3.093373053360474,2023,-0.34013881448625055,2878,0.08661648662166248,2878,2.7739007582964716,2878,-0.23420684104852407,2878,-0.15326450735555347,2878,-1.8696914692456237,True,True,True,False,False,False,True,False,147,True,False,FAIL
volume_z,2,TOP,0.47295617697055553,-0.26592632280792466,0.7388824997784803,1,0.7388824997784803,0.47295617697055553,184.85543119981028,25047,12523.5,1.6518452352701232,6,2023,2878,2.0033105447625217,2878,1.5158562285461543,2878,-4.8599209601589415,2023,3.164927291085576,2878,4.918986991815175,2878,5.788247878768746,2878,-2.841923100721928,2878,0.8948424840749483,2878,-3.2117334009226006,True,True,True,False,False,False,True,False,147,True,False,FAIL
volume_z,4,TOP,1.3413585635426717,-0.5284210259492885,1.8697795894919602,1,1.8697795894919602,1.3413585635426717,249.64038091242904,25047,6261.75,3.1547647121781877,7,2023,2878,1.2538365275444694,2878,0.608340543255927,2878,-4.119316158572435,2023,8.597323993374482,2878,3.943201373519227,2878,4.060534076322974,2878,-0.510301637993615,2878,4.557271523612543,2878,0.4395979420955926,True,True,True,False,False,False,True,False,147,True,False,FAIL
volume_z,8,TOP,3.517244005601838,-1.0486265932916095,4.565870598893447,1,4.565870598893447,3.517244005601838,333.7942157843133,25047,3130.875,5.965487530718666,7,2023,2878,0.9283750154141877,2878,0.7447949342455806,2878,-1.9575312420985045,2023,15.054067623834044,2878,-1.3227879224724348,2878,5.966931234214349,2878,1.3603138586308225,2878,15.193783444017983,2878,8.248443783800012,True,True,True,False,False,False,True,False,147,True,False,FAIL
volume_z,12,TOP,7.2840814759112495,-1.5724747816474833,8.856556257558733,1,8.856556257558733,7.2840814759112495,400.488586822384,25047,2087.25,8.766029122859425,7,2023,2878,-0.2515528951089956,2878,5.919451280988686,2878,-5.231308625944542,2023,17.38736718508048,2878,6.323720047472323,2878,11.184760913095133,2878,15.261554243124973,2878,16.802759625620226,2878,14.858155943302494,True,True,True,False,False,False,True,False,147,True,False,FAIL
volume_z,24,TOP,7.312060243402495,-3.2924134055815193,10.604473648984014,1,10.604473648984014,7.312060243402495,542.8024701988778,25047,1043.625,16.802332642500936,8,2023,2878,1.2734906551716625,2878,7.496078497999072,2878,-2.2107499733863274,2023,6.942045884396699,2878,17.06197334440204,2878,2.604840986814532,2878,23.996959525628338,2878,25.0964028896953,2878,12.11446395727952,True,True,True,False,False,False,True,False,147,True,False,FAIL
volume_z,1,BOT,-1.2852843427939404,-0.1325408559889374,-1.1527434868050028,-1,1.1527434868050028,1.2852843427939404,66.07108147975465,25047,25047.0,0.41747796487479655,8,2023,2878,-0.6148558063656732,2878,-1.1257785862559446,2878,-0.2894887926233212,2023,0.3297852817941851,2878,-1.6259107536339235,2878,-2.611530732118674,2878,-1.6160115505985186,2878,-1.3098623214084082,2878,-1.0696506233102987,True,True,True,False,False,False,True,False,145,True,False,FAIL
volume_z,2,BOT,-3.2274780844569206,-0.26592632280792466,-2.961551761648996,-1,2.961551761648996,3.2274780844569206,96.83499886274647,25047,12523.5,0.8653055549442776,9,2023,2878,-1.3795482125251453,2878,-2.3839980475927676,2878,-2.689637476790381,2023,-0.6539161769494263,2878,-1.4901616106988167,2878,-5.812723941474301,2878,-5.098249434606359,2878,-3.376440808846926,2878,-3.081815847909706,True,True,True,False,False,False,True,False,145,True,False,FAIL
volume_z,4,BOT,-4.620089445608209,-0.5284210259492885,-4.09166841965892,-1,4.09166841965892,4.620089445608209,140.20925228750207,25047,6261.75,1.7718575809763069,8,2023,2878,-2.0950579508329463,2878,-4.462739136403702,2878,-4.48080269219582,2023,0.2552434602575863,2878,-5.165152668996592,2878,-5.155318972002442,2878,-8.189253345257077,2878,-1.9408443501820503,2878,-4.295859664013421,True,True,True,False,False,False,True,False,145,True,False,FAIL
volume_z,8,BOT,-1.663136200542482,-1.0486265932916095,-0.6145096072508726,-1,0.6145096072508726,1.663136200542482,199.6228560940913,25047,3130.875,3.5676102297867094,6,2023,2878,-1.9979204179559749,2878,-1.3177393915762365,2878,-2.9846960366456288,2023,4.246485296247419,2878,-4.158892508835048,2878,-3.525796063892398,2878,-3.957902660549233,2878,5.38304187166609,2878,4.234652227859732,True,True,True,False,False,False,True,False,145,True,False,FAIL
volume_z,12,BOT,-2.1422850894167462,-1.5724747816474833,-0.5698103077692629,-1,0.5698103077692629,2.1422850894167462,249.5618146364407,25047,2087.25,5.462493082298276,5,2023,2878,-2.1079470111776364,2878,-2.460998543487052,2878,-7.617330396093235,2023,4.207917114066986,2878,-7.594443291862338,2878,-3.640736925391557,2878,0.29224034064982285,2878,10.483935185409537,2878,4.740001206431181,True,True,True,False,False,False,True,False,145,True,False,FAIL
volume_z,24,BOT,-14.800582736917793,-3.2924134055815193,-11.508169331336275,-1,11.508169331336275,14.800582736917793,373.0412136622373,25047,1043.625,11.54740979535088,7,2023,2878,-12.145275279889852,2878,-18.29323833251155,2878,-17.941268425687312,2023,1.0343831715682854,2878,-17.486501451009108,2878,-14.24956684957613,2878,-13.641323638935225,2878,2.526557809273504,2878,-9.627851349043658,True,True,True,False,False,False,True,False,145,True,False,FAIL
range_pos,1,TOP,0.4071778624086559,-0.1325408559889374,0.5397187183975932,1,0.5397187183975932,0.4071778624086559,95.07591790011638,25182,25182.0,0.5991360021172375,5,2038,2893,0.5117681007111256,2893,0.21593182039046552,2893,-3.308501303525376,2038,-0.6195173616520377,2893,2.116670211922676,2893,3.5773690822631536,2893,-1.2660238816568605,2893,3.424077402559837,2893,-0.1368261712382861,True,True,True,False,False,False,True,False,138,True,False,FAIL
range_pos,2,TOP,0.5620284089115951,-0.26592632280792466,0.8279547317195198,1,0.8279547317195198,0.5620284089115951,131.8151738651572,25182,12591.0,1.1747225210396126,5,2038,2893,0.16249946369703835,2893,0.9035535129194765,2893,-5.060522558043591,2038,-0.24451902914256152,2893,2.9907844512934023,2893,5.805681120129825,2893,-0.04848674501026326,2893,5.4090423522991635,2893,-2.783236949070569,True,True,True,False,False,False,True,False,138,True,False,FAIL
range_pos,4,TOP,1.3223591392603835,-0.5284210259492885,1.8507801652096723,1,1.8507801652096723,1.3223591392603835,187.306606594474,25182,6295.5,2.3606846807002424,6,2038,2893,0.09535589436806774,2893,1.3563308269792036,2893,-5.990832674369923,2038,-1.2349878002186008,2893,7.871230676529827,2893,10.264420223291804,2893,0.21882675657386924,2893,7.824388254343772,2893,-4.659355038701463,True,True,True,False,False,False,True,False,138,True,False,FAIL
range_pos,8,TOP,0.27668063243076907,-1.0486265932916095,1.3253072257223784,1,1.3253072257223784,0.27668063243076907,256.26125594845314,25182,3147.75,4.567544992058268,4,2038,2893,-1.3390847313091017,2893,-1.3954358854764843,2893,-12.398834745025601,2038,-1.7223491809868599,2893,11.362223585446445,2893,10.536500152774071,2893,4.029653609263415,2893,7.53752452205624,2893,-5.58248500446391,True,True,True,False,False,False,False,False,138,True,False,FAIL
range_pos,12,TOP,1.9987290064010013,-1.5724747816474833,3.5712037880484844,1,3.5712037880484844,1.9987290064010013,306.9643523630927,25182,2098.5,6.700904942876253,6,2038,2893,0.5723206405228908,2893,1.4558620936486553,2893,-13.579669529005454,2038,-0.11626939722212087,2893,14.715306584915382,2893,13.450346755194088,2893,4.859413307302021,2893,10.391772189497964,2893,-0.6970664679244458,True,True,True,False,False,False,True,False,138,True,False,FAIL
range_pos,24,TOP,-8.701081453836604,-3.2924134055815193,-5.408668048255084,-1,5.408668048255084,8.701081453836604,437.4747013247085,25182,1049.25,13.505586673058865,6,2038,2893,-7.875106514514483,2893,-14.310469398727797,2893,-25.31877086417016,2038,-18.29417316585884,2893,8.582610664287701,2893,7.145211518245301,2893,-2.6758538038867874,2893,7.968359570185051,2893,-7.7060378427284775,True,True,True,False,False,False,True,False,138,True,False,FAIL
range_pos,1,BOT,1.547106647548054,-0.1325408559889374,1.679647503536991,1,1.679647503536991,1.547106647548054,107.82910157132373,25182,25182.0,0.6795022152213936,8,2038,2893,1.7528903670757052,2893,-1.2881720659628195,2893,0.293240034748735,2038,1.9094018642885369,2893,4.19007709642823,2893,2.3216793557931634,2893,0.5384265802002356,2893,3.3891456445038326,2893,2.0781216585647915,True,True,True,False,False,False,True,False,130,True,False,FAIL
range_pos,2,BOT,2.103557161005335,-0.26592632280792466,2.3694834838132603,1,2.3694834838132603,2.103557161005335,146.86569278571005,25182,12591.0,1.308851111936079,8,2038,2893,1.716119307129454,2893,-3.172363259167814,2893,1.0711840057381872,2038,3.711025055718732,2893,6.261174900775771,2893,2.7229796691776547,2893,1.4074520323228357,2893,4.68765291731924,2893,3.316770170072026,True,True,True,False,False,False,True,False,130,True,False,FAIL
range_pos,4,BOT,3.0860365540892674,-0.5284210259492885,3.614457580038556,1,3.614457580038556,3.0860365540892674,198.261251290225,25182,6295.5,2.4987495487044047,8,2038,2893,0.913531813608089,2893,-2.3013443087952994,2893,7.4526273945390376,2038,6.127789102920063,2893,7.647037159814084,2893,5.798828811445185,2893,1.939239933539355,2893,4.147360092350797,2893,1.5481670960100578,True,True,True,False,False,False,True,False,130,True,False,FAIL
range_pos,8,BOT,-0.3493723012409466,-1.0486265932916095,0.6992542920506628,1,0.6992542920506628,-0.3493723012409466,281.6629544009907,25182,3147.75,5.020299350602427,4,2038,2893,-0.7485044182983367,2893,-5.528346142081933,2893,-0.404784041432715,2038,3.8555042573726617,2893,-0.3735635327981127,2893,6.684319548153179,2893,-3.0608917580362665,2893,5.7699776116601305,2893,1.0330328454673166,True,True,True,False,False,False,False,False,130,True,False,FAIL
range_pos,12,BOT,-0.09563397065102616,-1.5724747816474833,1.4768408109964573,1,1.4768408109964573,-0.09563397065102616,343.7342038453355,25182,2098.5,7.5035756036529895,6,2038,2893,-2.203346323365218,2893,-4.724003868280297,2893,1.4859474497563179,2038,1.281448125617493,2893,1.1008972437486029,2893,8.21851458306212,2893,-5.052756715999726,2893,9.972600086393465,2893,3.1555016291464866,True,True,True,False,False,False,True,False,130,True,False,FAIL
range_pos,24,BOT,8.0865528379843,-3.2924134055815193,11.378966243565818,1,11.378966243565818,8.0865528379843,487.06482074895337,25182,1049.25,15.036517842297776,8,2038,2893,3.0413015772650285,2893,8.213023882483734,2893,12.197073109270447,2038,2.6374153693415736,2893,22.59764590359718,2893,28.040979538675643,2893,-10.65824680316754,2893,19.92927945670529,2893,13.830714974228885,True,True,True,False,False,False,True,False,130,True,False,FAIL
cs_mom_rank,1,TOP,0.3862274007157852,-0.1325408559889374,0.5187682567047226,1,0.5187682567047226,0.3862274007157852,104.79805594906873,35315,35315.0,0.5576652989085836,5,2471,3332,-0.30110028957958396,4277,0.4560864308289046,4523,-0.3940674405601933,2471,0.9060918098419899,4285,3.01185197579119,4697,2.539522325678884,3451,0.9922229919435847,4318,-2.1154088074418014,3961,-0.47807383941720294,True,True,True,False,False,False,True,False,151,True,False,FAIL
cs_mom_rank,2,TOP,0.9456782834017914,-0.26592632280792466,1.211604606209716,1,1.211604606209716,0.9456782834017914,147.00826206679866,35315,17657.5,1.1063107588586452,7,2471,3332,-0.6173210754961646,4277,0.23048692857917746,4523,1.068578778178672,2471,1.7198845735531554,4285,4.365848140956592,4697,5.653219051567561,3451,0.7197111466830829,4318,-2.9382565168694796,3961,0.08789961975837893,True,True,True,False,False,False,True,False,151,True,False,FAIL
cs_mom_rank,4,TOP,1.7245640038386794,-0.5284210259492885,2.252985029787968,1,2.252985029787968,1.7245640038386794,205.35508939303656,35315,8828.75,2.185525414029101,7,2471,3332,-0.28376241236341876,4277,0.029670255386861025,4523,1.5941855479084617,2471,2.402286886593931,4285,7.270257791875739,4697,10.17788594997673,3451,1.2061716805972709,4318,-4.897790455368903,3961,1.6473461481765899,True,True,True,False,False,False,True,False,151,True,False,FAIL
cs_mom_rank,8,TOP,2.438365216167157,-1.0486265932916095,3.486991809458767,1,3.486991809458767,2.438365216167157,285.5722563316641,35315,4414.375,4.298148351249858,6,2471,3332,-0.2936585554918865,4277,-0.6590709751995145,4523,2.6386682484564328,2471,0.503527485790929,4285,14.165622238695272,4697,13.882006807602052,3451,1.2820772265640388,4318,-5.518514837730316,3961,2.4735231049278124,True,True,True,False,False,False,True,False,151,True,False,FAIL
cs_mom_rank,12,TOP,1.3190933643959155,-1.5724747816474833,2.8915681460433986,1,2.8915681460433986,1.3190933643959155,343.29992657334265,35315,2942.9166666666665,6.328266035255884,4,2471,3332,2.6422350682427194,4277,-2.1899047455294287,4523,7.645483212098583,2471,-1.6937902585604918,4285,17.23966368240255,4697,13.526595353685863,3451,-3.049464160341797,4318,-8.49272008058082,3961,-3.5620700469143136,True,True,True,False,False,False,False,False,151,True,False,FAIL
cs_mom_rank,24,TOP,0.022564893756345086,-3.2924134055815193,3.314978299337864,1,3.314978299337864,0.022564893756345086,473.13722764703186,35315,1471.4583333333333,12.33426106387642,5,2471,3332,11.754960874711248,4277,-4.1895497952498895,4523,13.418400493537895,2471,-10.69063066172037,4285,13.323838848395365,4697,15.684089698424193,3451,1.118765389207775,4318,-1.494225293538719,3961,-14.85376604148854,True,True,True,False,False,False,True,False,151,True,False,FAIL
cs_mom_rank,1,BOT,-0.4688757192827302,-0.1325408559889374,-0.3363348632937928,-1,0.3363348632937928,0.4688757192827302,99.05000845011699,37153,37153.0,0.5138750986264582,7,2282,3496,-0.8342458012146363,3523,-0.01041093363954367,4909,-0.5123724656986188,2282,-0.8271339004267827,4161,-0.3737576668366946,5196,1.9384652513169378,4711,0.11817521998572181,5126,-0.5699254039830545,3749,-2.6529629579995273,True,True,True,False,False,False,True,False,151,True,False,FAIL
cs_mom_rank,2,BOT,-0.9468040191798355,-0.26592632280792466,-0.6808776963719109,-1,0.6808776963719109,0.9468040191798355,138.19186897974936,37153,18576.5,1.0139126570435766,7,2282,3496,-1.9859932161885132,3523,0.4892432658006823,4909,-1.2337091232412278,2282,-1.9618815298372876,4161,-0.910765838893294,5196,3.6091265837099105,4711,-1.1415719549514705,5126,-0.7393106109871467,3749,-3.371415539214134,True,True,True,False,False,False,True,False,151,True,False,FAIL
cs_mom_rank,4,BOT,-2.3882523252095536,-0.5284210259492885,-1.859831299260265,-1,1.859831299260265,2.3882523252095536,192.44491546241488,37153,9288.25,1.9968226446585844,7,2282,3496,-5.104446096816835,3523,2.3036608789225785,4909,-1.2454262103398441,2282,-5.813566077836824,4161,-1.5257844408449575,5196,6.405936467992854,4711,-4.639570504159769,5126,-3.1010249536279306,3749,-6.339102004798885,True,True,True,False,False,False,True,False,151,True,False,FAIL
cs_mom_rank,8,BOT,-4.750444178159344,-1.0486265932916095,-3.701817584867735,-1,3.701817584867735,4.750444178159344,266.39498462887116,37153,4644.125,3.909075818747659,6,2282,3496,-9.262342271342613,3523,5.693920659094003,4909,-3.1799318470114817,2282,-13.460755936928475,4161,1.7607951089135878,5196,11.02412234621335,4711,-15.950742679085185,5126,-1.1044584254388203,3749,-13.837333212437398,True,True,True,False,False,False,True,False,151,True,False,FAIL
cs_mom_rank,12,BOT,-6.728275819017983,-1.5724747816474833,-5.1558010373705,-1,5.1558010373705,6.728275819017983,327.468713518251,37153,3096.0833333333335,5.885230715109119,6,2282,3496,-14.286504350450512,3523,14.95242991285696,4909,-4.758160282173006,2282,-21.47523691792636,4161,5.534752295227041,5196,21.091395535672604,4711,-29.37828224390284,5126,-3.7641841285790063,3749,-21.51061965609982,True,True,True,False,False,False,True,False,151,True,False,FAIL
cs_mom_rank,24,BOT,-14.861386788659477,-3.2924134055815193,-11.568973383077958,-1,11.568973383077958,14.861386788659477,466.22869863243346,37153,1548.0416666666667,11.849708856596715,6,2282,3496,-14.88963911743873,3523,21.342393641907513,4909,-24.11076437856473,2282,-20.929967554545843,4161,3.9339076996564417,5196,23.31629234743101,4711,-53.29372226043534,5126,-3.7221328353405445,3749,-32.42910765654683,True,True,True,False,False,False,True,False,151,True,False,FAIL
illiq,1,TOP,-0.02278895040860052,-0.1325408559889374,0.10975190558033687,1,0.10975190558033687,-0.02278895040860052,84.29067525918238,25149,25149.0,0.5315194637092411,5,2037,2889,-0.6206084014822824,2889,0.10190020632837915,2889,-0.3453053860886212,2037,0.9729338432414377,2889,-0.7990756940189708,2889,2.2666425522775273,2889,-0.9900630691462957,2889,0.12480773745818687,2889,0.5308216966696938,True,True,True,False,False,False,True,False,19,False,False,TEST-ABSENT
illiq,2,TOP,-0.09842519484193168,-0.26592632280792466,0.16750112796599298,1,0.16750112796599298,-0.09842519484193168,118.28252049447264,25149,12574.5,1.054812354359149,4,2037,2889,-1.3291100852345852,2889,-0.33608696061010807,2889,-1.5969823774892564,2037,1.777682769007962,2889,-1.2927413345904397,2889,4.272903048633878,2889,-1.9229198792149098,2889,0.5924331280602622,2889,1.8166389646791363,True,True,True,False,False,False,False,False,19,False,False,TEST-ABSENT
illiq,4,TOP,0.20710003002164865,-0.5284210259492885,0.7355210559709372,1,0.7355210559709372,0.20710003002164865,166.01471002198628,25149,6287.25,2.0937084527417804,4,2037,2889,-3.0577564859704753,2889,-0.6330874760921062,2889,-2.923099565639141,2037,3.5094463348786413,2889,-1.3707388567002254,2889,9.489830467916557,2889,-4.8363973242264136,2889,2.2234626404710123,2889,5.034982360309599,True,True,True,False,False,False,False,False,19,False,False,TEST-ABSENT
illiq,8,TOP,0.6043094158444071,-1.0486265932916095,1.6529360091360166,1,1.6529360091360166,0.6043094158444071,234.30249366939947,25149,3143.625,4.178895815653304,5,2037,2889,-8.333915082366289,2889,-3.925079869809901,2889,0.23602302744232423,2037,5.662860644886009,2889,-1.804633716166118,2889,18.05455245723656,2889,-8.657497313420865,2889,5.3580287843795364,2889,9.466432249134225,True,True,True,False,False,False,True,False,19,False,False,TEST-ABSENT
illiq,12,TOP,-1.4512630942538933,-1.5724747816474833,0.12121168739358994,1,0.12121168739358994,-1.4512630942538933,285.37606034012845,25149,2095.75,6.233727314231926,4,2037,2889,-13.61003077845294,2889,-9.728179968878086,2889,-1.3397148489797082,2037,8.119452312899625,2889,-4.006682577487795,2889,19.619625670807736,2889,-14.069054816857086,2889,7.1250920387856365,2889,11.335834562888792,True,True,True,False,False,False,False,False,19,False,False,TEST-ABSENT
illiq,24,TOP,-6.814374631468577,-3.2924134055815193,-3.5219612258870576,-1,3.5219612258870576,6.814374631468577,396.29922783917056,25149,1047.875,12.242454160445813,5,2037,2889,-23.488900303539666,2889,-9.993210636834142,2889,-13.188321074195306,2037,9.820439564450366,2889,-8.719306754209034,2889,13.646706753812662,2889,-32.37803647986078,2889,15.407281033332204,2889,21.123801716058892,True,True,True,False,False,False,True,False,19,False,False,TEST-ABSENT
illiq,1,BOT,-1.019680000098962,-0.1325408559889374,-0.8871391441100246,-1,0.8871391441100246,1.019680000098962,115.21853399627332,25149,25149.0,0.7265441071714839,6,2037,2889,-0.6797535089590198,2889,-1.9090959548775934,2889,0.1721770086326881,2037,-1.3569579653889345,2889,1.1653319407562346,2889,-0.7554077208809834,2889,-0.8501319056907424,2889,-4.021129996481952,2889,0.11188457545508274,True,True,True,False,False,False,True,False,151,True,False,FAIL
illiq,2,BOT,-1.9962574340664028,-0.26592632280792466,-1.7303311112584778,-1,1.7303311112584778,1.9962574340664028,158.00793270231074,25149,12574.5,1.4090731141372224,7,2037,2889,-1.268240537984772,2889,-3.3562126611599363,2889,-0.17037826487972257,2037,-2.473692894040497,2889,2.99492649232274,2889,-2.7492006433250147,2889,-0.8669075788772382,2889,-8.129400125300048,2889,0.226345760915813,True,True,True,False,False,False,True,False,151,True,False,FAIL
illiq,4,BOT,-3.888168992613293,-0.5284210259492885,-3.3597479666640044,-1,3.3597479666640044,3.888168992613293,218.6021309312032,25149,6287.25,2.756919126367845,6,2037,2889,-3.0515756853198117,2889,-5.909455767506227,2889,0.07692494770502532,2037,-4.92738070149659,2889,5.271182258367519,2889,-7.437664025873303,2889,-0.7084753183475782,2889,-14.198514688798813,2889,0.18380346969668318,True,True,True,False,False,False,True,False,151,True,False,FAIL
illiq,8,BOT,-7.5031381551104674,-1.0486265932916095,-6.454511561818858,-1,6.454511561818858,7.5031381551104674,299.666628416259,25149,3143.625,5.344696080557288,6,2037,2889,-7.315447007052872,2889,-13.048790603493988,2889,-4.495942005758829,2037,-10.4165769211181,2889,10.619675077474152,2889,-16.674119733492617,2889,3.2109260492818494,2889,-21.847857192229966,2889,0.7068419849333956,True,True,True,False,False,False,True,False,151,True,False,FAIL
illiq,12,BOT,-12.77105364062437,-1.5724747816474833,-11.198578858976887,-1,11.198578858976887,12.77105364062437,356.8320201835047,25149,2095.75,7.794604453363413,6,2037,2889,-11.868945854438415,2889,-18.686361681060575,2889,-14.927798622244667,2037,-18.908490072068673,2889,16.73581382942327,2889,-28.075954727420648,2889,2.3312997648761162,2889,-30.6602790619365,2889,0.9964248030285723,True,True,True,False,False,False,True,False,151,True,False,FAIL
illiq,24,BOT,-29.046872540438603,-3.2924134055815193,-25.75445913485708,-1,25.75445913485708,29.046872540438603,490.5836528164053,25149,1047.875,15.155083481278671,8,2037,2889,-21.194670093381305,2889,-20.280770963486017,2889,-53.29286739106183,2037,-34.18945453133544,2889,33.68759580557301,2889,-47.95614424566346,2889,-0.20766513639489637,2889,-82.16408364920265,2889,-8.686376831794279,True,True,True,False,True,False,True,False,151,True,False,FAIL
