draw,M_bps
0,34.49345079461387
1,29.744777241686457
2,29.821267090907543
3,31.583338063152976
4,46.21085474382076
5,19.513439623094047
6,28.470059895586793
7,55.9032774927196
8,35.427649845133196
9,32.75061727097262
10,30.206238412503613
11,27.569854129686107
12,15.097105277397768
13,19.40774626320404
14,29.12437216818638
15,22.49508902909579
16,52.103610377276304
17,27.08254437359885
18,31.929513320211857
19,16.162425440698048
20,27.871341446363022
21,16.82989578805079
22,29.650446429182992
23,18.93557007491244
24,22.459098046297157
25,47.97869816430051
26,19.080441488155834
27,30.853422050704772
28,21.43981503818908
29,35.075057859941005
30,19.354304235971554
31,33.705518305956964
32,32.425281992817716
33,22.437501302323888
34,24.009696397518397
35,24.442423259567622
36,40.744298931131496
37,41.263676862675034
38,16.526478990154825
39,34.642959171887455
40,22.014568283938384
41,18.677652161001767
42,48.03026684495637
43,32.866948047191094
44,22.046596846698588
45,28.70826792337612
46,20.356146246925004
47,38.116864093100524
48,27.81589525391432
49,21.527725741596377
50,16.222664531219962
51,21.7158869795374
52,38.42653114360655
53,26.03963187121351
54,35.092032552610874
55,31.214804224846848
56,36.722722634068944
57,13.249602293434442
58,20.09410715223117
59,44.858066874957416
60,28.293175392115295
61,32.45886710621156
62,24.337711643932455
63,31.287632930462372
64,40.48708403722081
65,20.24692018394841
66,20.907676752356252
67,26.18569174733706
68,29.252424356705195
69,19.047865474898767
70,16.389102824754936
71,40.449310185270825
72,16.16338114148943
73,30.95341305276887
74,42.282446592512805
75,36.250025626684646
76,45.28979771129838
77,28.565367089358713
78,31.090527076780436
79,31.965265738914844
80,28.94896823497266
81,35.78501559450903
82,32.69423749360799
83,18.055694079955963
84,41.30166758145737
85,27.88389043315957
86,27.511050785317778
87,23.684493248941372
88,20.716758002115498
89,32.91065550687706
90,27.82517184591334
91,41.3062354371225
92,36.19798925761445
93,26.429284264808814
94,21.164085908519496
95,23.528422448163198
96,28.14611299572758
97,19.793776060787746
98,33.529009801524076
99,18.651562028158367
100,47.97869816430051
101,36.14509481045371
102,25.530156851418933
103,38.66740468026771
104,34.896358275710114
105,33.68554561099162
106,35.815462537185994
107,38.20746879410182
108,25.054015382367165
109,22.92282134662519
110,24.2942400959136
111,16.823637568786538
112,30.70043035198462
113,32.51396437881588
114,33.64211610037674
115,25.258301667171988
116,38.77142714705666
117,41.43587507071621
118,27.854880258181804
119,32.284707275497084
120,36.689512468631705
121,24.21343561252156
122,39.74325129436447
123,23.21289394573252
124,38.72635713144201
125,49.06869943333144
126,31.653855441206435
127,19.888268174137167
128,21.641330770186634
129,29.154451842068365
130,25.855448069975942
131,17.99060594372199
132,27.88389043315957
133,45.040162600474304
134,38.361951988113766
135,17.22885932271077
136,28.674990307485178
137,29.57788610048673
138,35.88894380079735
139,12.151247625726599
140,17.391941088091674
141,33.95397524628626
142,22.595396582975443
143,23.51360441696081
144,22.38532886130186
145,36.02396111571489
146,31.569184277640346
147,37.51326955167978
148,22.841508912420583
149,19.428313187804335
150,43.171550621313116
151,19.590178873441566
152,17.80451139450619
153,40.52123944418733
154,29.804122187734666
155,40.49981427123057
156,26.681937860927363
157,32.37815035818886
158,27.942493057708965
159,30.637218072526615
160,25.54195681005113
161,26.95932897458699
162,30.157832567156913
163,22.416733355682723
164,32.97602735345195
165,29.12035683572667
166,25.40529132914539
167,55.68159767397169
168,23.80815686062515
169,25.264068635448414
170,32.49159579944365
171,29.143416084999163
172,30.01369504217726
173,21.946375321123412
174,26.331921964137496
175,32.78926240301935
176,55.75270886226024
177,18.897995616077516
178,34.69153144568249
179,20.93284226628304
180,34.42679114262879
181,30.997446149676342
182,26.82050538918164
183,35.40799233201847
184,35.378416592161436
185,28.799652828934818
186,15.913756905136736
187,56.04843421568152
188,13.50421667649863
189,36.09826578392096
190,33.30187583172818
191,35.64011806968487
192,30.594530984601633
193,36.368385208756095
194,50.76098640493857
195,24.78613795660759
196,27.977438487219704
197,19.900033899305917
198,14.701836183993894
199,21.722615813384675
200,41.57586381544753
201,32.85097523421062
202,34.35003106412547
203,18.697879500938203
204,31.38845178277157
205,17.760499543279185
206,26.048301252772646
207,31.29626091035952
208,42.53372678570243
209,26.648371107050547
210,28.173189814511847
211,21.72042891570748
212,24.40365661232431
213,44.671048754389204
214,51.65397149649881
215,22.44480808567355
216,28.925703607791895
217,17.568254100939395
218,28.203173439785466
219,35.58733750131594
220,16.173384464337676
221,26.197429269393556
222,15.124601252571933
223,31.584323443984278
224,57.503181118771714
225,37.72994935276488
226,41.20898024624613
227,41.21677363394584
228,26.336783969623312
229,31.80712047035406
230,25.647774895525554
231,23.731453875688906
232,22.046481761545206
233,22.683258792548603
234,14.008553149881863
235,44.09043772928724
236,22.534796810922998
237,45.54285685694747
238,18.74192005198796
239,39.52782235160143
240,12.448331806268113
241,21.17844765773573
242,41.32883900979113
243,18.759617099365176
244,23.573550049076278
245,28.88301402489326
246,27.577591782009907
247,16.523958887025316
248,27.244186926383733
249,14.692218240341097
250,27.53479219317275
251,20.336803784531135
252,14.070003175441567
253,14.479855100983182
254,38.08625153759067
255,45.47006487891223
256,21.711814844853016
257,29.598902855706815
258,16.047908534283557
259,35.381053415963166
260,35.544833976306165
261,28.962532865390592
262,30.565571893802858
263,18.740434554145946
264,22.06559753056925
265,17.493827922118754
266,52.355057554885086
267,21.87894917488097
268,19.853048531649478
269,30.37567902230954
270,42.1846894757614
271,52.1230261049876
272,35.293407366168
273,27.403627856388887
274,38.8774903928044
275,71.61716345639283
276,24.70941074171736
277,23.82292482881977
278,27.177808257370852
279,34.15991172709128
280,33.33815114677055
281,42.1319787579449
282,25.20939584418502
283,16.835545056427712
284,28.256356819267737
285,61.3407209770633
286,18.781210421409025
287,29.99728072433027
288,35.35639254140654
289,35.65218522928791
290,13.82462973980678
291,42.00076852982214
292,23.446746555643937
293,22.327658098173824
294,25.89865745222165
295,21.531068219482282
296,29.873048879997835
297,22.254438933541042
298,28.764828262439497
299,20.74847380768289
300,38.87742910987836
301,27.926958378448045
302,43.87944213152424
303,20.72495441601137
304,44.352389764019385
305,18.81273987454521
306,13.222433985900532
307,18.873060225527166
308,22.0696998810645
309,16.779497135005094
310,22.620078604400394
311,21.304600825725654
312,22.479311993573152
313,27.170681076263804
314,41.98228945597937
315,57.26293757854774
316,42.79351069468949
317,27.926958378448045
318,19.942209088625603
319,25.784685045108954
320,35.55298853108439
321,17.568254100939395
322,45.209485267005206
323,26.41022193512049
324,19.226157566570635
325,22.677600394875224
326,28.779042840556663
327,37.843230437722674
328,26.429284264808814
329,20.037663564714517
330,18.509139335028923
331,21.47637092694196
332,28.249661562140297
333,20.634045011258035
334,38.15096004267984
335,28.2352454903273
336,18.158726829215745
337,7.982472426611947
338,23.98009351307805
339,24.649683894500022
340,30.51093718867263
341,37.51501301832873
342,57.320208580607776
343,36.48733288279035
344,43.2961657107677
345,33.92686527855126
346,27.264358787747796
347,15.531591415628357
348,19.084622772268556
349,22.15785018167079
350,32.93462182912713
351,30.087233396877654
352,11.237467989800722
353,39.1563815815139
354,19.19825329858111
355,20.422521230367032
356,43.2101708285996
357,17.847790876243888
358,21.37575597621395
359,33.26850455889425
360,33.79973835635975
361,56.097512825443324
362,37.90389619719045
363,17.80451139450619
364,30.577150458314897
365,20.31412000705328
366,20.830269233910577
367,33.91381442091626
368,12.320798318237768
369,19.047614279963486
370,15.524725220119263
371,23.53682506027891
372,35.153994977960835
373,22.367898718834738
374,43.69683664370799
375,17.722841528128225
376,26.84845556340417
377,27.545857658301014
378,26.093373381405097
379,38.23782503012564
380,22.635440934212948
381,25.43469796450995
382,31.492663674982957
383,43.96085998143295
384,28.40576849708025
385,26.592364645466322
386,55.47253473649799
387,47.400438422187804
388,52.05425691917782
389,22.981408670942876
390,23.28815253152732
391,39.241816272168094
392,27.993563417852762
393,31.17124973013042
394,44.56653600934994
395,34.72613742713158
396,18.644966870822987
397,40.35319449313399
398,24.87129068983478
399,30.143255988008296
400,25.582829674435544
401,31.153292783548345
402,42.58843028403107
403,41.870437032609274
404,18.864982990037177
405,26.628783289630817
406,25.097006115322507
407,49.74094836865485
408,35.479444406924046
409,20.906348759081574
410,53.851330525487036
411,44.910186937420875
412,38.62891834672017
413,28.685350230938173
414,28.333905053211193
415,19.29900758847584
416,20.92583188768705
417,36.56339545711728
418,14.351260704588459
419,32.495358086948436
420,24.2224302111177
421,17.507606847553134
422,26.073349800043484
423,47.47139513420398
424,20.010526123772888
425,27.27196867736073
426,19.776443505727624
427,52.286275745954256
428,20.93227675610774
429,29.98670164647807
430,30.038036217302192
431,36.88619661230814
432,24.35843927567296
433,45.08311003550939
434,37.70801283459966
435,28.853248507735756
436,40.65920216600316
437,25.74423210436084
438,29.200346428051603
439,28.458517760790283
440,26.254125468815758
441,26.696012408820987
442,23.882308807961998
443,42.82577797608451
444,22.100284187415447
445,17.24538992193671
446,14.51430928682641
447,18.217031716490755
448,22.843128066237465
449,23.453947086030112
450,33.68310130901598
451,32.84886764544766
452,22.75420007914265
453,23.88099062893829
454,18.48354744532183
455,10.903600373037008
456,43.36635883097873
457,46.811219037125234
458,40.60621379919995
459,51.77386958284939
460,29.66588223852778
461,21.988609931474496
462,24.622213562536356
463,20.261087172059955
464,36.48103140754476
465,20.2227703383872
466,30.606312108170417
467,20.583096654930277
468,31.793499662334693
469,44.20046527414884
470,18.037782846553014
471,35.53644838694511
472,34.30662058485283
473,38.100610976778
474,24.894189061758265
475,34.247306521290966
476,19.71288320987401
477,30.26927487481614
478,10.982181499666297
479,27.109496652082623
480,30.61644385070522
481,26.872820969020914
482,26.93433313897589
483,35.20509946921993
484,15.834336804335424
485,41.876395316428145
486,36.11610929288834
487,23.647639547919578
488,32.41997691937574
489,31.965614790248583
490,31.72597387691863
491,19.591938094138328
492,37.44998082362823
493,19.96327559248924
494,30.607814043846485
495,17.292610135226674
496,23.556257230968935
497,22.682821551079808
498,30.16699198375096
499,33.57011782486207
500,43.71572785334993
501,31.968345651323002
502,18.638915238934835
503,45.986829562267424
504,18.90232562289193
505,31.325359616661807
506,20.516257100798548
507,29.953265178623475
508,17.753743769261977
509,40.631433157054516
510,31.60086850950931
511,35.92687336238998
512,20.60291446931086
513,36.689512468631705
514,24.80978036775231
515,45.62683542812985
516,31.272889073103812
517,46.32039944671257
518,36.30142797495764
519,44.067925714335225
520,41.812515441131914
521,25.07132654352501
522,30.900867248540376
523,28.43154751034293
524,26.76118353516121
525,30.04247470815118
526,44.34592031980612
527,39.45317244162961
528,14.770206547639566
529,38.50087776268681
530,41.02781887831553
531,13.373007274002223
532,28.517283780663025
533,53.73271608316457
534,38.37892351791847
535,20.616182315338893
536,30.654072090334715
537,33.41881069835511
538,20.34181627430475
539,34.97842298552067
540,33.18896458118687
541,43.89483269485361
542,41.02754836284073
543,32.98580721687627
544,25.913783372633695
545,30.809648992071654
546,40.391950069384805
547,43.565514539041885
548,37.21231108991644
549,36.17062952210979
550,15.253108900890723
551,32.91699419674319
552,24.08142154900028
553,31.918009397652597
554,80.17894472540209
555,21.246140009258983
556,15.249444921828674
557,32.41073609644857
558,41.67114128432281
559,28.797724636316925
560,22.52073360112484
561,36.75679312702682
562,33.68592629384863
563,27.83372347275673
564,47.1557520456969
565,20.289878707606213
566,36.310520785725274
567,33.72373905980738
568,23.174231875783175
569,32.40146479027471
570,32.87457420257461
571,18.240058847431797
572,13.429642491891983
573,20.840823831287544
574,32.51888900360076
575,33.49652529103995
576,25.936694041133098
577,29.673484554456923
578,43.01674869994239
579,27.51425957613112
580,27.218953179320543
581,24.921684894108946
582,29.632378891249438
583,18.16309147493425
584,66.60536859372733
585,38.56272574815279
586,26.62930596682452
587,20.45902885057957
588,29.566208296697887
589,35.153994977960835
590,33.68587193687229
591,20.55082023348515
592,26.193399277968993
593,33.68554561099162
594,28.053081813866882
595,15.312509416869851
596,38.38134080702803
597,48.71539351316866
598,42.53808431681788
599,29.54800376959611
600,35.7014967506622
601,18.70872124850265
602,20.037663564714517
603,23.85863875751308
604,30.160132125450623
605,27.769112605103338
606,39.463635467014214
607,33.05551785464545
608,8.504529903653884
609,56.17678797831587
610,22.712014518226198
611,29.33387762285295
612,26.204748135621774
613,33.31952970258491
614,26.704658435125385
615,38.01551776311078
616,19.474529652441927
617,21.255196027247294
618,28.59900632233654
619,45.50924744568371
620,35.30184607641367
621,22.990824490949127
622,30.122032176719962
623,36.20464497825466
624,23.90364129208821
625,30.537111301977998
626,25.41670568570511
627,25.053252935658758
628,37.9963101356445
629,24.829663619033997
630,39.944485480438594
631,27.309362808747007
632,33.759037974094035
633,30.835183644215366
634,24.478149092133553
635,58.948909447291264
636,26.96219169491521
637,15.779938751141183
638,27.10205345005695
639,20.992975839534417
640,26.446087040336064
641,30.038036217302192
642,23.683911167786494
643,35.293407366168
644,30.95341305276887
645,27.443372964945667
646,19.320512149114542
647,14.804230883671803
648,22.209243036972094
649,30.35826090709767
650,27.77666457378246
651,37.37249046647456
652,23.42291030590756
653,19.469340759141545
654,30.87892470990779
655,21.890876544578138
656,28.321575744251767
657,30.547440171579712
658,50.19759328712013
659,28.929395277097676
660,19.68733133682161
661,37.305884640582285
662,23.803806292946312
663,48.78714108861611
664,25.928437605742914
665,25.80335283029053
666,16.456137776786104
667,31.987948983727108
668,27.81355546989682
669,22.5577187166866
670,29.263661669959323
671,12.887773704864816
672,34.925230463263965
673,25.856838314714544
674,22.198362086191946
675,34.86715321896801
676,36.38293780339221
677,36.51542907907209
678,30.17600985617856
679,24.88460997446602
680,15.277354132988146
681,35.198843143803266
682,30.276175469335556
683,15.346451071258132
684,17.08914838885549
685,48.8477849190495
686,16.238173314137807
687,34.81503059414845
688,24.532132491958304
689,14.75468398464656
690,33.507116996277595
691,34.096678168026976
692,25.53838503525803
693,34.486889481684344
694,32.740856523400716
695,22.643243437054394
696,31.256762440714038
697,22.595086961307373
698,34.68110313989991
699,39.62405956165795
700,30.54722802055344
701,51.75442959131597
702,19.394457175843623
703,26.127935014558798
704,21.160760943514227
705,21.003368651343617
706,35.022967429155365
707,40.233799470889146
708,31.02741833520517
709,16.97783078011193
710,31.799941560638267
711,17.99839869975047
712,27.972077864894334
713,16.804706030276037
714,25.19209968138919
715,39.4176857410931
716,24.884926064913717
717,23.202618567038954
718,23.707203895573237
719,28.1503948698721
720,42.53808431681788
721,41.209873833289166
722,35.4134564435878
723,28.206669140098846
724,34.7787832956285
725,18.65188006433916
726,32.24609920649016
727,44.17981107510357
728,35.02125049643505
729,39.40112729311872
730,44.68668899193204
731,23.428961474113905
732,37.30020136347778
733,21.16726553236376
734,32.74402945640183
735,25.02959804018099
736,34.00932450866093
737,36.31836837435974
738,47.21047906295956
739,21.038503745898552
740,36.959869745916684
741,25.58245443271741
742,41.32323723708288
743,19.3290551816869
744,47.64221223979241
745,35.57508354582311
746,37.56591979591729
747,39.494088084860095
748,24.87959778510463
749,29.100520721195675
750,64.96753463320493
751,17.992556089585104
752,26.990479867325618
753,24.442423259567622
754,38.10305615999987
755,25.655352763116287
756,25.76607695596807
757,26.69852683486618
758,36.11948269602118
759,32.06174339092934
760,52.05199209881408
761,26.004069828419606
762,34.60943892957046
763,23.800540174538682
764,24.479407752910795
765,22.8246867721856
766,35.37573936554684
767,27.542101411235045
768,39.27947858965961
769,27.054408446626933
770,66.10717569796965
771,41.7531454740228
772,22.415027586423943
773,24.166994618123987
774,18.996822279585796
775,26.89068463231499
776,38.476393666595925
777,37.92415660605867
778,27.85901839752587
779,17.82417506628233
780,15.794055784603486
781,36.01838356858966
782,32.431470027212704
783,30.398844072651137
784,22.050891469589796
785,34.336893321305325
786,36.50471612282121
787,16.344065739982533
788,33.18838739076857
789,36.3833374237719
790,47.5637262367736
791,39.241472639130095
792,23.20858174397189
793,46.53546747688858
794,22.286728679509316
795,33.995392166048475
796,14.579597406588151
797,21.27508813889802
798,23.94468451371933
799,42.16467729198713
800,26.828881216910133
801,29.250436919631543
802,22.849053216682623
803,30.589569556202058
804,24.52585466871751
805,18.479007099050147
806,14.661746274209015
807,20.0132605676269
808,37.17606014536955
809,38.63823992886004
810,32.81056726063083
811,34.64143078334615
812,20.27445477274081
813,29.366564223627755
814,29.542848575301015
815,18.066196670687884
816,25.977246673026585
817,22.483359507736537
818,57.09167939285619
819,35.75019435957057
820,22.444620746367075
821,24.242569116145468
822,37.689280972432
823,30.81629700834565
824,31.946412390823127
825,19.875734684496617
826,26.80742348590198
827,34.42441305268925
828,21.988609931474496
829,17.599555525513086
830,34.450253810889976
831,40.941626985799935
832,22.416970701143168
833,24.043320558498124
834,37.90021063889986
835,24.5469746317854
836,20.84979872239991
837,34.5593612127077
838,50.415151549856056
839,44.99010469083853
840,20.296269206986853
841,22.450998987722993
842,17.493827922118754
843,31.209937141426938
844,39.44758944797198
845,16.709600119746725
846,36.08505706848644
847,33.59684954753261
848,15.454472606638355
849,41.339173802357635
850,33.67323540252117
851,29.273769839258957
852,26.75685359508034
853,35.78777853415429
854,24.854114745163606
855,36.54052110999729
856,32.83396555377038
857,31.542260596768937
858,33.20138750296629
859,26.63786235216186
860,25.603339188288906
861,19.900404218133733
862,34.15950922559093
863,27.231594822176067
864,43.47314402829676
865,55.459186276083344
866,20.60869016798335
867,27.076440739107486
868,31.983480576261844
869,38.38085430923937
870,21.013771807800886
871,28.168316274607204
872,28.59155080093771
873,24.37954870305232
874,34.22016860525754
875,55.4882174049529
876,25.506675581344172
877,28.95740517405352
878,24.471003299260886
879,35.86716919561951
880,61.93952170857986
881,41.43870330947058
882,37.507692404644445
883,33.759037974094035
884,35.940638218558426
885,34.715585589128686
886,41.076886334175065
887,34.890519898997695
888,51.29997876456403
889,26.418535754571735
890,19.65090758158297
891,30.866948388976315
892,24.871267103319344
893,28.033930370962622
894,29.38639796238642
895,19.081385940109087
896,23.81320178769989
897,24.50905163749822
898,33.67323540252117
899,31.567152674149206
900,22.005051448802643
901,25.602634082129274
902,17.28810649710204
903,34.36758903873084
904,24.74407445933697
905,27.88389043315957
906,18.619489625183057
907,26.079481921838823
908,24.13831893678805
909,21.04949773351226
910,24.001397086631684
911,29.77869175043095
912,41.638318739780935
913,20.402517089354404
914,26.509133546259303
915,35.82887553341217
916,46.45972692123096
917,13.410223890212635
918,40.233799470889146
919,30.923058306978756
920,24.80978036775231
921,39.36006870647865
922,37.21231108991644
923,24.85598701910632
924,22.849288152913
925,17.50956322392683
926,30.61325087333072
927,26.790003787814104
928,18.48354744532183
929,17.76564159003162
930,34.677460658749276
931,14.509802174086804
932,24.242569116145468
933,39.50786806814715
934,19.870146132113952
935,40.60815960717867
936,37.34225267039016
937,10.80578432152206
938,34.84014778077755
939,44.174005937063576
940,25.719852635633703
941,26.6587856654972
942,19.993796218862876
943,30.27048073557453
944,30.853422050704772
945,21.55382789678867
946,23.870045782837536
947,37.258675701211445
948,42.42705527171911
949,30.970674128844735
950,31.422687362645526
951,38.88293221920382
952,40.771139332924356
953,23.84791001316179
954,44.603357712347645
955,30.400437806654082
956,41.481941974431685
957,26.676855978773418
958,17.012706214441607
959,34.73955987413453
960,25.69547028975376
961,28.014455967404235
962,46.23934994715378
963,35.89396090633164
964,46.113707010125665
965,32.6756901131988
966,23.384550296137824
967,24.986936138316363
968,26.53012648768958
969,29.185244055467212
970,47.18969989302387
971,15.546797019995283
972,26.03944807584213
973,13.837168906504065
974,36.46966116071636
975,41.05526405592155
976,31.72597387691863
977,24.910431171799477
978,29.317644244727084
979,42.48687310112311
980,26.7243988036776
981,15.69206009144393
982,44.82182498286666
983,33.64563742388911
984,41.70326713163638
985,38.872282472980395
986,18.38373615687253
987,22.62717517225185
988,43.667377703140396
989,30.951267951868015
990,16.86312596157618
991,37.0412130299875
992,51.37190529122943
993,31.454730272617702
994,28.396115704405226
995,26.093373381405097
996,14.958013624988812
997,12.41172208173104
998,27.770180535027475
999,50.65500623252489
