draw,k,M_bps,argmax_variable,argmax_tail,argmax_h
0,15849,34.49345079461387,vol_ratio,BOT,24
1,15055,29.744777241686457,vol_ratio,BOT,24
2,10720,29.821267090907543,illiq,BOT,24
3,8445,31.583338063152976,illiq,TOP,24
4,1701,46.21085474382076,mom_24,TOP,24
5,11390,19.513439623094047,vol_ratio,BOT,24
6,8647,28.470059895586793,vol_ratio,BOT,24
7,2091,55.9032774927196,vol_ratio,BOT,24
8,12545,35.427649845133196,illiq,TOP,24
9,8673,32.75061727097262,vol_ratio,BOT,24
10,8760,30.206238412503613,illiq,TOP,24
11,15749,27.569854129686107,vol_ratio,TOP,24
12,14749,15.097105277397768,mom_24,BOT,24
13,16209,19.40774626320404,vol_ratio,TOP,24
14,12939,29.12437216818638,mom_24,TOP,24
15,9540,22.49508902909579,illiq,TOP,24
16,13799,52.103610377276304,vol_ratio,TOP,24
17,4002,27.08254437359885,illiq,BOT,24
18,18205,31.929513320211857,mom_24,BOT,24
19,5010,16.162425440698048,range_pos,TOP,24
20,6536,27.871341446363022,vol_ratio,TOP,24
21,7754,16.82989578805079,illiq,TOP,24
22,6608,29.650446429182992,illiq,BOT,24
23,11124,18.93557007491244,illiq,BOT,24
24,16197,22.459098046297157,vol_ratio,TOP,24
25,13011,47.97869816430051,mom_24,BOT,24
26,15173,19.080441488155834,vol_ratio,TOP,24
27,2674,30.853422050704772,illiq,BOT,24
28,8728,21.43981503818908,illiq,TOP,24
29,8449,35.075057859941005,illiq,TOP,24
30,17705,19.354304235971554,mom_24,BOT,24
31,3762,33.705518305956964,illiq,BOT,24
32,9116,32.425281992817716,vol_ratio,TOP,24
33,9718,22.437501302323888,mom_24,TOP,24
34,15158,24.009696397518397,vol_ratio,BOT,24
35,12339,24.442423259567622,mom_24,BOT,24
36,5763,40.744298931131496,mom_24,TOP,24
37,1696,41.263676862675034,illiq,BOT,24
38,13908,16.526478990154825,illiq,TOP,24
39,4049,34.642959171887455,vol_ratio,BOT,24
40,5062,22.014568283938384,illiq,BOT,24
41,14581,18.677652161001767,vol_ratio,TOP,24
42,17253,48.03026684495637,vol_ratio,TOP,24
43,2021,32.866948047191094,vol_ratio,TOP,24
44,15159,22.046596846698588,mom_24,BOT,24
45,7682,28.70826792337612,mom_24,TOP,24
46,18995,20.356146246925004,illiq,BOT,24
47,13423,38.116864093100524,vol_ratio,TOP,24
48,15219,27.81589525391432,illiq,TOP,24
49,9721,21.527725741596377,mom_24,TOP,24
50,6969,16.222664531219962,mom_24,BOT,12
51,16500,21.7158869795374,vol_ratio,BOT,24
52,8339,38.42653114360655,vol_ratio,BOT,24
53,14029,26.03963187121351,illiq,TOP,24
54,6677,35.092032552610874,illiq,BOT,24
55,11364,31.214804224846848,vol_ratio,BOT,24
56,5973,36.722722634068944,illiq,BOT,24
57,17768,13.249602293434442,vol_ratio,BOT,24
58,9686,20.09410715223117,illiq,TOP,24
59,8657,44.858066874957416,vol_ratio,BOT,24
60,2531,28.293175392115295,mom_24,BOT,24
61,5963,32.45886710621156,illiq,BOT,24
62,13876,24.337711643932455,mom_24,BOT,24
63,18818,31.287632930462372,illiq,TOP,24
64,945,40.48708403722081,vol_ratio,BOT,24
65,18976,20.24692018394841,vol_ratio,TOP,24
66,14363,20.907676752356252,vol_ratio,BOT,24
67,7211,26.18569174733706,vol_ratio,BOT,24
68,1955,29.252424356705195,mom_24,TOP,24
69,9705,19.047865474898767,illiq,TOP,24
70,18324,16.389102824754936,illiq,TOP,24
71,10149,40.449310185270825,vol_ratio,BOT,24
72,4707,16.16338114148943,vol_ratio,BOT,24
73,8790,30.95341305276887,illiq,TOP,24
74,14441,42.282446592512805,vol_ratio,TOP,24
75,15920,36.250025626684646,vol_ratio,BOT,24
76,10174,45.28979771129838,illiq,TOP,24
77,2013,28.565367089358713,vol_ratio,TOP,24
78,18875,31.090527076780436,illiq,BOT,24
79,19496,31.965265738914844,illiq,BOT,24
80,13486,28.94896823497266,illiq,BOT,24
81,6066,35.78501559450903,illiq,BOT,24
82,9970,32.69423749360799,illiq,TOP,24
83,11191,18.055694079955963,vol_ratio,BOT,24
84,19302,41.30166758145737,illiq,TOP,24
85,10978,27.88389043315957,mom_24,BOT,24
86,1088,27.511050785317778,illiq,BOT,24
87,11229,23.684493248941372,illiq,BOT,24
88,3330,20.716758002115498,mom_24,BOT,24
89,12204,32.91065550687706,mom_24,TOP,24
90,18501,27.82517184591334,mom_24,BOT,24
91,8321,41.3062354371225,vol_ratio,TOP,24
92,4405,36.19798925761445,mom_24,BOT,24
93,12957,26.429284264808814,vol_ratio,TOP,24
94,12443,21.164085908519496,mom_24,BOT,24
95,14016,23.528422448163198,mom_24,BOT,24
96,7000,28.14611299572758,vol_ratio,BOT,24
97,904,19.793776060787746,illiq,TOP,24
98,6848,33.529009801524076,mom_24,TOP,24
99,16342,18.651562028158367,mom_24,BOT,12
100,13011,47.97869816430051,mom_24,BOT,24
101,19132,36.14509481045371,illiq,TOP,24
102,18418,25.530156851418933,vol_ratio,TOP,24
103,1936,38.66740468026771,mom_24,BOT,24
104,3436,34.896358275710114,vol_ratio,BOT,24
105,14663,33.68554561099162,mom_24,BOT,24
106,14500,35.815462537185994,mom_24,BOT,24
107,14702,38.20746879410182,mom_24,BOT,24
108,19083,25.054015382367165,illiq,TOP,24
109,15978,22.92282134662519,vol_ratio,TOP,24
110,17480,24.2942400959136,vol_ratio,TOP,24
111,12184,16.823637568786538,range_pos,TOP,24
112,9827,30.70043035198462,vol_ratio,BOT,24
113,2694,32.51396437881588,illiq,BOT,24
114,11323,33.64211610037674,range_pos,TOP,24
115,13500,25.258301667171988,illiq,BOT,24
116,6579,38.77142714705666,illiq,BOT,24
117,18633,41.43587507071621,vol_ratio,TOP,24
118,6640,27.854880258181804,mom_24,TOP,24
119,12202,32.284707275497084,mom_24,TOP,24
120,2540,36.689512468631705,mom_24,BOT,24
121,1158,24.21343561252156,mom_24,TOP,24
122,10152,39.74325129436447,vol_ratio,BOT,24
123,9472,23.21289394573252,mom_24,TOP,24
124,12132,38.72635713144201,vol_ratio,TOP,24
125,4745,49.06869943333144,vol_ratio,TOP,24
126,2487,31.653855441206435,vol_ratio,TOP,24
127,12065,19.888268174137167,vol_ratio,TOP,12
128,9688,21.641330770186634,illiq,TOP,24
129,8020,29.154451842068365,vol_ratio,TOP,24
130,6763,25.855448069975942,illiq,BOT,24
131,12899,17.99060594372199,mom_24,BOT,24
132,10978,27.88389043315957,mom_24,BOT,24
133,8379,45.040162600474304,illiq,TOP,24
134,13849,38.361951988113766,vol_ratio,BOT,24
135,1510,17.22885932271077,illiq,BOT,24
136,16790,28.674990307485178,vol_ratio,BOT,24
137,5576,29.57788610048673,vol_ratio,TOP,24
138,7607,35.88894380079735,mom_24,BOT,24
139,7821,12.151247625726599,illiq,BOT,24
140,17164,17.391941088091674,mom_24,BOT,24
141,8481,33.95397524628626,illiq,TOP,24
142,7264,22.595396582975443,mom_24,TOP,24
143,9158,23.51360441696081,vol_ratio,BOT,24
144,4314,22.38532886130186,illiq,BOT,24
145,6767,36.02396111571489,vol_ratio,TOP,24
146,11272,31.569184277640346,range_pos,TOP,24
147,8985,37.51326955167978,vol_ratio,BOT,24
148,11799,22.841508912420583,mom_24,TOP,24
149,14753,19.428313187804335,mom_24,BOT,24
150,3610,43.171550621313116,vol_ratio,BOT,24
151,15844,19.590178873441566,mom_24,BOT,24
152,2242,17.80451139450619,mom_24,BOT,24
153,1776,40.52123944418733,mom_24,BOT,24
154,11326,29.804122187734666,range_pos,TOP,24
155,6242,40.49981427123057,illiq,BOT,24
156,12812,26.681937860927363,illiq,TOP,24
157,16018,32.37815035818886,mom_24,TOP,24
158,18833,27.942493057708965,illiq,BOT,24
159,16556,30.637218072526615,illiq,BOT,24
160,7502,25.54195681005113,illiq,BOT,24
161,7716,26.95932897458699,range_pos,TOP,24
162,18829,30.157832567156913,illiq,BOT,24
163,17523,22.416733355682723,mom_24,BOT,24
164,11418,32.97602735345195,mom_24,BOT,24
165,5488,29.12035683572667,vol_ratio,BOT,24
166,3815,25.40529132914539,range_pos,BOT,24
167,1711,55.68159767397169,mom_24,TOP,24
168,9609,23.80815686062515,illiq,TOP,24
169,1975,25.264068635448414,vol_ratio,BOT,24
170,14665,32.49159579944365,mom_24,BOT,24
171,8767,29.143416084999163,illiq,TOP,24
172,19074,30.01369504217726,illiq,TOP,24
173,16947,21.946375321123412,vol_ratio,TOP,24
174,5411,26.331921964137496,mom_24,BOT,24
175,1676,32.78926240301935,illiq,BOT,24
176,8084,55.75270886226024,illiq,TOP,24
177,11624,18.897995616077516,illiq,BOT,24
178,11980,34.69153144568249,vol_ratio,BOT,24
179,2381,20.93284226628304,mom_24,TOP,24
180,17923,34.42679114262879,mom_24,BOT,24
181,16491,30.997446149676342,vol_ratio,BOT,24
182,2414,26.82050538918164,vol_ratio,TOP,24
183,14645,35.40799233201847,vol_ratio,TOP,24
184,8925,35.378416592161436,vol_ratio,TOP,24
185,18831,28.799652828934818,illiq,BOT,24
186,18125,15.913756905136736,range_pos,TOP,24
187,18259,56.04843421568152,vol_ratio,BOT,24
188,13974,13.50421667649863,vol_ratio,TOP,24
189,2496,36.09826578392096,mom_24,BOT,24
190,5125,33.30187583172818,mom_24,BOT,24
191,1466,35.64011806968487,vol_ratio,BOT,24
192,1389,30.594530984601633,illiq,BOT,24
193,16095,36.368385208756095,mom_24,BOT,24
194,8314,50.76098640493857,vol_ratio,TOP,24
195,10799,24.78613795660759,illiq,BOT,24
196,14609,27.977438487219704,mom_24,BOT,24
197,11519,19.900033899305917,vol_ratio,BOT,24
198,2829,14.701836183993894,mom_24,BOT,24
199,10466,21.722615813384675,illiq,TOP,24
200,6403,41.57586381544753,illiq,BOT,24
201,19516,32.85097523421062,illiq,BOT,24
202,14963,34.35003106412547,vol_ratio,BOT,24
203,7334,18.697879500938203,vol_ratio,TOP,24
204,7938,31.38845178277157,mom_24,TOP,24
205,8862,17.760499543279185,mom_24,TOP,24
206,1352,26.048301252772646,illiq,TOP,24
207,3806,31.29626091035952,range_pos,BOT,24
208,6077,42.53372678570243,illiq,BOT,24
209,9369,26.648371107050547,vol_ratio,TOP,24
210,11775,28.173189814511847,vol_ratio,BOT,24
211,11051,21.72042891570748,range_pos,TOP,24
212,14080,24.40365661232431,mom_24,TOP,24
213,10518,44.671048754389204,vol_ratio,TOP,24
214,8180,51.65397149649881,illiq,TOP,24
215,7137,22.44480808567355,illiq,TOP,24
216,5030,28.925703607791895,vol_ratio,BOT,24
217,14973,17.568254100939395,range_pos,BOT,24
218,3864,28.203173439785466,mom_24,TOP,24
219,2301,35.58733750131594,vol_ratio,TOP,24
220,17144,16.173384464337676,vol_ratio,BOT,24
221,6811,26.197429269393556,vol_ratio,TOP,24
222,14987,15.124601252571933,illiq,TOP,24
223,3675,31.584323443984278,illiq,BOT,24
224,1844,57.503181118771714,vol_ratio,TOP,24
225,2302,37.72994935276488,vol_ratio,TOP,24
226,12732,41.20898024624613,mom_24,BOT,24
227,4217,41.21677363394584,vol_ratio,TOP,24
228,17973,26.336783969623312,mom_24,BOT,24
229,9489,31.80712047035406,mom_24,BOT,24
230,11803,25.647774895525554,vol_ratio,BOT,24
231,16579,23.731453875688906,illiq,BOT,24
232,10760,22.046481761545206,vol_ratio,BOT,24
233,12803,22.683258792548603,vol_ratio,BOT,24
234,8853,14.008553149881863,illiq,TOP,24
235,12734,44.09043772928724,mom_24,BOT,24
236,3105,22.534796810922998,mom_24,BOT,24
237,6258,45.54285685694747,illiq,BOT,24
238,9863,18.74192005198796,illiq,TOP,24
239,7903,39.52782235160143,vol_ratio,TOP,24
240,17385,12.448331806268113,mom_24,BOT,24
241,17408,21.17844765773573,range_pos,BOT,24
242,7047,41.32883900979113,mom_24,BOT,24
243,17105,18.759617099365176,mom_24,TOP,24
244,14124,23.573550049076278,mom_24,TOP,24
245,4063,28.88301402489326,vol_ratio,BOT,24
246,13683,27.577591782009907,vol_ratio,BOT,24
247,18378,16.523958887025316,illiq,TOP,24
248,9149,27.244186926383733,vol_ratio,BOT,24
249,17320,14.692218240341097,range_pos,BOT,24
250,15217,27.53479219317275,illiq,TOP,24
251,4807,20.336803784531135,illiq,TOP,24
252,13981,14.070003175441567,volume_z,TOP,24
253,17306,14.479855100983182,vol_ratio,TOP,24
254,16162,38.08625153759067,range_pos,BOT,24
255,1459,45.47006487891223,vol_ratio,BOT,24
256,9818,21.711814844853016,vol_ratio,BOT,24
257,10298,29.598902855706815,illiq,TOP,24
258,14346,16.047908534283557,mom_24,TOP,24
259,4544,35.381053415963166,vol_ratio,BOT,24
260,10160,35.544833976306165,illiq,TOP,24
261,8443,28.962532865390592,illiq,TOP,24
262,4108,30.565571893802858,mom_24,BOT,24
263,7243,18.740434554145946,mom_24,TOP,24
264,9690,22.06559753056925,illiq,TOP,24
265,14628,17.493827922118754,illiq,BOT,24
266,8190,52.355057554885086,illiq,TOP,24
267,14734,21.87894917488097,illiq,TOP,24
268,15773,19.853048531649478,mom_24,BOT,24
269,1378,30.37567902230954,illiq,BOT,24
270,1775,42.1846894757614,mom_24,BOT,24
271,19332,52.1230261049876,vol_ratio,BOT,24
272,2494,35.293407366168,mom_24,BOT,24
273,7451,27.403627856388887,illiq,BOT,24
274,18079,38.8774903928044,mom_24,BOT,24
275,2617,71.61716345639283,mom_24,BOT,24
276,10459,24.70941074171736,illiq,TOP,24
277,4018,23.82292482881977,mom_24,BOT,24
278,7933,27.177808257370852,mom_24,TOP,24
279,17494,34.15991172709128,vol_ratio,BOT,24
280,19165,33.33815114677055,illiq,TOP,24
281,3074,42.1319787579449,mom_24,BOT,24
282,7121,25.20939584418502,illiq,TOP,24
283,11940,16.835545056427712,vol_ratio,TOP,24
284,2046,28.256356819267737,illiq,TOP,24
285,6437,61.3407209770633,vol_ratio,TOP,24
286,7670,18.781210421409025,illiq,BOT,24
287,18204,29.99728072433027,mom_24,BOT,24
288,19535,35.35639254140654,illiq,BOT,24
289,2513,35.65218522928791,illiq,BOT,24
290,17888,13.82462973980678,vol_ratio,BOT,24
291,3466,42.00076852982214,illiq,BOT,24
292,8525,23.446746555643937,illiq,TOP,24
293,11881,22.327658098173824,volume_z,BOT,24
294,5661,25.89865745222165,vol_ratio,BOT,24
295,16364,21.531068219482282,illiq,BOT,24
296,5318,29.873048879997835,illiq,BOT,24
297,7104,22.254438933541042,volume_z,TOP,24
298,1323,28.764828262439497,vol_ratio,TOP,24
299,14359,20.74847380768289,volume_z,BOT,24
300,10947,38.87742910987836,mom_24,BOT,24
301,4309,27.926958378448045,illiq,BOT,24
302,11691,43.87944213152424,mom_24,BOT,24
303,8710,20.72495441601137,illiq,TOP,24
304,10515,44.352389764019385,vol_ratio,TOP,24
305,16735,18.81273987454521,illiq,BOT,24
306,9393,13.222433985900532,mom_24,TOP,24
307,4933,18.873060225527166,range_pos,BOT,24
308,18197,22.0696998810645,range_pos,BOT,24
309,14983,16.779497135005094,illiq,TOP,24
310,7284,22.620078604400394,vol_ratio,TOP,24
311,14397,21.304600825725654,range_pos,BOT,24
312,12303,22.479311993573152,mom_24,BOT,24
313,7595,27.170681076263804,vol_ratio,BOT,24
314,3950,41.98228945597937,illiq,BOT,24
315,12004,57.26293757854774,vol_ratio,BOT,24
316,1725,42.79351069468949,mom_24,TOP,24
317,4309,27.926958378448045,illiq,BOT,24
318,12467,19.942209088625603,vol_ratio,BOT,24
319,1436,25.784685045108954,illiq,BOT,24
320,8214,35.55298853108439,illiq,TOP,24
321,14973,17.568254100939395,range_pos,BOT,24
322,1456,45.209485267005206,vol_ratio,BOT,24
323,12680,26.41022193512049,vol_ratio,TOP,24
324,6650,19.226157566570635,illiq,BOT,24
325,7112,22.677600394875224,illiq,TOP,24
326,18161,28.779042840556663,mom_24,BOT,24
327,13135,37.843230437722674,vol_ratio,TOP,24
328,12957,26.429284264808814,vol_ratio,TOP,24
329,7748,20.037663564714517,vol_ratio,BOT,24
330,17071,18.509139335028923,vol_ratio,TOP,24
331,5249,21.47637092694196,range_pos,BOT,24
332,17062,28.249661562140297,vol_ratio,BOT,24
333,9866,20.634045011258035,illiq,TOP,24
334,12924,38.15096004267984,vol_ratio,BOT,24
335,7353,28.2352454903273,vol_ratio,BOT,24
336,15025,18.158726829215745,range_pos,BOT,24
337,17995,7.982472426611947,mom_24,BOT,24
338,4319,23.98009351307805,mom_24,BOT,24
339,5150,24.649683894500022,range_pos,BOT,24
340,9197,30.51093718867263,vol_ratio,TOP,24
341,12489,37.51501301832873,mom_24,TOP,24
342,15273,57.320208580607776,mom_24,BOT,24
343,8995,36.48733288279035,vol_ratio,BOT,24
344,6273,43.2961657107677,illiq,BOT,24
345,6104,33.92686527855126,illiq,BOT,24
346,8784,27.264358787747796,illiq,TOP,24
347,6966,15.531591415628357,range_pos,TOP,12
348,15720,19.084622772268556,mom_24,BOT,24
349,14074,22.15785018167079,mom_24,TOP,24
350,15131,32.93462182912713,mom_24,TOP,24
351,11591,30.087233396877654,vol_ratio,BOT,24
352,6937,11.237467989800722,range_pos,TOP,24
353,13518,39.1563815815139,mom_24,BOT,24
354,9710,19.19825329858111,mom_24,TOP,24
355,13469,20.422521230367032,illiq,BOT,24
356,3943,43.2101708285996,illiq,BOT,24
357,15466,17.847790876243888,illiq,BOT,24
358,12894,21.37575597621395,mom_24,BOT,24
359,2133,33.26850455889425,illiq,BOT,24
360,14907,33.79973835635975,vol_ratio,BOT,24
361,3455,56.097512825443324,illiq,BOT,24
362,13128,37.90389619719045,vol_ratio,TOP,24
363,2242,17.80451139450619,mom_24,BOT,24
364,10337,30.577150458314897,illiq,TOP,24
365,4966,20.31412000705328,volume_z,TOP,24
366,3339,20.830269233910577,illiq,BOT,24
367,7848,33.91381442091626,vol_ratio,TOP,24
368,7823,12.320798318237768,vol_ratio,BOT,24
369,18692,19.047614279963486,illiq,BOT,24
370,7831,15.524725220119263,vol_ratio,TOP,24
371,17530,23.53682506027891,illiq,TOP,24
372,10380,35.153994977960835,illiq,TOP,24
373,18192,22.367898718834738,range_pos,BOT,24
374,12512,43.69683664370799,vol_ratio,TOP,24
375,14389,17.722841528128225,range_pos,BOT,24
376,16810,26.84845556340417,illiq,BOT,24
377,14798,27.545857658301014,vol_ratio,BOT,24
378,1343,26.093373381405097,illiq,BOT,24
379,17831,38.23782503012564,vol_ratio,TOP,24
380,16499,22.635440934212948,vol_ratio,BOT,24
381,3525,25.43469796450995,illiq,BOT,24
382,16302,31.492663674982957,mom_24,TOP,24
383,4166,43.96085998143295,vol_ratio,TOP,24
384,11633,28.40576849708025,vol_ratio,BOT,24
385,9238,26.592364645466322,vol_ratio,BOT,24
386,13406,55.47253473649799,vol_ratio,TOP,24
387,2642,47.400438422187804,mom_24,BOT,24
388,13797,52.05425691917782,vol_ratio,TOP,24
389,5058,22.981408670942876,range_pos,TOP,24
390,3001,23.28815253152732,illiq,BOT,24
391,16172,39.241816272168094,range_pos,BOT,24
392,11902,27.993563417852762,vol_ratio,TOP,24
393,3779,31.17124973013042,vol_ratio,TOP,24
394,6528,44.56653600934994,vol_ratio,TOP,24
395,16116,34.72613742713158,mom_24,TOP,24
396,16736,18.644966870822987,illiq,BOT,24
397,8560,40.35319449313399,vol_ratio,TOP,24
398,3008,24.87129068983478,illiq,BOT,24
399,11592,30.143255988008296,vol_ratio,BOT,24
400,7391,25.582829674435544,illiq,TOP,24
401,4037,31.153292783548345,vol_ratio,BOT,24
402,1263,42.58843028403107,mom_24,TOP,24
403,19573,41.870437032609274,mom_24,BOT,24
404,13069,18.864982990037177,vol_ratio,TOP,24
405,8018,26.628783289630817,vol_ratio,TOP,24
406,5855,25.097006115322507,illiq,TOP,24
407,13791,49.74094836865485,vol_ratio,TOP,24
408,4079,35.479444406924046,mom_24,BOT,24
409,8958,20.906348759081574,illiq,TOP,24
410,6452,53.851330525487036,mom_24,BOT,24
411,10181,44.910186937420875,illiq,TOP,24
412,6069,38.62891834672017,illiq,BOT,24
413,13202,28.685350230938173,vol_ratio,TOP,24
414,13492,28.333905053211193,illiq,BOT,24
415,14680,19.29900758847584,vol_ratio,BOT,24
416,2903,20.92583188768705,illiq,BOT,24
417,18955,36.56339545711728,vol_ratio,BOT,24
418,15005,14.351260704588459,vol_ratio,TOP,24
419,1540,32.495358086948436,vol_ratio,TOP,24
420,16798,24.2224302111177,vol_ratio,BOT,24
421,12714,17.507606847553134,illiq,TOP,24
422,7678,26.073349800043484,mom_24,TOP,24
423,6781,47.47139513420398,vol_ratio,TOP,24
424,1498,20.010526123772888,illiq,BOT,24
425,14840,27.27196867736073,vol_ratio,BOT,24
426,3907,19.776443505727624,illiq,BOT,24
427,1922,52.286275745954256,mom_24,BOT,24
428,16474,20.93227675610774,vol_ratio,BOT,24
429,5599,29.98670164647807,mom_24,TOP,24
430,4233,30.038036217302192,vol_ratio,BOT,24
431,10164,36.88619661230814,illiq,TOP,24
432,12440,24.35843927567296,mom_24,BOT,24
433,4680,45.08311003550939,mom_24,TOP,24
434,19575,37.70801283459966,mom_24,BOT,12
435,19273,28.853248507735756,illiq,TOP,24
436,12554,40.65920216600316,illiq,TOP,24
437,10455,25.74423210436084,illiq,TOP,24
438,2262,29.200346428051603,mom_24,BOT,24
439,5162,28.458517760790283,mom_24,TOP,24
440,11007,26.254125468815758,illiq,TOP,24
441,18179,26.696012408820987,range_pos,BOT,24
442,1315,23.882308807961998,vol_ratio,BOT,24
443,6798,42.82577797608451,mom_24,TOP,24
444,12802,22.100284187415447,vol_ratio,BOT,24
445,14228,17.24538992193671,vol_ratio,TOP,24
446,6871,14.51430928682641,range_pos,TOP,24
447,12904,18.217031716490755,vol_ratio,TOP,24
448,4882,22.843128066237465,vol_ratio,BOT,24
449,8505,23.453947086030112,illiq,TOP,24
450,6111,33.68310130901598,illiq,BOT,24
451,7483,32.84886764544766,illiq,TOP,24
452,3342,22.75420007914265,illiq,BOT,24
453,9854,23.88099062893829,vol_ratio,TOP,24
454,5016,18.48354744532183,illiq,BOT,24
455,17761,10.903600373037008,illiq,TOP,24
456,19193,43.36635883097873,illiq,TOP,24
457,6382,46.811219037125234,illiq,BOT,24
458,14426,40.60621379919995,vol_ratio,TOP,24
459,12747,51.77386958284939,mom_24,BOT,24
460,1385,29.66588223852778,illiq,BOT,24
461,18116,21.988609931474496,vol_ratio,TOP,24
462,9731,24.622213562536356,vol_ratio,BOT,24
463,15783,20.261087172059955,vol_ratio,BOT,24
464,11714,36.48103140754476,vol_ratio,TOP,24
465,11733,20.2227703383872,vol_ratio,TOP,12
466,1191,30.606312108170417,vol_ratio,TOP,24
467,7745,20.583096654930277,vol_ratio,BOT,24
468,19502,31.793499662334693,illiq,BOT,24
469,12051,44.20046527414884,vol_ratio,TOP,24
470,13088,18.037782846553014,mom_24,TOP,24
471,5970,35.53644838694511,illiq,BOT,24
472,19124,34.30662058485283,illiq,TOP,24
473,7090,38.100610976778,vol_ratio,TOP,24
474,15801,24.894189061758265,vol_ratio,TOP,24
475,14314,34.247306521290966,vol_ratio,BOT,24
476,18691,19.71288320987401,vol_ratio,BOT,24
477,9135,30.26927487481614,illiq,TOP,24
478,17809,10.982181499666297,cs_mom_rank,BOT,24
479,3843,27.109496652082623,vol_ratio,TOP,24
480,18492,30.61644385070522,vol_ratio,BOT,24
481,16270,26.872820969020914,vol_ratio,BOT,24
482,4945,26.93433313897589,mom_24,TOP,24
483,19128,35.20509946921993,illiq,TOP,24
484,17607,15.834336804335424,mom_24,TOP,24
485,5925,41.876395316428145,vol_ratio,TOP,24
486,19338,36.11610929288834,illiq,TOP,24
487,7806,23.647639547919578,vol_ratio,TOP,24
488,2473,32.41997691937574,mom_24,TOP,24
489,4548,31.965614790248583,vol_ratio,BOT,24
490,16983,31.72597387691863,vol_ratio,TOP,24
491,8866,19.591938094138328,range_pos,TOP,24
492,16423,37.44998082362823,mom_24,BOT,24
493,16193,19.96327559248924,vol_ratio,TOP,24
494,10659,30.607814043846485,vol_ratio,BOT,24
495,4937,17.292610135226674,vol_ratio,TOP,24
496,7114,23.556257230968935,illiq,TOP,24
497,5073,22.682821551079808,illiq,BOT,24
498,13706,30.16699198375096,vol_ratio,TOP,24
499,18174,33.57011782486207,mom_24,BOT,24
500,12099,43.71572785334993,mom_24,BOT,24
501,8056,31.968345651323002,vol_ratio,TOP,24
502,3830,18.638915238934835,range_pos,BOT,24
503,15968,45.986829562267424,vol_ratio,TOP,24
504,18977,18.90232562289193,vol_ratio,TOP,24
505,15531,31.325359616661807,vol_ratio,BOT,24
506,16206,20.516257100798548,vol_ratio,TOP,24
507,1324,29.953265178623475,vol_ratio,TOP,24
508,16236,17.753743769261977,mom_24,TOP,24
509,14438,40.631433157054516,vol_ratio,TOP,24
510,856,31.60086850950931,mom_24,TOP,24
511,4454,35.92687336238998,illiq,BOT,24
512,15337,20.60291446931086,range_pos,BOT,24
513,2540,36.689512468631705,mom_24,BOT,24
514,11308,24.80978036775231,mom_24,BOT,24
515,5724,45.62683542812985,vol_ratio,TOP,24
516,8408,31.272889073103812,illiq,TOP,24
517,10259,46.32039944671257,vol_ratio,BOT,24
518,12569,36.30142797495764,illiq,TOP,24
519,9782,44.067925714335225,vol_ratio,TOP,24
520,9363,41.812515441131914,vol_ratio,TOP,24
521,7505,25.07132654352501,illiq,BOT,24
522,5551,30.900867248540376,vol_ratio,BOT,24
523,8572,28.43154751034293,vol_ratio,TOP,24
524,7576,26.76118353516121,illiq,TOP,24
525,11725,30.04247470815118,vol_ratio,TOP,24
526,3159,44.34592031980612,vol_ratio,TOP,24
527,12091,39.45317244162961,mom_24,BOT,24
528,16716,14.770206547639566,illiq,BOT,24
529,6116,38.50087776268681,vol_ratio,TOP,24
530,15670,41.02781887831553,vol_ratio,BOT,24
531,13996,13.373007274002223,vol_ratio,BOT,24
532,4921,28.517283780663025,vol_ratio,BOT,24
533,8311,53.73271608316457,vol_ratio,TOP,24
534,3551,38.37892351791847,illiq,BOT,24
535,4529,20.616182315338893,vol_ratio,BOT,24
536,11219,30.654072090334715,vol_ratio,TOP,24
537,8137,33.41881069835511,illiq,TOP,24
538,7230,20.34181627430475,vol_ratio,TOP,24
539,3435,34.97842298552067,vol_ratio,BOT,24
540,961,33.18896458118687,mom_24,TOP,24
541,1561,43.89483269485361,vol_ratio,TOP,24
542,7418,41.02754836284073,vol_ratio,BOT,24
543,9988,32.98580721687627,illiq,BOT,24
544,11355,25.913783372633695,volume_z,BOT,24
545,19520,30.809648992071654,illiq,BOT,24
546,18868,40.391950069384805,mom_24,BOT,24
547,13392,43.565514539041885,vol_ratio,TOP,24
548,5108,37.21231108991644,mom_24,BOT,24
549,6293,36.17062952210979,illiq,BOT,24
550,2251,15.253108900890723,volume_z,BOT,24
551,6669,32.91699419674319,mom_24,BOT,24
552,16929,24.08142154900028,illiq,BOT,24
553,7293,31.918009397652597,vol_ratio,TOP,24
554,5879,80.17894472540209,vol_ratio,TOP,24
555,16201,21.246140009258983,vol_ratio,TOP,24
556,18680,15.249444921828674,illiq,BOT,24
557,7797,32.41073609644857,vol_ratio,TOP,24
558,9663,41.67114128432281,vol_ratio,BOT,24
559,2375,28.797724636316925,mom_24,BOT,24
560,15522,22.52073360112484,mom_24,TOP,24
561,19420,36.75679312702682,vol_ratio,BOT,24
562,7599,33.68592629384863,mom_24,BOT,24
563,18580,27.83372347275673,illiq,BOT,24
564,9355,47.1557520456969,vol_ratio,TOP,24
565,5198,20.289878707606213,range_pos,BOT,12
566,11764,36.310520785725274,vol_ratio,TOP,24
567,18290,33.72373905980738,vol_ratio,TOP,24
568,17529,23.174231875783175,mom_24,BOT,24
569,9123,32.40146479027471,illiq,TOP,24
570,10682,32.87457420257461,mom_24,BOT,24
571,3127,18.240058847431797,volume_z,BOT,24
572,19618,13.429642491891983,mom_24,BOT,24
573,18972,20.840823831287544,vol_ratio,TOP,24
574,15122,32.51888900360076,mom_24,TOP,24
575,5964,33.49652529103995,illiq,BOT,24
576,4671,25.936694041133098,vol_ratio,TOP,24
577,12292,29.673484554456923,mom_24,BOT,24
578,8821,43.01674869994239,vol_ratio,TOP,24
579,2982,27.51425957613112,illiq,BOT,24
580,7683,27.218953179320543,mom_24,TOP,24
581,12340,24.921684894108946,mom_24,BOT,24
582,2198,29.632378891249438,vol_ratio,TOP,24
583,4761,18.16309147493425,vol_ratio,TOP,24
584,11995,66.60536859372733,vol_ratio,BOT,24
585,12090,38.56272574815279,mom_24,BOT,24
586,10584,26.62930596682452,mom_24,BOT,24
587,12309,20.45902885057957,vol_ratio,TOP,24
588,5601,29.566208296697887,mom_24,TOP,24
589,10380,35.153994977960835,illiq,TOP,24
590,1633,33.68587193687229,mom_24,BOT,24
591,12651,20.55082023348515,illiq,TOP,24
592,10389,26.193399277968993,illiq,TOP,24
593,14663,33.68554561099162,mom_24,BOT,24
594,15545,28.053081813866882,mom_24,BOT,24
595,17795,15.312509416869851,mom_24,TOP,24
596,4753,38.38134080702803,vol_ratio,TOP,24
597,6388,48.71539351316866,illiq,BOT,24
598,6800,42.53808431681788,mom_24,TOP,24
599,2551,29.54800376959611,mom_24,BOT,24
600,12128,35.7014967506622,vol_ratio,TOP,24
601,7201,18.70872124850265,illiq,TOP,24
602,7748,20.037663564714517,vol_ratio,BOT,24
603,7018,23.85863875751308,volume_z,BOT,24
604,17689,30.160132125450623,vol_ratio,BOT,24
605,2190,27.769112605103338,vol_ratio,TOP,24
606,14941,39.463635467014214,vol_ratio,BOT,24
607,4057,33.05551785464545,vol_ratio,BOT,24
608,12416,8.504529903653884,vol_ratio,TOP,12
609,3453,56.17678797831587,illiq,BOT,24
610,4899,22.712014518226198,vol_ratio,BOT,24
611,18498,29.33387762285295,mom_24,BOT,24
612,4820,26.204748135621774,illiq,BOT,24
613,19489,33.31952970258491,illiq,BOT,24
614,2858,26.704658435125385,vol_ratio,TOP,24
615,8288,38.01551776311078,vol_ratio,TOP,24
616,2845,19.474529652441927,illiq,BOT,24
617,11033,21.255196027247294,mom_24,TOP,24
618,13268,28.59900632233654,vol_ratio,BOT,24
619,6379,45.50924744568371,illiq,BOT,24
620,2538,35.30184607641367,mom_24,BOT,24
621,12723,22.990824490949127,mom_24,BOT,24
622,17013,30.122032176719962,mom_24,TOP,24
623,8029,36.20464497825466,vol_ratio,TOP,24
624,13263,23.90364129208821,vol_ratio,TOP,24
625,4629,30.537111301977998,vol_ratio,BOT,24
626,4798,25.41670568570511,mom_24,TOP,24
627,18839,25.053252935658758,illiq,BOT,24
628,10600,37.9963101356445,vol_ratio,BOT,24
629,16858,24.829663619033997,illiq,BOT,24
630,6554,39.944485480438594,mom_24,TOP,24
631,10472,27.309362808747007,vol_ratio,TOP,24
632,2128,33.759037974094035,illiq,BOT,24
633,5170,30.835183644215366,vol_ratio,TOP,24
634,14725,24.478149092133553,mom_24,BOT,24
635,18264,58.948909447291264,vol_ratio,BOT,24
636,9095,26.96219169491521,illiq,TOP,24
637,8855,15.779938751141183,illiq,BOT,24
638,7182,27.10205345005695,illiq,TOP,24
639,8733,20.992975839534417,illiq,TOP,24
640,11657,26.446087040336064,mom_24,TOP,24
641,4233,30.038036217302192,vol_ratio,BOT,24
642,4664,23.683911167786494,vol_ratio,BOT,24
643,2494,35.293407366168,mom_24,BOT,24
644,8790,30.95341305276887,illiq,TOP,24
645,9053,27.443372964945667,vol_ratio,BOT,24
646,14211,19.320512149114542,vol_ratio,TOP,24
647,17769,14.804230883671803,vol_ratio,BOT,24
648,14392,22.209243036972094,range_pos,BOT,24
649,1086,30.35826090709767,mom_24,BOT,24
650,3476,27.77666457378246,illiq,BOT,24
651,8235,37.37249046647456,illiq,TOP,24
652,14530,23.42291030590756,illiq,TOP,24
653,13725,19.469340759141545,illiq,BOT,24
654,4291,30.87892470990779,vol_ratio,TOP,24
655,5450,21.890876544578138,illiq,TOP,24
656,15686,28.321575744251767,mom_24,TOP,24
657,6598,30.547440171579712,vol_ratio,BOT,24
658,8195,50.19759328712013,illiq,TOP,24
659,13118,28.929395277097676,vol_ratio,TOP,24
660,6727,19.68733133682161,mom_24,TOP,24
661,8396,37.305884640582285,illiq,TOP,24
662,2988,23.803806292946312,illiq,BOT,24
663,8198,48.78714108861611,illiq,TOP,24
664,7804,25.928437605742914,vol_ratio,TOP,24
665,2187,25.80335283029053,vol_ratio,TOP,24
666,18041,16.456137776786104,range_pos,BOT,24
667,19501,31.987948983727108,illiq,BOT,24
668,5321,27.81355546989682,illiq,BOT,24
669,9691,22.5577187166866,illiq,TOP,24
670,14812,29.263661669959323,vol_ratio,BOT,24
671,17877,12.887773704864816,volume_z,TOP,24
672,7096,34.925230463263965,vol_ratio,TOP,24
673,16807,25.856838314714544,illiq,BOT,24
674,7698,22.198362086191946,range_pos,TOP,24
675,11429,34.86715321896801,mom_24,BOT,24
676,12761,36.38293780339221,vol_ratio,BOT,24
677,11504,36.51542907907209,vol_ratio,TOP,24
678,12948,30.17600985617856,vol_ratio,TOP,24
679,5096,24.88460997446602,mom_24,BOT,24
680,13565,15.277354132988146,illiq,BOT,24
681,6224,35.198843143803266,illiq,BOT,24
682,16752,30.276175469335556,mom_24,BOT,24
683,16713,15.346451071258132,vol_ratio,TOP,24
684,14862,17.08914838885549,vol_ratio,TOP,24
685,3579,48.8477849190495,vol_ratio,TOP,24
686,5456,16.238173314137807,illiq,TOP,24
687,10596,34.81503059414845,vol_ratio,BOT,24
688,15032,24.532132491958304,mom_24,BOT,24
689,18794,14.75468398464656,vol_ratio,TOP,12
690,3913,33.507116996277595,mom_24,TOP,24
691,6792,34.096678168026976,mom_24,TOP,24
692,18412,25.53838503525803,mom_24,TOP,24
693,15204,34.486889481684344,vol_ratio,TOP,24
694,5936,32.740856523400716,volume_z,BOT,24
695,7690,22.643243437054394,illiq,TOP,24
696,6594,31.256762440714038,vol_ratio,BOT,24
697,914,22.595086961307373,illiq,TOP,24
698,13381,34.68110313989991,mom_24,BOT,24
699,9798,39.62405956165795,vol_ratio,TOP,24
700,9974,30.54722802055344,illiq,BOT,24
701,3792,51.75442959131597,mom_24,BOT,24
702,9480,19.394457175843623,range_pos,TOP,12
703,1098,26.127935014558798,illiq,BOT,24
704,842,21.160760943514227,mom_24,TOP,24
705,8960,21.003368651343617,illiq,TOP,24
706,13281,35.022967429155365,vol_ratio,BOT,24
707,7551,40.233799470889146,mom_24,BOT,24
708,11868,31.02741833520517,vol_ratio,TOP,24
709,17700,16.97783078011193,vol_ratio,BOT,12
710,3775,31.799941560638267,vol_ratio,TOP,24
711,17435,17.99839869975047,mom_24,TOP,24
712,2149,27.972077864894334,illiq,BOT,24
713,9478,16.804706030276037,range_pos,TOP,24
714,13831,25.19209968138919,range_pos,TOP,24
715,8922,39.4176857410931,vol_ratio,TOP,24
716,16537,24.884926064913717,vol_ratio,BOT,24
717,2666,23.202618567038954,illiq,BOT,24
718,2571,23.707203895573237,illiq,BOT,24
719,7999,28.1503948698721,illiq,TOP,24
720,6800,42.53808431681788,mom_24,TOP,24
721,4378,41.209873833289166,vol_ratio,TOP,24
722,2499,35.4134564435878,mom_24,BOT,24
723,5850,28.206669140098846,illiq,TOP,24
724,14310,34.7787832956285,vol_ratio,BOT,24
725,13872,18.65188006433916,mom_24,BOT,24
726,1401,32.24609920649016,illiq,BOT,24
727,19240,44.17981107510357,illiq,TOP,24
728,9494,35.02125049643505,mom_24,BOT,24
729,14433,39.40112729311872,vol_ratio,TOP,24
730,753,44.68668899193204,illiq,BOT,24
731,915,23.428961474113905,illiq,TOP,24
732,19136,37.30020136347778,illiq,TOP,24
733,17114,21.16726553236376,mom_24,BOT,24
734,19448,32.74402945640183,illiq,BOT,24
735,7532,25.02959804018099,vol_ratio,TOP,24
736,10077,34.00932450866093,illiq,TOP,24
737,9997,36.31836837435974,mom_24,BOT,24
738,9934,47.21047906295956,vol_ratio,BOT,24
739,14143,21.038503745898552,range_pos,BOT,24
740,10280,36.959869745916684,vol_ratio,TOP,24
741,11352,25.58245443271741,volume_z,BOT,24
742,3599,41.32323723708288,vol_ratio,TOP,24
743,2904,19.3290551816869,illiq,BOT,24
744,3050,47.64221223979241,vol_ratio,TOP,24
745,14546,35.57508354582311,mom_24,TOP,24
746,14327,37.56591979591729,mom_24,TOP,24
747,8458,39.494088084860095,illiq,TOP,24
748,12809,24.87959778510463,illiq,TOP,24
749,12816,29.100520721195675,illiq,TOP,24
750,5873,64.96753463320493,vol_ratio,TOP,24
751,7245,17.992556089585104,mom_24,TOP,24
752,10771,26.990479867325618,vol_ratio,BOT,24
753,12339,24.442423259567622,mom_24,BOT,24
754,19101,38.10305615999987,mom_24,BOT,24
755,10454,25.655352763116287,illiq,TOP,24
756,919,25.76607695596807,illiq,TOP,24
757,16586,26.69852683486618,illiq,BOT,24
758,3509,36.11948269602118,illiq,BOT,24
759,1539,32.06174339092934,vol_ratio,TOP,24
760,1918,52.05199209881408,mom_24,BOT,24
761,16785,26.004069828419606,mom_24,TOP,24
762,7347,34.60943892957046,vol_ratio,BOT,24
763,10582,23.800540174538682,mom_24,BOT,24
764,17221,24.479407752910795,mom_24,TOP,24
765,18547,22.8246867721856,vol_ratio,BOT,24
766,17498,35.37573936554684,vol_ratio,BOT,24
767,4946,27.542101411235045,mom_24,TOP,24
768,6574,39.27947858965961,illiq,BOT,24
769,18306,27.054408446626933,range_pos,TOP,24
770,11996,66.10717569796965,vol_ratio,BOT,24
771,4169,41.7531454740228,mom_24,BOT,24
772,14875,22.415027586423943,mom_24,TOP,24
773,9853,24.166994618123987,vol_ratio,TOP,24
774,8881,18.996822279585796,range_pos,TOP,24
775,18804,26.89068463231499,vol_ratio,TOP,24
776,3923,38.476393666595925,illiq,BOT,24
777,8392,37.92415660605867,illiq,TOP,24
778,1982,27.85901839752587,mom_24,TOP,24
779,13961,17.82417506628233,mom_24,BOT,24
780,14863,15.794055784603486,mom_24,TOP,24
781,17565,36.01838356858966,mom_24,TOP,24
782,6322,32.431470027212704,illiq,BOT,24
783,15587,30.398844072651137,mom_24,BOT,24
784,11683,22.050891469589796,volume_z,TOP,24
785,17952,34.336893321305325,range_pos,BOT,24
786,14551,36.50471612282121,mom_24,TOP,24
787,12403,16.344065739982533,volume_z,TOP,24
788,3539,33.18838739076857,mom_24,BOT,24
789,14961,36.3833374237719,vol_ratio,BOT,24
790,3709,47.5637262367736,illiq,BOT,24
791,8349,39.241472639130095,illiq,TOP,24
792,18922,23.20858174397189,illiq,BOT,24
793,10262,46.53546747688858,vol_ratio,BOT,24
794,3870,22.286728679509316,mom_24,TOP,24
795,9801,33.995392166048475,vol_ratio,TOP,24
796,15706,14.579597406588151,range_pos,TOP,24
797,15373,21.27508813889802,range_pos,BOT,24
798,3345,23.94468451371933,illiq,BOT,24
799,9662,42.16467729198713,vol_ratio,BOT,24
800,16756,26.828881216910133,mom_24,BOT,24
801,9440,29.250436919631543,vol_ratio,TOP,24
802,9610,22.849053216682623,illiq,TOP,24
803,17539,30.589569556202058,illiq,TOP,24
804,12915,24.52585466871751,vol_ratio,BOT,24
805,9412,18.479007099050147,range_pos,TOP,24
806,7729,14.661746274209015,vol_ratio,BOT,24
807,8952,20.0132605676269,illiq,TOP,24
808,2274,37.17606014536955,mom_24,BOT,24
809,10675,38.63823992886004,mom_24,BOT,24
810,5302,32.81056726063083,illiq,BOT,24
811,15678,34.64143078334615,vol_ratio,BOT,24
812,9004,20.27445477274081,vol_ratio,BOT,12
813,5496,29.366564223627755,vol_ratio,BOT,24
814,3283,29.542848575301015,vol_ratio,TOP,24
815,18369,18.066196670687884,vol_ratio,TOP,12
816,12859,25.977246673026585,illiq,TOP,24
817,5068,22.483359507736537,illiq,BOT,24
818,1847,57.09167939285619,vol_ratio,TOP,24
819,10500,35.75019435957057,illiq,BOT,24
820,14576,22.444620746367075,vol_ratio,TOP,24
821,13736,24.242569116145468,mom_24,BOT,24
822,11415,37.689280972432,vol_ratio,TOP,24
823,9131,30.81629700834565,illiq,TOP,24
824,16747,31.946412390823127,mom_24,BOT,24
825,14049,19.875734684496617,mom_24,TOP,24
826,9470,26.80742348590198,mom_24,TOP,24
827,1414,34.42441305268925,illiq,BOT,24
828,18116,21.988609931474496,vol_ratio,TOP,24
829,12067,17.599555525513086,range_pos,TOP,24
830,3651,34.450253810889976,illiq,BOT,24
831,5506,40.941626985799935,mom_24,BOT,24
832,12338,22.416970701143168,mom_24,BOT,24
833,13697,24.043320558498124,vol_ratio,TOP,24
834,13915,37.90021063889986,vol_ratio,TOP,24
835,19086,24.5469746317854,illiq,TOP,24
836,17508,20.84979872239991,mom_24,BOT,24
837,1415,34.5593612127077,illiq,BOT,24
838,15311,50.415151549856056,mom_24,BOT,24
839,12047,44.99010469083853,vol_ratio,TOP,24
840,11394,20.296269206986853,vol_ratio,TOP,24
841,11388,22.450998987722993,vol_ratio,BOT,24
842,14628,17.493827922118754,illiq,BOT,24
843,2533,31.209937141426938,mom_24,BOT,24
844,17625,39.44758944797198,mom_24,BOT,24
845,18126,16.709600119746725,range_pos,TOP,24
846,11930,36.08505706848644,vol_ratio,TOP,24
847,18289,33.59684954753261,vol_ratio,TOP,24
848,6877,15.454472606638355,vol_ratio,BOT,24
849,10372,41.339173802357635,illiq,TOP,24
850,7349,33.67323540252117,vol_ratio,BOT,24
851,4107,29.273769839258957,mom_24,BOT,24
852,16524,26.75685359508034,vol_ratio,TOP,24
853,3207,35.78777853415429,volume_z,BOT,24
854,13502,24.854114745163606,illiq,BOT,24
855,10281,36.54052110999729,vol_ratio,TOP,24
856,8973,32.83396555377038,vol_ratio,BOT,24
857,8025,31.542260596768937,vol_ratio,TOP,24
858,4720,33.20138750296629,vol_ratio,TOP,24
859,14613,26.63786235216186,range_pos,BOT,24
860,16759,25.603339188288906,vol_ratio,TOP,24
861,12271,19.900404218133733,vol_ratio,TOP,24
862,1406,34.15950922559093,illiq,BOT,24
863,5369,27.231594822176067,vol_ratio,TOP,24
864,5721,43.47314402829676,vol_ratio,TOP,24
865,8087,55.459186276083344,illiq,TOP,24
866,5464,20.60869016798335,mom_24,BOT,24
867,976,27.076440739107486,illiq,TOP,24
868,17269,31.983480576261844,mom_24,TOP,24
869,15566,38.38085430923937,mom_24,BOT,24
870,5332,21.013771807800886,illiq,BOT,24
871,17744,28.168316274607204,vol_ratio,BOT,24
872,15220,28.59155080093771,illiq,TOP,24
873,7568,24.37954870305232,illiq,TOP,24
874,19125,34.22016860525754,illiq,TOP,24
875,3451,55.4882174049529,illiq,BOT,24
876,6697,25.506675581344172,mom_24,TOP,24
877,16561,28.95740517405352,illiq,BOT,24
878,7696,24.471003299260886,range_pos,TOP,24
879,2681,35.86716919561951,illiq,BOT,24
880,2596,61.93952170857986,mom_24,BOT,24
881,10276,41.43870330947058,vol_ratio,TOP,24
882,7894,37.507692404644445,vol_ratio,TOP,24
883,2128,33.759037974094035,illiq,BOT,24
884,4595,35.940638218558426,mom_24,BOT,24
885,17495,34.715585589128686,vol_ratio,BOT,24
886,14772,41.076886334175065,vol_ratio,BOT,24
887,10938,34.890519898997695,vol_ratio,TOP,24
888,10960,51.29997876456403,mom_24,BOT,24
889,4354,26.418535754571735,vol_ratio,TOP,24
890,11187,19.65090758158297,vol_ratio,BOT,24
891,15054,30.866948388976315,vol_ratio,BOT,24
892,15751,24.871267103319344,vol_ratio,TOP,12
893,2793,28.033930370962622,illiq,BOT,24
894,12672,29.38639796238642,illiq,TOP,24
895,5025,19.081385940109087,illiq,BOT,24
896,13832,23.81320178769989,range_pos,TOP,24
897,12682,24.50905163749822,vol_ratio,TOP,24
898,7349,33.67323540252117,vol_ratio,BOT,24
899,10221,31.567152674149206,illiq,TOP,24
900,5477,22.005051448802643,mom_24,BOT,24
901,11483,25.602634082129274,vol_ratio,BOT,24
902,11110,17.28810649710204,mom_24,BOT,24
903,4043,34.36758903873084,vol_ratio,BOT,24
904,5431,24.74407445933697,illiq,TOP,24
905,10978,27.88389043315957,mom_24,BOT,24
906,7639,18.619489625183057,illiq,TOP,24
907,5410,26.079481921838823,mom_24,BOT,24
908,3972,24.13831893678805,illiq,BOT,24
909,2769,21.04949773351226,vol_ratio,BOT,24
910,17482,24.001397086631684,vol_ratio,TOP,24
911,4783,29.77869175043095,illiq,BOT,24
912,12102,41.638318739780935,mom_24,BOT,24
913,4942,20.402517089354404,mom_24,TOP,24
914,6698,26.509133546259303,range_pos,BOT,24
915,8799,35.82887553341217,illiq,TOP,24
916,740,46.45972692123096,illiq,BOT,24
917,17176,13.410223890212635,cs_mom_rank,TOP,24
918,7551,40.233799470889146,mom_24,BOT,24
919,4126,30.923058306978756,mom_24,BOT,24
920,11308,24.80978036775231,mom_24,BOT,24
921,6137,39.36006870647865,illiq,BOT,24
922,5108,37.21231108991644,mom_24,BOT,24
923,18841,24.85598701910632,illiq,BOT,24
924,8506,22.849288152913,illiq,TOP,24
925,16046,17.50956322392683,vol_ratio,BOT,24
926,8764,30.61325087333072,illiq,TOP,24
927,9631,26.790003787814104,illiq,TOP,24
928,5016,18.48354744532183,illiq,BOT,24
929,5080,17.76564159003162,illiq,TOP,24
930,8796,34.677460658749276,illiq,TOP,24
931,14356,14.509802174086804,volume_z,BOT,24
932,13736,24.242569116145468,mom_24,BOT,24
933,1254,39.50786806814715,vol_ratio,BOT,24
934,15070,19.870146132113952,mom_24,TOP,24
935,19286,40.60815960717867,illiq,TOP,24
936,19100,37.34225267039016,mom_24,BOT,24
937,17810,10.80578432152206,cs_mom_rank,BOT,24
938,11375,34.84014778077755,vol_ratio,BOT,24
939,8282,44.174005937063576,mom_24,BOT,24
940,5704,25.719852635633703,vol_ratio,TOP,24
941,14790,26.6587856654972,vol_ratio,BOT,24
942,8716,19.993796218862876,illiq,TOP,24
943,3656,30.27048073557453,illiq,BOT,24
944,2674,30.853422050704772,illiq,BOT,24
945,13033,21.55382789678867,vol_ratio,TOP,24
946,13952,23.870045782837536,mom_24,BOT,24
947,18954,37.258675701211445,vol_ratio,BOT,24
948,18625,42.42705527171911,vol_ratio,TOP,24
949,1394,30.970674128844735,illiq,BOT,24
950,19168,31.422687362645526,illiq,TOP,24
951,13645,38.88293221920382,vol_ratio,TOP,24
952,10008,40.771139332924356,mom_24,BOT,24
953,8524,23.84791001316179,illiq,TOP,24
954,6261,44.603357712347645,illiq,BOT,24
955,10881,30.400437806654082,illiq,TOP,24
956,15661,41.481941974431685,vol_ratio,BOT,24
957,8013,26.676855978773418,illiq,TOP,24
958,13092,17.012706214441607,range_pos,BOT,24
959,18640,34.73955987413453,vol_ratio,TOP,24
960,3841,25.69547028975376,vol_ratio,TOP,24
961,10715,28.014455967404235,illiq,BOT,24
962,9657,46.23934994715378,vol_ratio,BOT,24
963,10648,35.89396090633164,vol_ratio,BOT,24
964,6783,46.113707010125665,vol_ratio,TOP,24
965,5190,32.6756901131988,mom_24,BOT,24
966,12063,23.384550296137824,vol_ratio,TOP,24
967,3969,24.986936138316363,illiq,BOT,24
968,14189,26.53012648768958,mom_24,TOP,24
969,5498,29.185244055467212,vol_ratio,BOT,24
970,6777,47.18969989302387,vol_ratio,TOP,24
971,14588,15.546797019995283,illiq,BOT,24
972,17738,26.03944807584213,vol_ratio,BOT,24
973,15982,13.837168906504065,vol_ratio,TOP,12
974,15046,36.46966116071636,vol_ratio,BOT,24
975,10949,41.05526405592155,mom_24,BOT,24
976,16983,31.72597387691863,vol_ratio,TOP,24
977,11583,24.910431171799477,mom_24,BOT,24
978,1177,29.317644244727084,illiq,BOT,24
979,3400,42.48687310112311,vol_ratio,TOP,24
980,14805,26.7243988036776,vol_ratio,BOT,24
981,10756,15.69206009144393,vol_ratio,BOT,24
982,15734,44.82182498286666,vol_ratio,TOP,24
983,12534,33.64563742388911,vol_ratio,TOP,24
984,3600,41.70326713163638,vol_ratio,BOT,24
985,17465,38.872282472980395,vol_ratio,BOT,24
986,9859,18.38373615687253,vol_ratio,TOP,24
987,2994,22.62717517225185,illiq,BOT,24
988,1927,43.667377703140396,mom_24,BOT,24
989,12818,30.951267951868015,illiq,TOP,24
990,15068,16.86312596157618,mom_24,TOP,24
991,17950,37.0412130299875,mom_24,BOT,24
992,8179,51.37190529122943,illiq,TOP,24
993,18023,31.454730272617702,mom_24,BOT,24
994,8748,28.396115704405226,mom_24,TOP,24
995,1343,26.093373381405097,illiq,BOT,24
996,4706,14.958013624988812,vol_ratio,BOT,24
997,17892,12.41172208173104,vol_ratio,BOT,24
998,7913,27.770180535027475,vol_ratio,TOP,24
999,2641,50.65500623252489,mom_24,BOT,24
