instrument,train_bars,val_bars,test_bars,trainval_bars,census_bars,census_first,census_last,test_first,test_last,test_dates,max_bar_read_by_fwd24
BTC,25368,3600,3624,28968,28944,2022-01-01 00:00:00+00:00,2025-04-20 23:00:00+00:00,2025-04-22 00:00:00+00:00,2025-09-19 23:00:00+00:00,151,2025-04-22 00:00:00+00:00
ETH,25368,3600,3624,28968,28944,2022-01-01 00:00:00+00:00,2025-04-20 23:00:00+00:00,2025-04-22 00:00:00+00:00,2025-09-19 23:00:00+00:00,151,2025-04-22 00:00:00+00:00
SOL,25368,3600,3624,28968,28944,2022-01-01 00:00:00+00:00,2025-04-20 23:00:00+00:00,2025-04-22 00:00:00+00:00,2025-09-19 23:00:00+00:00,151,2025-04-22 00:00:00+00:00
BNB,16818,3600,3624,20418,20394,2022-12-23 06:00:00+00:00,2025-04-20 23:00:00+00:00,2025-04-22 00:00:00+00:00,2025-09-19 23:00:00+00:00,151,2025-04-22 00:00:00+00:00
XRP,25368,3600,3624,28968,28944,2022-01-01 00:00:00+00:00,2025-04-20 23:00:00+00:00,2025-04-22 00:00:00+00:00,2025-09-19 23:00:00+00:00,151,2025-04-22 00:00:00+00:00
ADA,25368,3600,3624,28968,28944,2022-01-01 00:00:00+00:00,2025-04-20 23:00:00+00:00,2025-04-22 00:00:00+00:00,2025-09-19 23:00:00+00:00,151,2025-04-22 00:00:00+00:00
AVAX,25368,3600,3624,28968,28944,2022-01-01 00:00:00+00:00,2025-04-20 23:00:00+00:00,2025-04-22 00:00:00+00:00,2025-09-19 23:00:00+00:00,151,2025-04-22 00:00:00+00:00
DOT,25368,3600,3624,28968,28944,2022-01-01 00:00:00+00:00,2025-04-20 23:00:00+00:00,2025-04-22 00:00:00+00:00,2025-09-19 23:00:00+00:00,151,2025-04-22 00:00:00+00:00
LINK,25368,3600,3624,28968,28944,2022-01-01 00:00:00+00:00,2025-04-20 23:00:00+00:00,2025-04-22 00:00:00+00:00,2025-09-19 23:00:00+00:00,151,2025-04-22 00:00:00+00:00
