,BENCHMARK (hold basket),S3 gated vol-target basket,S1 cascade rev — TAKER,S1 cascade rev — MAKER,S2 trend-gated casc — TAKER,S2 trend-gated casc — MAKER,S5 majors/alts spread
2025-09,5.337210785834068,1.5941629039156746,2.017605511400933,2.13580018082391,1.0130027654559726,1.0936955222270672,0.4708442893652576
2025-10,-14.969025820805493,-12.22528386127345,-10.858534413586597,-10.636443204106783,-8.2313123502053,-8.048186142183367,3.9558480179931577
2025-11,-23.02688012238512,-2.7076390475762158,4.293928563830751,4.5367222176107225,0.0,0.0,0.42940932702191237
2025-12,-8.930573335655613,0.0,0.0,0.0,0.0,0.0,0.0
2026-01,-13.875896629343732,0.0,-4.296516200977496,-3.9685954850895433,-0.5225862964705286,-0.5101742885562865,-0.7073017605150889
2026-02,-12.211389878784107,0.0,-10.729201911887042,-10.417203242372475,0.0,0.0,-0.8181125232180175
2026-03,-4.112603462890618,0.0,0.0,0.0,0.0,0.0,0.0
2026-04,2.719054133815768,0.0,-0.2664483897950376,-0.2427262322469148,0.0,0.0,0.0
2026-05,-0.9874750353703332,0.0,0.20296025307786625,0.12906142746511584,0.0,0.0,-1.341504316815445
2026-06,-23.989465558404177,0.0,-14.742618271172258,-14.438898883200258,0.0,0.0,1.218936228911982
2026-07,6.0180151261166825,0.0,1.3366202029243768,1.3611664890321284,0.0,0.0,-1.0620334280096788
2026-08,25.193709522990492,-2.947327359305729,2.5939056015313655,2.3025593005905787,2.038504402198371,1.689767249036156,1.5731265907720227
