instrument,signal_time,entry_time,exit_time,gross,net,fees_slippage,side_cost_bps,bars_held
BTC_SPOT,2021-05-27 04:00:00+00:00,2021-05-27 08:00:00+00:00,2021-05-27 20:00:00+00:00,0.01295915514669188,0.010733093672990357,0.002226061473701524,11.0,3
BTC_SPOT,2021-05-29 00:00:00+00:00,2021-05-29 04:00:00+00:00,2021-05-29 16:00:00+00:00,-0.05586975243967329,-0.05794455669962029,0.002074804259946994,11.0,3
BTC_SPOT,2021-05-30 00:00:00+00:00,2021-05-30 04:00:00+00:00,2021-05-30 16:00:00+00:00,0.02052084291892875,0.018278164011305442,0.002242678907623308,11.0,3
BTC_SPOT,2021-05-31 04:00:00+00:00,2021-05-31 08:00:00+00:00,2021-05-31 20:00:00+00:00,0.028033656004841312,0.025774467069459517,0.002259188935381795,11.0,3
BTC_SPOT,2021-06-01 20:00:00+00:00,2021-06-02 00:00:00+00:00,2021-06-02 12:00:00+00:00,0.013940558439965667,0.011712340251404996,0.002228218188560671,11.0,3
BTC_SPOT,2021-06-04 12:00:00+00:00,2021-06-04 16:00:00+00:00,2021-06-05 04:00:00+00:00,0.012121294128790483,0.009897073923932354,0.0022242202048581294,11.0,3
BTC_SPOT,2021-06-06 00:00:00+00:00,2021-06-06 04:00:00+00:00,2021-06-06 16:00:00+00:00,0.004491866305168957,0.0022844123985947817,0.002207453906574175,11.0,3
BTC_SPOT,2021-06-08 04:00:00+00:00,2021-06-08 08:00:00+00:00,2021-06-08 20:00:00+00:00,-0.0031276828754053243,-0.005318392192830368,0.0021907093174250436,11.0,3
BTC_SPOT,2021-06-10 20:00:00+00:00,2021-06-11 00:00:00+00:00,2021-06-11 12:00:00+00:00,0.019044451592853173,0.01680501717720606,0.0022394344156471124,11.0,3
BTC_SPOT,2021-06-12 08:00:00+00:00,2021-06-12 12:00:00+00:00,2021-06-13 00:00:00+00:00,-0.0014158934034538273,-0.003610364519738507,0.0021944711162846797,11.0,3
BTC_SPOT,2021-06-19 04:00:00+00:00,2021-06-19 08:00:00+00:00,2021-06-19 20:00:00+00:00,0.004219185278117044,0.0020123306106392125,0.002206854667477831,11.0,3
BTC_SPOT,2021-06-20 04:00:00+00:00,2021-06-20 08:00:00+00:00,2021-06-20 20:00:00+00:00,-0.0038276760057469605,-0.006016847030407169,0.002189171024660208,11.0,3
BTC_SPOT,2021-06-21 12:00:00+00:00,2021-06-21 16:00:00+00:00,2021-06-22 04:00:00+00:00,0.010147858303224178,0.00792797488671515,0.0022198834165090275,11.0,3
BTC_SPOT,2021-06-24 04:00:00+00:00,2021-06-24 08:00:00+00:00,2021-06-24 20:00:00+00:00,0.0610743036695125,0.05874250517977808,0.0023317984897344157,11.0,3
BTC_SPOT,2021-06-28 20:00:00+00:00,2021-06-29 00:00:00+00:00,2021-06-29 12:00:00+00:00,0.030951925362835864,0.028686323289318416,0.0022656020735174476,11.0,3
BTC_SPOT,2021-06-30 16:00:00+00:00,2021-06-30 20:00:00+00:00,2021-07-01 08:00:00+00:00,-0.04020120747506495,-0.042310444657718715,0.002109237182653767,11.0,3
BTC_SPOT,2021-07-07 04:00:00+00:00,2021-07-07 08:00:00+00:00,2021-07-07 20:00:00+00:00,-0.002445678005893903,-0.004637886085393617,0.0021922080794997134,11.0,3
BTC_SPOT,2021-07-09 00:00:00+00:00,2021-07-09 04:00:00+00:00,2021-07-09 16:00:00+00:00,0.018559949486823824,0.016321579804603026,0.0022383696822207977,11.0,3
BTC_SPOT,2021-07-10 20:00:00+00:00,2021-07-11 00:00:00+00:00,2021-07-11 12:00:00+00:00,0.009091370210023486,0.0068738085134274485,0.0022175616965960376,11.0,3
BTC_SPOT,2021-07-12 20:00:00+00:00,2021-07-13 00:00:00+00:00,2021-07-13 12:00:00+00:00,-0.0016710078624999625,-0.003864918343673196,0.0021939104811732335,11.0,3
BTC_SPOT,2021-07-14 04:00:00+00:00,2021-07-14 08:00:00+00:00,2021-07-14 20:00:00+00:00,0.025336403653053896,0.0230831421526676,0.0022532615003862944,11.0,3
BTC_SPOT,2021-07-15 20:00:00+00:00,2021-07-16 00:00:00+00:00,2021-07-16 12:00:00+00:00,-0.02493420619261666,-0.02707699387254514,0.0021427876799284817,11.0,3
BTC_SPOT,2021-07-17 04:00:00+00:00,2021-07-17 08:00:00+00:00,2021-07-17 20:00:00+00:00,0.01032206885610032,0.008101802597501262,0.0022202662585990574,11.0,3
BTC_SPOT,2021-07-18 16:00:00+00:00,2021-07-18 20:00:00+00:00,2021-07-19 08:00:00+00:00,-0.0012641226198941702,-0.003458927265020728,0.002194804645126558,11.0,3
BTC_SPOT,2021-07-20 04:00:00+00:00,2021-07-20 08:00:00+00:00,2021-07-20 20:00:00+00:00,-0.0011636407535832172,-0.003358666215916739,0.002195025462333522,11.0,3
BTC_SPOT,2021-07-23 12:00:00+00:00,2021-07-23 16:00:00+00:00,2021-07-24 04:00:00+00:00,0.0418907794482648,0.03960113833869894,0.0022896411095658653,11.0,3
BTC_SPOT,2021-09-29 00:00:00+00:00,2021-09-29 04:00:00+00:00,2021-09-29 16:00:00+00:00,-0.011837025837656223,-0.014008595654015354,0.0021715698163591313,11.0,3
BTC_SPOT,2021-11-28 16:00:00+00:00,2021-11-28 20:00:00+00:00,2021-11-29 08:00:00+00:00,0.052817913387628534,0.05050425899800404,0.0023136543896244977,11.0,3
BTC_SPOT,2021-12-05 00:00:00+00:00,2021-12-05 04:00:00+00:00,2021-12-05 16:00:00+00:00,-0.024619521114213838,-0.02676300034061363,0.0021434792263997915,11.0,3
BTC_SPOT,2021-12-06 08:00:00+00:00,2021-12-06 12:00:00+00:00,2021-12-07 00:00:00+00:00,0.0381753551088122,0.0358938789513461,0.0022814761574661002,11.0,3
BTC_SPOT,2021-12-08 04:00:00+00:00,2021-12-08 08:00:00+00:00,2021-12-08 20:00:00+00:00,-0.0010517184009127822,-0.003246989821867774,0.0021952714209549917,11.0,3
BTC_SPOT,2021-12-11 00:00:00+00:00,2021-12-11 04:00:00+00:00,2021-12-11 16:00:00+00:00,0.009320486437470743,0.007102421239026713,0.0022180651984440303,11.0,3
BTC_SPOT,2021-12-18 00:00:00+00:00,2021-12-18 04:00:00+00:00,2021-12-18 16:00:00+00:00,0.012458387430573703,0.010233426435321213,0.0022249609952524896,11.0,3
BTC_SPOT,2021-12-19 20:00:00+00:00,2021-12-20 00:00:00+00:00,2021-12-20 12:00:00+00:00,-0.012782748965833313,-0.014952240477445922,0.002169491511612609,11.0,3
BTC_SPOT,2021-12-31 20:00:00+00:00,2022-01-01 00:00:00+00:00,2022-01-01 12:00:00+00:00,0.011731283928660297,0.00950792080345475,0.0022233631252055464,11.0,3
BTC_SPOT,2022-01-02 20:00:00+00:00,2022-01-03 00:00:00+00:00,2022-01-03 12:00:00+00:00,0.0017424402622119306,-0.0004589715533680483,0.002201411815579979,11.0,3
BTC_SPOT,2022-01-05 12:00:00+00:00,2022-01-05 16:00:00+00:00,2022-01-06 04:00:00+00:00,-0.08097521210756076,-0.08299484504469334,0.002019632937132587,11.0,3
BTC_SPOT,2022-01-07 08:00:00+00:00,2022-01-07 12:00:00+00:00,2022-01-08 00:00:00+00:00,-0.016522901802089596,-0.018684174018686828,0.002161272216597232,11.0,3
BTC_SPOT,2022-01-08 08:00:00+00:00,2022-01-08 12:00:00+00:00,2022-01-09 00:00:00+00:00,-0.006165642635919455,-0.008349675785655819,0.002184033149736364,11.0,3
BTC_SPOT,2022-01-09 08:00:00+00:00,2022-01-09 12:00:00+00:00,2022-01-10 00:00:00+00:00,2.6274554765670644e-05,-0.002171365844815476,0.0021976403995811467,11.0,3
BTC_SPOT,2022-01-10 16:00:00+00:00,2022-01-10 20:00:00+00:00,2022-01-11 08:00:00+00:00,0.022172820132804416,0.019926510868702563,0.0022463092641018534,11.0,3
BTC_SPOT,2022-01-14 00:00:00+00:00,2022-01-14 04:00:00+00:00,2022-01-14 16:00:00+00:00,0.010929218068389757,0.008707617549210234,0.002221600519179523,11.0,3
BTC_SPOT,2022-01-16 12:00:00+00:00,2022-01-16 16:00:00+00:00,2022-01-17 04:00:00+00:00,-0.013422632473886864,-0.015590717788598218,0.0021680853147113543,11.0,3
BTC_SPOT,2022-01-18 04:00:00+00:00,2022-01-18 08:00:00+00:00,2022-01-18 20:00:00+00:00,-0.008547394649497386,-0.010726193702310427,0.0021787990528130408,11.0,3
BTC_SPOT,2022-01-21 04:00:00+00:00,2022-01-21 08:00:00+00:00,2022-01-21 20:00:00+00:00,-0.029535228936348523,-0.03166790548848131,0.002132676552132784,11.0,3
BTC_SPOT,2022-01-22 08:00:00+00:00,2022-01-22 12:00:00+00:00,2022-01-23 00:00:00+00:00,-0.00959797532998341,-0.011774465644911136,0.002176490314927726,11.0,3
BTC_SPOT,2022-01-24 12:00:00+00:00,2022-01-24 16:00:00+00:00,2022-01-25 04:00:00+00:00,0.06356729039643061,0.061230013362296054,0.002337277034134555,11.0,3
BTC_SPOT,2022-01-27 04:00:00+00:00,2022-01-27 08:00:00+00:00,2022-01-27 20:00:00+00:00,0.0009949148795047602,-0.0012048541872566876,0.002199769066761448,11.0,3
BTC_SPOT,2022-01-30 20:00:00+00:00,2022-01-31 00:00:00+00:00,2022-01-31 12:00:00+00:00,-0.016387775405670046,-0.01854934457369284,0.002161569168022792,11.0,3
BTC_SPOT,2022-02-20 12:00:00+00:00,2022-02-20 16:00:00+00:00,2022-02-21 04:00:00+00:00,0.015130609423701369,0.012899775999735574,0.0022308334239657945,11.0,3
BTC_SPOT,2022-02-22 04:00:00+00:00,2022-02-22 08:00:00+00:00,2022-02-22 20:00:00+00:00,0.03513533358170995,0.03286053812283485,0.0022747954588751007,11.0,3
BTC_SPOT,2022-02-24 04:00:00+00:00,2022-02-24 08:00:00+00:00,2022-02-24 20:00:00+00:00,0.05641740154849084,0.054095836986102874,0.0023215645623879677,11.0,3
BTC_SPOT,2022-03-06 12:00:00+00:00,2022-03-06 16:00:00+00:00,2022-03-07 04:00:00+00:00,-0.025378254636981068,-0.027520066483748273,0.0021418118467672054,11.0,3
BTC_SPOT,2022-03-10 12:00:00+00:00,2022-03-10 16:00:00+00:00,2022-03-11 04:00:00+00:00,-0.011896983000663552,-0.014068421056201097,0.0021714380555375445,11.0,3
BTC_SPOT,2022-03-12 04:00:00+00:00,2022-03-12 08:00:00+00:00,2022-03-12 20:00:00+00:00,-0.0020532568284212793,-0.004246327285895468,0.002193070457474189,11.0,3
BTC_SPOT,2022-03-13 12:00:00+00:00,2022-03-13 16:00:00+00:00,2022-03-14 04:00:00+00:00,-0.020239816529311838,-0.022392920518559123,0.0021531039892472847,11.0,3
BTC_SPOT,2022-03-15 08:00:00+00:00,2022-03-15 12:00:00+00:00,2022-03-16 00:00:00+00:00,0.016577830676878458,0.014343816864582637,0.002234013812295821,11.0,3
BTC_SPOT,2022-03-17 16:00:00+00:00,2022-03-17 20:00:00+00:00,2022-03-18 08:00:00+00:00,-0.007592737594205756,-0.009773634584808955,0.0021808969906031983,11.0,3
BTC_SPOT,2022-04-13 04:00:00+00:00,2022-04-13 08:00:00+00:00,2022-04-13 20:00:00+00:00,0.023304319223322212,0.021055523396440456,0.0022487958268817554,11.0,3
BTC_SPOT,2022-04-14 20:00:00+00:00,2022-04-15 00:00:00+00:00,2022-04-15 12:00:00+00:00,0.007027813316041298,0.00481478645629152,0.002213026859749778,11.0,3
BTC_SPOT,2022-04-16 16:00:00+00:00,2022-04-16 20:00:00+00:00,2022-04-17 08:00:00+00:00,0.0018202208634112704,-0.0003813618814690889,0.0022015827448803593,11.0,3
BTC_SPOT,2022-04-24 12:00:00+00:00,2022-04-24 16:00:00+00:00,2022-04-25 04:00:00+00:00,-0.0103303857568261,-0.012505266539300508,0.0021748807824744087,11.0,3
BTC_SPOT,2022-04-25 08:00:00+00:00,2022-04-25 12:00:00+00:00,2022-04-26 00:00:00+00:00,0.04141650633224381,0.039127907477053414,0.0022885988551903935,11.0,3
BTC_SPOT,2022-04-29 12:00:00+00:00,2022-04-29 16:00:00+00:00,2022-04-30 04:00:00+00:00,-0.009031758565173353,-0.011209493188244601,0.002177734623071248,11.0,3
BTC_SPOT,2022-05-01 00:00:00+00:00,2022-05-01 04:00:00+00:00,2022-05-01 16:00:00+00:00,0.011938501338184748,0.009714682835593624,0.002223818502591124,11.0,3
BTC_SPOT,2022-05-05 20:00:00+00:00,2022-05-06 00:00:00+00:00,2022-05-06 12:00:00+00:00,-0.02079075455746804,-0.02294264781485844,0.0021518932573904026,11.0,3
BTC_SPOT,2022-05-07 04:00:00+00:00,2022-05-07 08:00:00+00:00,2022-05-07 20:00:00+00:00,-0.0011970813486373855,-0.003392033322499266,0.0021949519738618806,11.0,3
BTC_SPOT,2022-05-08 04:00:00+00:00,2022-05-08 08:00:00+00:00,2022-05-08 20:00:00+00:00,-0.00023697709703052183,-0.0024340389793465755,0.0021970618823160537,11.0,3
BTC_SPOT,2022-05-10 00:00:00+00:00,2022-05-10 04:00:00+00:00,2022-05-10 16:00:00+00:00,0.021846370683579863,0.019600778819126807,0.002245591864453056,11.0,3
BTC_SPOT,2022-05-11 08:00:00+00:00,2022-05-11 12:00:00+00:00,2022-05-12 00:00:00+00:00,-0.07748732276447778,-0.07951462062674752,0.002027297862269739,11.0,3
BTC_SPOT,2022-05-12 08:00:00+00:00,2022-05-12 12:00:00+00:00,2022-05-13 00:00:00+00:00,0.019126527173149777,0.016886912389630693,0.002239614783519084,11.0,3
BTC_SPOT,2022-05-14 00:00:00+00:00,2022-05-14 04:00:00+00:00,2022-05-14 16:00:00+00:00,-0.025157849526366793,-0.027300145731583125,0.002142296205216332,11.0,3
BTC_SPOT,2022-05-16 08:00:00+00:00,2022-05-16 12:00:00+00:00,2022-05-17 00:00:00+00:00,-0.002667396667590194,-0.004859117502003851,0.0021917208344136574,11.0,3
BTC_SPOT,2022-05-18 04:00:00+00:00,2022-05-18 08:00:00+00:00,2022-05-18 20:00:00+00:00,-0.02130532733459467,-0.023456089775773292,0.002150762441178622,11.0,3
BTC_SPOT,2022-05-19 00:00:00+00:00,2022-05-19 04:00:00+00:00,2022-05-19 16:00:00+00:00,0.04082981696624288,0.03854250740942966,0.002287309556813222,11.0,3
BTC_SPOT,2022-05-20 16:00:00+00:00,2022-05-20 20:00:00+00:00,2022-05-21 08:00:00+00:00,0.00488974178612156,0.0026814135152901653,0.0022083282708313945,11.0,3
BTC_SPOT,2022-05-23 20:00:00+00:00,2022-05-24 00:00:00+00:00,2022-05-24 12:00:00+00:00,0.006272025939945136,0.004060659985427151,0.0022113659545179853,11.0,3
BTC_SPOT,2022-05-26 00:00:00+00:00,2022-05-26 04:00:00+00:00,2022-05-26 16:00:00+00:00,-0.014918269601386314,-0.01708306812988203,0.002164798528495715,11.0,3
BTC_SPOT,2022-05-27 16:00:00+00:00,2022-05-27 20:00:00+00:00,2022-05-28 08:00:00+00:00,-0.0002042363464539454,-0.0024013701792758857,0.0021971338328219403,11.0,3
BTC_SPOT,2022-06-01 08:00:00+00:00,2022-06-01 12:00:00+00:00,2022-06-02 00:00:00+00:00,-0.05698014711698174,-0.05905251119284105,0.002072364075859312,11.0,3
BTC_SPOT,2022-06-02 04:00:00+00:00,2022-06-02 08:00:00+00:00,2022-06-02 20:00:00+00:00,0.010678127857233433,0.008457079129547962,0.0022210487276854707,11.0,3
BTC_SPOT,2022-06-03 16:00:00+00:00,2022-06-03 20:00:00+00:00,2022-06-04 08:00:00+00:00,0.00451495515482736,0.002307450508597597,0.002207504646229763,11.0,3
BTC_SPOT,2022-06-07 04:00:00+00:00,2022-06-07 08:00:00+00:00,2022-06-07 20:00:00+00:00,0.0498054764053526,0.0474984420950022,0.0023070343103503976,11.0,3
BTC_SPOT,2022-06-08 20:00:00+00:00,2022-06-09 00:00:00+00:00,2022-06-09 12:00:00+00:00,0.0031783869686135002,0.0009738195414523698,0.0022045674271611304,11.0,3
BTC_SPOT,2022-06-10 00:00:00+00:00,2022-06-10 04:00:00+00:00,2022-06-10 16:00:00+00:00,-0.021889569248343066,-0.0240390477696234,0.0021494785212803347,11.0,3
BTC_SPOT,2022-06-11 00:00:00+00:00,2022-06-11 04:00:00+00:00,2022-06-11 16:00:00+00:00,-0.02933710510042664,-0.031470217046065674,0.0021331119456390324,11.0,3
BTC_SPOT,2022-06-12 04:00:00+00:00,2022-06-12 08:00:00+00:00,2022-06-12 20:00:00+00:00,-0.00816274864376132,-0.010342392987966575,0.002179644344205256,11.0,3
BTC_SPOT,2022-06-14 04:00:00+00:00,2022-06-14 08:00:00+00:00,2022-06-14 20:00:00+00:00,-0.030097863952060266,-0.03222930406723912,0.002131440115178851,11.0,3
BTC_SPOT,2022-06-15 08:00:00+00:00,2022-06-15 12:00:00+00:00,2022-06-16 00:00:00+00:00,0.06642803511472728,0.06408447135760764,0.0023435637571196377,11.0,3
BTC_SPOT,2022-06-16 12:00:00+00:00,2022-06-16 16:00:00+00:00,2022-06-17 04:00:00+00:00,-0.032706444004688695,-0.03483215154957897,0.0021257075448902762,11.0,3
BTC_SPOT,2022-06-18 20:00:00+00:00,2022-06-19 00:00:00+00:00,2022-06-19 12:00:00+00:00,0.03802465751980555,0.03574351253274766,0.0022811449870578926,11.0,3
BTC_SPOT,2022-06-22 08:00:00+00:00,2022-06-22 12:00:00+00:00,2022-06-23 00:00:00+00:00,-0.025231147349120353,-0.027373282476312544,0.0021421351271921907,11.0,3
BTC_SPOT,2022-06-25 16:00:00+00:00,2022-06-25 20:00:00+00:00,2022-06-26 08:00:00+00:00,0.008987301781899992,0.006769968784277047,0.002217332997622945,11.0,3
BTC_SPOT,2022-06-27 00:00:00+00:00,2022-06-27 04:00:00+00:00,2022-06-27 16:00:00+00:00,-0.01966757825230614,-0.021821939782468047,0.002154361530161908,11.0,3
BTC_SPOT,2022-06-28 04:00:00+00:00,2022-06-28 08:00:00+00:00,2022-06-28 20:00:00+00:00,-0.03002772895544692,-0.03215932319807824,0.0021315942426313184,11.0,3
BTC_SPOT,2022-06-29 00:00:00+00:00,2022-06-29 04:00:00+00:00,2022-06-29 16:00:00+00:00,-0.010044307322290114,-0.01221981678577122,0.0021755094634811067,11.0,3
BTC_SPOT,2022-06-30 12:00:00+00:00,2022-06-30 16:00:00+00:00,2022-07-01 04:00:00+00:00,0.030709681463450433,0.028444611740925385,0.0022650697225250482,11.0,3
BTC_SPOT,2022-07-02 12:00:00+00:00,2022-07-02 16:00:00+00:00,2022-07-03 04:00:00+00:00,0.0018930233767584514,-0.0003087193576626346,0.002201742734421086,11.0,3
BTC_SPOT,2022-07-04 04:00:00+00:00,2022-07-04 08:00:00+00:00,2022-07-04 20:00:00+00:00,0.037187748441357416,0.03490844263117743,0.002279305810179988,11.0,3
BTC_SPOT,2022-07-06 04:00:00+00:00,2022-07-06 08:00:00+00:00,2022-07-06 20:00:00+00:00,0.008453555057249984,0.006237395012173463,0.0022161600450765206,11.0,3
BTC_SPOT,2022-07-09 00:00:00+00:00,2022-07-09 04:00:00+00:00,2022-07-09 16:00:00+00:00,-0.0026378874686461273,-0.004829673151963698,0.002191785683317571,11.0,3
BTC_SPOT,2022-07-10 04:00:00+00:00,2022-07-10 08:00:00+00:00,2022-07-10 20:00:00+00:00,-0.019790148508123773,-0.02194424068001699,0.0021540921718932182,11.0,3
BTC_SPOT,2022-07-11 08:00:00+00:00,2022-07-11 12:00:00+00:00,2022-07-12 00:00:00+00:00,-0.025019168502121936,-0.027161769470352315,0.0021426009682303793,11.0,3
BTC_SPOT,2022-07-12 08:00:00+00:00,2022-07-12 12:00:00+00:00,2022-07-13 00:00:00+00:00,-0.022581330205183825,-0.024729288524581006,0.0021479583193971807,11.0,3
BTC_SPOT,2022-07-16 08:00:00+00:00,2022-07-16 12:00:00+00:00,2022-07-17 00:00:00+00:00,0.0282028275577757,0.025943266853922786,0.002259560703852914,11.0,3
BTC_SPOT,2022-07-18 00:00:00+00:00,2022-07-18 04:00:00+00:00,2022-07-18 16:00:00+00:00,0.06536558781107726,0.06302435886972835,0.0023412289413489162,11.0,3
BTC_SPOT,2022-07-19 08:00:00+00:00,2022-07-19 12:00:00+00:00,2022-07-20 00:00:00+00:00,0.06461857658952974,0.062278989267087415,0.002339587322442327,11.0,3
BTC_SPOT,2022-08-25 16:00:00+00:00,2022-08-25 20:00:00+00:00,2022-08-26 08:00:00+00:00,-0.006976205906860544,-0.00915845777680857,0.0021822518699480264,11.0,3
BTC_SPOT,2022-08-30 16:00:00+00:00,2022-08-30 20:00:00+00:00,2022-08-31 08:00:00+00:00,0.015561003243546923,0.013329223993586048,0.0022317792499608746,11.0,3
BTC_SPOT,2022-09-01 08:00:00+00:00,2022-09-01 12:00:00+00:00,2022-09-02 00:00:00+00:00,0.002964313649294281,0.0007602166659474996,0.0022040969833467816,11.0,3
BTC_SPOT,2022-09-02 20:00:00+00:00,2022-09-03 00:00:00+00:00,2022-09-03 12:00:00+00:00,-0.007727657697839563,-0.009908258190362562,0.0021806004925229994,11.0,3
BTC_SPOT,2022-09-03 20:00:00+00:00,2022-09-04 00:00:00+00:00,2022-09-04 12:00:00+00:00,0.000756288539203398,-0.001442956126450512,0.00219924466565391,11.0,3
BTC_SPOT,2022-09-05 20:00:00+00:00,2022-09-06 00:00:00+00:00,2022-09-06 12:00:00+00:00,0.0062599785776358274,0.004048639098192197,0.0022113394794436303,11.0,3
BTC_SPOT,2022-09-07 04:00:00+00:00,2022-09-07 08:00:00+00:00,2022-09-07 20:00:00+00:00,0.010159196200141496,0.007939287867666733,0.0022199083324747626,11.0,3
BTC_SPOT,2022-09-21 00:00:00+00:00,2022-09-21 04:00:00+00:00,2022-09-21 16:00:00+00:00,0.00887788570707726,0.006660793160322864,0.0022170925467543956,11.0,3
BTC_SPOT,2022-09-22 00:00:00+00:00,2022-09-22 04:00:00+00:00,2022-09-22 16:00:00+00:00,0.015934336408192973,0.013701736727743441,0.002232599680449532,11.0,3
BTC_SPOT,2022-09-23 16:00:00+00:00,2022-09-23 20:00:00+00:00,2022-09-24 08:00:00+00:00,0.009700996677740825,0.00748209527659105,0.0022189014011497754,11.0,3
BTC_SPOT,2022-09-25 00:00:00+00:00,2022-09-25 04:00:00+00:00,2022-09-25 16:00:00+00:00,-0.0032646977005401645,-0.005455105916561509,0.0021904082160213445,11.0,3
BTC_SPOT,2022-09-26 00:00:00+00:00,2022-09-26 04:00:00+00:00,2022-09-26 16:00:00+00:00,0.012967879722518116,0.01074179907583983,0.0022260806466782856,11.0,3
BTC_SPOT,2022-09-28 04:00:00+00:00,2022-09-28 08:00:00+00:00,2022-09-28 20:00:00+00:00,0.040525576046680056,0.038238935084435655,0.0022866409622444017,11.0,3
BTC_SPOT,2022-09-29 16:00:00+00:00,2022-09-29 20:00:00+00:00,2022-09-30 08:00:00+00:00,0.008435970110796331,0.006219848710093068,0.0022161214007032637,11.0,3
BTC_SPOT,2022-10-01 12:00:00+00:00,2022-10-01 16:00:00+00:00,2022-10-02 04:00:00+00:00,-0.0012051869591529485,-0.0034001211202655535,0.002194934161112605,11.0,3
BTC_SPOT,2022-10-02 16:00:00+00:00,2022-10-02 20:00:00+00:00,2022-10-03 08:00:00+00:00,-0.00320369697284395,-0.005394239243006527,0.0021905422701625765,11.0,3
BTC_SPOT,2022-10-05 16:00:00+00:00,2022-10-05 20:00:00+00:00,2022-10-06 08:00:00+00:00,0.005094458719973716,0.0028856805667583085,0.002208778153215407,11.0,3
BTC_SPOT,2022-10-08 08:00:00+00:00,2022-10-08 12:00:00+00:00,2022-10-09 00:00:00+00:00,-0.006311231227542069,-0.008494944434314089,0.00218371320677202,11.0,3
BTC_SPOT,2022-10-09 04:00:00+00:00,2022-10-09 08:00:00+00:00,2022-10-09 20:00:00+00:00,0.0030657934737243764,0.0008614734800751478,0.0022043199936492286,11.0,3
BTC_SPOT,2022-10-11 04:00:00+00:00,2022-10-11 08:00:00+00:00,2022-10-11 20:00:00+00:00,-0.00455379133259981,-0.006741366658809311,0.002187575326209501,11.0,3
BTC_SPOT,2022-10-12 08:00:00+00:00,2022-10-12 12:00:00+00:00,2022-10-13 00:00:00+00:00,0.0019929801068154784,-0.00020898229078236685,0.0022019623975978453,11.0,3
BTC_SPOT,2022-10-13 12:00:00+00:00,2022-10-13 16:00:00+00:00,2022-10-14 04:00:00+00:00,0.045100169850932126,0.042803475840671235,0.0022966940102608913,11.0,3
BTC_SPOT,2022-10-14 20:00:00+00:00,2022-10-15 00:00:00+00:00,2022-10-15 12:00:00+00:00,-0.0006778317725821825,-0.0028739248403081286,0.002196093067725946,11.0,3
BTC_SPOT,2022-10-16 00:00:00+00:00,2022-10-16 04:00:00+00:00,2022-10-16 16:00:00+00:00,0.0019035964375551107,-0.00029816953204109264,0.0022017659695962033,11.0,3
BTC_SPOT,2022-10-18 20:00:00+00:00,2022-10-19 00:00:00+00:00,2022-10-19 12:00:00+00:00,-0.006647697878944592,-0.00883067167243834,0.0021829737934937476,11.0,3
BTC_SPOT,2022-10-20 04:00:00+00:00,2022-10-20 08:00:00+00:00,2022-10-20 20:00:00+00:00,-0.004220621496962451,-0.006408928991425311,0.00218830749446286,11.0,3
BTC_SPOT,2022-10-21 12:00:00+00:00,2022-10-21 16:00:00+00:00,2022-10-22 04:00:00+00:00,-0.000678316314550953,-0.002874408317455668,0.002196092002904715,11.0,3
BTC_SPOT,2022-10-23 12:00:00+00:00,2022-10-23 16:00:00+00:00,2022-10-24 04:00:00+00:00,0.010321417592780824,0.008101152765386699,0.002220264827394125,11.0,3
BTC_SPOT,2022-10-24 16:00:00+00:00,2022-10-24 20:00:00+00:00,2022-10-25 08:00:00+00:00,-0.0017836739547412161,-0.003977336842863832,0.002193662888122616,11.0,3
BTC_SPOT,2022-11-11 20:00:00+00:00,2022-11-12 00:00:00+00:00,2022-11-12 12:00:00+00:00,-0.011611013473930898,-0.013783079971141587,0.0021720664972106896,11.0,3
BTC_SPOT,2022-11-16 16:00:00+00:00,2022-11-16 20:00:00+00:00,2022-11-17 08:00:00+00:00,0.0029950786510068994,0.0007909140590256492,0.0022041645919812503,11.0,3
BTC_SPOT,2022-11-19 08:00:00+00:00,2022-11-19 12:00:00+00:00,2022-11-20 00:00:00+00:00,0.0016371323198705046,-0.0005640480728016373,0.002201180392672142,11.0,3
BTC_SPOT,2022-11-20 12:00:00+00:00,2022-11-20 16:00:00+00:00,2022-11-21 04:00:00+00:00,-0.030456730334300408,-0.032587381810940674,0.0021306514766402662,11.0,3
BTC_SPOT,2022-11-21 08:00:00+00:00,2022-11-21 12:00:00+00:00,2022-11-22 00:00:00+00:00,-0.018866047951464182,-0.0210221709107159,0.002156122959251716,11.0,3
BTC_SPOT,2022-11-24 20:00:00+00:00,2022-11-25 00:00:00+00:00,2022-11-25 12:00:00+00:00,-0.004143879345652524,-0.006332355487336128,0.002188476141683604,11.0,3
BTC_SPOT,2022-11-27 00:00:00+00:00,2022-11-27 04:00:00+00:00,2022-11-27 16:00:00+00:00,0.0027465879392121195,0.000542969426110318,0.0022036185131018016,11.0,3
BTC_SPOT,2022-12-07 08:00:00+00:00,2022-12-07 12:00:00+00:00,2022-12-08 00:00:00+00:00,0.0025007293794023777,0.00029765116080815446,0.0022030782185942233,11.0,3
BTC_SPOT,2023-01-01 08:00:00+00:00,2023-01-01 12:00:00+00:00,2023-01-02 00:00:00+00:00,0.0034181840142524234,0.0012130896132620528,0.0022050944009903706,11.0,3
