funding_time_ms,funding_time_utc,funding_rate,realized_rate,method,fetched_at_utc,source_endpoint
1776153600000,2026-04-14T08:00:00Z,0.0000359476919661,0.0000359476919661,current_period,2026-07-20T15:39:46.101522Z,https://www.okx.com/api/v5/public/funding-rate-history
1776182400000,2026-04-14T16:00:00Z,0.0000547814609277,0.0000547814609277,current_period,2026-07-20T15:39:46.101522Z,https://www.okx.com/api/v5/public/funding-rate-history
1776211200000,2026-04-15T00:00:00Z,-0.000020582582461,-0.000020582582461,current_period,2026-07-20T15:39:46.101522Z,https://www.okx.com/api/v5/public/funding-rate-history
1776240000000,2026-04-15T08:00:00Z,0.0000781826299608,0.0000781826299608,current_period,2026-07-20T15:39:46.101522Z,https://www.okx.com/api/v5/public/funding-rate-history
1776268800000,2026-04-15T16:00:00Z,-0.0000223026705103,-0.0000223026705103,current_period,2026-07-20T15:39:46.101522Z,https://www.okx.com/api/v5/public/funding-rate-history
1776297600000,2026-04-16T00:00:00Z,-0.0000306846161233,-0.0000306846161233,current_period,2026-07-20T15:39:46.101522Z,https://www.okx.com/api/v5/public/funding-rate-history
1776326400000,2026-04-16T08:00:00Z,-0.0000324645122707,-0.0000324645122707,current_period,2026-07-20T15:39:46.101522Z,https://www.okx.com/api/v5/public/funding-rate-history
1776355200000,2026-04-16T16:00:00Z,-0.0000416342922707,-0.0000416342922707,current_period,2026-07-20T15:39:46.101522Z,https://www.okx.com/api/v5/public/funding-rate-history
1776384000000,2026-04-17T00:00:00Z,-0.0000021117684104,-0.0000021117684104,current_period,2026-07-20T15:39:46.101522Z,https://www.okx.com/api/v5/public/funding-rate-history
1776412800000,2026-04-17T08:00:00Z,0.0000437197212342,0.0000437197212342,current_period,2026-07-20T15:39:46.101522Z,https://www.okx.com/api/v5/public/funding-rate-history
1776441600000,2026-04-17T16:00:00Z,-0.0000590114269263,-0.0000590114269263,current_period,2026-07-20T15:39:46.101522Z,https://www.okx.com/api/v5/public/funding-rate-history
1776470400000,2026-04-18T00:00:00Z,0.000020690757062,0.000020690757062,current_period,2026-07-20T15:39:46.101522Z,https://www.okx.com/api/v5/public/funding-rate-history
1776499200000,2026-04-18T08:00:00Z,0.0000642999467899,0.0000642999467899,current_period,2026-07-20T15:39:46.101522Z,https://www.okx.com/api/v5/public/funding-rate-history
1776528000000,2026-04-18T16:00:00Z,0.0001,0.0001,current_period,2026-07-20T15:39:46.101522Z,https://www.okx.com/api/v5/public/funding-rate-history
1776556800000,2026-04-19T00:00:00Z,-0.0001047193253269,-0.0001047193253269,current_period,2026-07-20T15:39:46.101522Z,https://www.okx.com/api/v5/public/funding-rate-history
1776585600000,2026-04-19T08:00:00Z,-0.0000362577017788,-0.0000362577017788,current_period,2026-07-20T15:39:46.101522Z,https://www.okx.com/api/v5/public/funding-rate-history
1776614400000,2026-04-19T16:00:00Z,-0.0001312788206064,-0.0001312788206064,current_period,2026-07-20T15:39:46.101522Z,https://www.okx.com/api/v5/public/funding-rate-history
1776643200000,2026-04-20T00:00:00Z,0.0000317615385154,0.0000317615385154,current_period,2026-07-20T15:39:46.101522Z,https://www.okx.com/api/v5/public/funding-rate-history
1776672000000,2026-04-20T08:00:00Z,-0.0000339560086422,-0.0000339560086422,current_period,2026-07-20T15:39:46.101522Z,https://www.okx.com/api/v5/public/funding-rate-history
1776700800000,2026-04-20T16:00:00Z,0.0000357797157923,0.0000357797157923,current_period,2026-07-20T15:39:46.101522Z,https://www.okx.com/api/v5/public/funding-rate-history
1776729600000,2026-04-21T00:00:00Z,-0.000058778697071,-0.000058778697071,current_period,2026-07-20T15:39:46.101522Z,https://www.okx.com/api/v5/public/funding-rate-history
1776758400000,2026-04-21T08:00:00Z,-0.0000201064386203,-0.0000201064386203,current_period,2026-07-20T15:39:46.101522Z,https://www.okx.com/api/v5/public/funding-rate-history
1776787200000,2026-04-21T16:00:00Z,-0.0000349711536406,-0.0000349711536406,current_period,2026-07-20T15:39:46.101522Z,https://www.okx.com/api/v5/public/funding-rate-history
1776816000000,2026-04-22T00:00:00Z,-0.0000174181959113,-0.0000174181959113,current_period,2026-07-20T15:39:46.101522Z,https://www.okx.com/api/v5/public/funding-rate-history
1776844800000,2026-04-22T08:00:00Z,0.0000653846168056,0.0000653846168056,current_period,2026-07-20T15:39:46.101522Z,https://www.okx.com/api/v5/public/funding-rate-history
1776873600000,2026-04-22T16:00:00Z,-0.0000287941602719,-0.0000287941602719,current_period,2026-07-20T15:39:46.101522Z,https://www.okx.com/api/v5/public/funding-rate-history
1776902400000,2026-04-23T00:00:00Z,0.0000222588623466,0.0000222588623466,current_period,2026-07-20T15:39:46.101522Z,https://www.okx.com/api/v5/public/funding-rate-history
1776931200000,2026-04-23T08:00:00Z,-0.0000378413703615,-0.0000378413703615,current_period,2026-07-20T15:39:46.101522Z,https://www.okx.com/api/v5/public/funding-rate-history
1776960000000,2026-04-23T16:00:00Z,-0.0000717975050658,-0.0000717975050658,current_period,2026-07-20T15:39:46.101522Z,https://www.okx.com/api/v5/public/funding-rate-history
1776988800000,2026-04-24T00:00:00Z,-0.0000335490466586,-0.0000335490466586,current_period,2026-07-20T15:39:46.101522Z,https://www.okx.com/api/v5/public/funding-rate-history
1777017600000,2026-04-24T08:00:00Z,-0.0000315256781745,-0.0000315256781745,current_period,2026-07-20T15:39:46.101522Z,https://www.okx.com/api/v5/public/funding-rate-history
1777046400000,2026-04-24T16:00:00Z,-0.0000470710267256,-0.0000470710267256,current_period,2026-07-20T15:39:46.101522Z,https://www.okx.com/api/v5/public/funding-rate-history
1777075200000,2026-04-25T00:00:00Z,0.000067112764548,0.000067112764548,current_period,2026-07-20T15:39:46.101522Z,https://www.okx.com/api/v5/public/funding-rate-history
1777104000000,2026-04-25T08:00:00Z,0.0000502694801941,0.0000502694801941,current_period,2026-07-20T15:39:46.101522Z,https://www.okx.com/api/v5/public/funding-rate-history
1777132800000,2026-04-25T16:00:00Z,-0.0000029112961464,-0.0000029112961464,current_period,2026-07-20T15:39:46.101522Z,https://www.okx.com/api/v5/public/funding-rate-history
1777161600000,2026-04-26T00:00:00Z,0.0000860667748344,0.0000860667748344,current_period,2026-07-20T15:39:46.101522Z,https://www.okx.com/api/v5/public/funding-rate-history
1777190400000,2026-04-26T08:00:00Z,-0.0000110889437727,-0.0000110889437727,current_period,2026-07-20T15:39:46.101522Z,https://www.okx.com/api/v5/public/funding-rate-history
1777219200000,2026-04-26T16:00:00Z,-0.0000237150850001,-0.0000237150850001,current_period,2026-07-20T15:39:46.101522Z,https://www.okx.com/api/v5/public/funding-rate-history
1777248000000,2026-04-27T00:00:00Z,-0.0000324023094876,-0.0000324023094876,current_period,2026-07-20T15:39:46.101522Z,https://www.okx.com/api/v5/public/funding-rate-history
1777276800000,2026-04-27T08:00:00Z,-0.0000480903039272,-0.0000480903039272,current_period,2026-07-20T15:39:46.101522Z,https://www.okx.com/api/v5/public/funding-rate-history
1777305600000,2026-04-27T16:00:00Z,-0.0000477373345271,-0.0000477373345271,current_period,2026-07-20T15:39:46.101522Z,https://www.okx.com/api/v5/public/funding-rate-history
1777334400000,2026-04-28T00:00:00Z,-0.00010266704403,-0.00010266704403,current_period,2026-07-20T15:39:46.101522Z,https://www.okx.com/api/v5/public/funding-rate-history
1777363200000,2026-04-28T08:00:00Z,-0.0000676004576448,-0.0000676004576448,current_period,2026-07-20T15:39:46.101522Z,https://www.okx.com/api/v5/public/funding-rate-history
1777392000000,2026-04-28T16:00:00Z,-0.0000032101829619,-0.0000032101829619,current_period,2026-07-20T15:39:46.101522Z,https://www.okx.com/api/v5/public/funding-rate-history
1777420800000,2026-04-29T00:00:00Z,0.0000027213588524,0.0000027213588524,current_period,2026-07-20T15:39:46.101522Z,https://www.okx.com/api/v5/public/funding-rate-history
1777449600000,2026-04-29T08:00:00Z,0.0000731792614134,0.0000731792614134,current_period,2026-07-20T15:39:46.101522Z,https://www.okx.com/api/v5/public/funding-rate-history
1777478400000,2026-04-29T16:00:00Z,0.000066511834034,0.000066511834034,current_period,2026-07-20T15:39:46.101522Z,https://www.okx.com/api/v5/public/funding-rate-history
1777507200000,2026-04-30T00:00:00Z,-0.0000118463527658,-0.0000118463527658,current_period,2026-07-20T15:39:46.101522Z,https://www.okx.com/api/v5/public/funding-rate-history
1777536000000,2026-04-30T08:00:00Z,-0.0000052657289665,-0.0000052657289665,current_period,2026-07-20T15:39:46.101522Z,https://www.okx.com/api/v5/public/funding-rate-history
1777564800000,2026-04-30T16:00:00Z,-0.000033452953834,-0.000033452953834,current_period,2026-07-20T15:39:46.101522Z,https://www.okx.com/api/v5/public/funding-rate-history
1777593600000,2026-05-01T00:00:00Z,-0.0000315515617476,-0.0000315515617476,current_period,2026-07-20T15:39:46.101522Z,https://www.okx.com/api/v5/public/funding-rate-history
1777622400000,2026-05-01T08:00:00Z,-0.000039506209792,-0.000039506209792,current_period,2026-07-20T15:39:46.101522Z,https://www.okx.com/api/v5/public/funding-rate-history
1777651200000,2026-05-01T16:00:00Z,-0.0000584186335223,-0.0000584186335223,current_period,2026-07-20T15:39:46.101522Z,https://www.okx.com/api/v5/public/funding-rate-history
1777680000000,2026-05-02T00:00:00Z,-0.0000046111042208,-0.0000046111042208,current_period,2026-07-20T15:39:46.101522Z,https://www.okx.com/api/v5/public/funding-rate-history
1777708800000,2026-05-02T08:00:00Z,-0.0000373229218859,-0.0000373229218859,current_period,2026-07-20T15:39:46.101522Z,https://www.okx.com/api/v5/public/funding-rate-history
1777737600000,2026-05-02T16:00:00Z,-0.0000164155085898,-0.0000164155085898,current_period,2026-07-20T15:39:46.101522Z,https://www.okx.com/api/v5/public/funding-rate-history
1777766400000,2026-05-03T00:00:00Z,0.0000687431347917,0.0000687431347917,current_period,2026-07-20T15:39:46.101522Z,https://www.okx.com/api/v5/public/funding-rate-history
1777795200000,2026-05-03T08:00:00Z,0.0000473269853477,0.0000473269853477,current_period,2026-07-20T15:39:46.101522Z,https://www.okx.com/api/v5/public/funding-rate-history
1777824000000,2026-05-03T16:00:00Z,0.0000347533711505,0.0000347533711505,current_period,2026-07-20T15:39:46.101522Z,https://www.okx.com/api/v5/public/funding-rate-history
1777852800000,2026-05-04T00:00:00Z,0.0000433119174545,0.0000433119174545,current_period,2026-07-20T15:39:46.101522Z,https://www.okx.com/api/v5/public/funding-rate-history
1777881600000,2026-05-04T08:00:00Z,0.0000925831333666,0.0000925831333666,current_period,2026-07-20T15:39:46.101522Z,https://www.okx.com/api/v5/public/funding-rate-history
1777910400000,2026-05-04T16:00:00Z,-0.0000379589702042,-0.0000379589702042,current_period,2026-07-20T15:39:46.101522Z,https://www.okx.com/api/v5/public/funding-rate-history
1777939200000,2026-05-05T00:00:00Z,0.00003448414686,0.00003448414686,current_period,2026-07-20T15:39:46.101522Z,https://www.okx.com/api/v5/public/funding-rate-history
1777968000000,2026-05-05T08:00:00Z,-0.0000175982491146,-0.0000175982491146,current_period,2026-07-20T15:39:46.101522Z,https://www.okx.com/api/v5/public/funding-rate-history
1777996800000,2026-05-05T16:00:00Z,0.0000091635663424,0.0000091635663424,current_period,2026-07-20T15:39:46.101522Z,https://www.okx.com/api/v5/public/funding-rate-history
1778025600000,2026-05-06T00:00:00Z,0.0000733203909689,0.0000733203909689,current_period,2026-07-20T15:39:46.101522Z,https://www.okx.com/api/v5/public/funding-rate-history
1778054400000,2026-05-06T08:00:00Z,0.0000377750620997,0.0000377750620997,current_period,2026-07-20T15:39:46.101522Z,https://www.okx.com/api/v5/public/funding-rate-history
1778083200000,2026-05-06T16:00:00Z,0.000064614442775,0.000064614442775,current_period,2026-07-20T15:39:46.101522Z,https://www.okx.com/api/v5/public/funding-rate-history
1778112000000,2026-05-07T00:00:00Z,0.0000829011767971,0.0000829011767971,current_period,2026-07-20T15:39:46.101522Z,https://www.okx.com/api/v5/public/funding-rate-history
1778140800000,2026-05-07T08:00:00Z,-0.0000325709125447,-0.0000325709125447,current_period,2026-07-20T15:39:46.101522Z,https://www.okx.com/api/v5/public/funding-rate-history
1778169600000,2026-05-07T16:00:00Z,0.0000575575907038,0.0000575575907038,current_period,2026-07-20T15:39:46.101522Z,https://www.okx.com/api/v5/public/funding-rate-history
1778198400000,2026-05-08T00:00:00Z,0.0001,0.0001,current_period,2026-07-20T15:39:46.101522Z,https://www.okx.com/api/v5/public/funding-rate-history
1778227200000,2026-05-08T08:00:00Z,0.0000298468974828,0.0000298468974828,current_period,2026-07-20T15:39:46.101522Z,https://www.okx.com/api/v5/public/funding-rate-history
1778256000000,2026-05-08T16:00:00Z,0.0000480515607356,0.0000480515607356,current_period,2026-07-20T15:39:46.101522Z,https://www.okx.com/api/v5/public/funding-rate-history
1778284800000,2026-05-09T00:00:00Z,0.0001,0.0001,current_period,2026-07-20T15:39:46.101522Z,https://www.okx.com/api/v5/public/funding-rate-history
1778313600000,2026-05-09T08:00:00Z,0.0000641336774683,0.0000641336774683,current_period,2026-07-20T15:39:46.101522Z,https://www.okx.com/api/v5/public/funding-rate-history
1778342400000,2026-05-09T16:00:00Z,0.0001,0.0001,current_period,2026-07-20T15:39:46.101522Z,https://www.okx.com/api/v5/public/funding-rate-history
1778371200000,2026-05-10T00:00:00Z,0.0000745734894067,0.0000745734894067,current_period,2026-07-20T15:39:46.101522Z,https://www.okx.com/api/v5/public/funding-rate-history
1778400000000,2026-05-10T08:00:00Z,0.0001,0.0001,current_period,2026-07-20T15:39:46.101522Z,https://www.okx.com/api/v5/public/funding-rate-history
1778428800000,2026-05-10T16:00:00Z,0.0000672986556865,0.0000672986556865,current_period,2026-07-20T15:39:46.101522Z,https://www.okx.com/api/v5/public/funding-rate-history
1778457600000,2026-05-11T00:00:00Z,0.0000766505530419,0.0000766505530419,current_period,2026-07-20T15:39:46.101522Z,https://www.okx.com/api/v5/public/funding-rate-history
1778486400000,2026-05-11T08:00:00Z,0.0001,0.0001,current_period,2026-07-20T15:39:46.101522Z,https://www.okx.com/api/v5/public/funding-rate-history
1778515200000,2026-05-11T16:00:00Z,0.0000516166254117,0.0000516166254117,current_period,2026-07-20T15:39:46.101522Z,https://www.okx.com/api/v5/public/funding-rate-history
1778544000000,2026-05-12T00:00:00Z,0.0000679529961061,0.0000679529961061,current_period,2026-07-20T15:39:46.101522Z,https://www.okx.com/api/v5/public/funding-rate-history
1778572800000,2026-05-12T08:00:00Z,0.0000504630674207,0.0000504630674207,current_period,2026-07-20T15:39:46.101522Z,https://www.okx.com/api/v5/public/funding-rate-history
1778601600000,2026-05-12T16:00:00Z,0.0000524797438143,0.0000524797438143,current_period,2026-07-20T15:39:46.101522Z,https://www.okx.com/api/v5/public/funding-rate-history
1778630400000,2026-05-13T00:00:00Z,0.0000654250469709,0.0000654250469709,current_period,2026-07-20T15:39:46.101522Z,https://www.okx.com/api/v5/public/funding-rate-history
1778659200000,2026-05-13T08:00:00Z,0.0000450088158893,0.0000450088158893,current_period,2026-07-20T15:39:46.101522Z,https://www.okx.com/api/v5/public/funding-rate-history
1778688000000,2026-05-13T16:00:00Z,0.0000751832237413,0.0000751832237413,current_period,2026-07-20T15:39:46.101522Z,https://www.okx.com/api/v5/public/funding-rate-history
1778716800000,2026-05-14T00:00:00Z,0.0000716729579308,0.0000716729579308,current_period,2026-07-20T15:39:46.101522Z,https://www.okx.com/api/v5/public/funding-rate-history
1778745600000,2026-05-14T08:00:00Z,0.0000117606729489,0.0000117606729489,current_period,2026-07-20T15:39:46.101522Z,https://www.okx.com/api/v5/public/funding-rate-history
1778774400000,2026-05-14T16:00:00Z,0.0000310897597488,0.0000310897597488,current_period,2026-07-20T15:39:46.101522Z,https://www.okx.com/api/v5/public/funding-rate-history
1778803200000,2026-05-15T00:00:00Z,0.0000570578946736,0.0000570578946736,current_period,2026-07-20T15:39:46.101522Z,https://www.okx.com/api/v5/public/funding-rate-history
1778832000000,2026-05-15T08:00:00Z,0.0000248493601359,0.0000248493601359,current_period,2026-07-20T15:39:46.101522Z,https://www.okx.com/api/v5/public/funding-rate-history
1778860800000,2026-05-15T16:00:00Z,0.0000941514612537,0.0000941514612537,current_period,2026-07-20T15:39:46.101522Z,https://www.okx.com/api/v5/public/funding-rate-history
1778889600000,2026-05-16T00:00:00Z,0.0000608204351308,0.0000608204351308,current_period,2026-07-20T15:39:46.101522Z,https://www.okx.com/api/v5/public/funding-rate-history
1778918400000,2026-05-16T08:00:00Z,0.0000575049995899,0.0000575049995899,current_period,2026-07-20T15:39:46.101522Z,https://www.okx.com/api/v5/public/funding-rate-history
1778947200000,2026-05-16T16:00:00Z,0.0000711006759472,0.0000711006759472,current_period,2026-07-20T15:39:46.101522Z,https://www.okx.com/api/v5/public/funding-rate-history
1778976000000,2026-05-17T00:00:00Z,0.0000392258855721,0.0000392258855721,current_period,2026-07-20T15:39:46.101522Z,https://www.okx.com/api/v5/public/funding-rate-history
1779004800000,2026-05-17T08:00:00Z,0.0000424668727795,0.0000424668727795,current_period,2026-07-20T15:39:46.101522Z,https://www.okx.com/api/v5/public/funding-rate-history
1779033600000,2026-05-17T16:00:00Z,0.0000347457323078,0.0000347457323078,current_period,2026-07-20T15:39:46.101522Z,https://www.okx.com/api/v5/public/funding-rate-history
1779062400000,2026-05-18T00:00:00Z,0.0000232834077609,0.0000232834077609,current_period,2026-07-20T15:39:46.101522Z,https://www.okx.com/api/v5/public/funding-rate-history
1779091200000,2026-05-18T08:00:00Z,-0.0000187815821592,-0.0000187815821592,current_period,2026-07-20T15:39:46.101522Z,https://www.okx.com/api/v5/public/funding-rate-history
1779120000000,2026-05-18T16:00:00Z,0.0000560696543932,0.0000560696543932,current_period,2026-07-20T15:39:46.101522Z,https://www.okx.com/api/v5/public/funding-rate-history
1779148800000,2026-05-19T00:00:00Z,0.0000589555199289,0.0000589555199289,current_period,2026-07-20T15:39:46.101522Z,https://www.okx.com/api/v5/public/funding-rate-history
1779177600000,2026-05-19T08:00:00Z,-0.0000054642659464,-0.0000054642659464,current_period,2026-07-20T15:39:46.101522Z,https://www.okx.com/api/v5/public/funding-rate-history
1779206400000,2026-05-19T16:00:00Z,0.0000782644134814,0.0000782644134814,current_period,2026-07-20T15:39:46.101522Z,https://www.okx.com/api/v5/public/funding-rate-history
1779235200000,2026-05-20T00:00:00Z,0.0000875858533466,0.0000875858533466,current_period,2026-07-20T15:39:46.101522Z,https://www.okx.com/api/v5/public/funding-rate-history
1779264000000,2026-05-20T08:00:00Z,0.0000114121420981,0.0000114121420981,current_period,2026-07-20T15:39:46.101522Z,https://www.okx.com/api/v5/public/funding-rate-history
1779292800000,2026-05-20T16:00:00Z,0.0000370377833305,0.0000370377833305,current_period,2026-07-20T15:39:46.101522Z,https://www.okx.com/api/v5/public/funding-rate-history
1779321600000,2026-05-21T00:00:00Z,0.0000829962833693,0.0000829962833693,current_period,2026-07-20T15:39:46.101522Z,https://www.okx.com/api/v5/public/funding-rate-history
1779350400000,2026-05-21T08:00:00Z,0.0000752942778924,0.0000752942778924,current_period,2026-07-20T15:39:46.101522Z,https://www.okx.com/api/v5/public/funding-rate-history
1779379200000,2026-05-21T16:00:00Z,0.0000633757707765,0.0000633757707765,current_period,2026-07-20T15:39:46.101522Z,https://www.okx.com/api/v5/public/funding-rate-history
1779408000000,2026-05-22T00:00:00Z,0.0000792673462011,0.0000792673462011,current_period,2026-07-20T15:39:46.101522Z,https://www.okx.com/api/v5/public/funding-rate-history
1779436800000,2026-05-22T08:00:00Z,0.0000838193480893,0.0000838193480893,current_period,2026-07-20T15:39:46.101522Z,https://www.okx.com/api/v5/public/funding-rate-history
1779465600000,2026-05-22T16:00:00Z,0.0000787636148286,0.0000787636148286,current_period,2026-07-20T15:39:46.101522Z,https://www.okx.com/api/v5/public/funding-rate-history
1779494400000,2026-05-23T00:00:00Z,0.0000835339606917,0.0000835339606917,current_period,2026-07-20T15:39:46.101522Z,https://www.okx.com/api/v5/public/funding-rate-history
1779523200000,2026-05-23T08:00:00Z,0.0001,0.0001,current_period,2026-07-20T15:39:46.101522Z,https://www.okx.com/api/v5/public/funding-rate-history
1779552000000,2026-05-23T16:00:00Z,0.0000003394482395,0.0000003394482395,current_period,2026-07-20T15:39:46.101522Z,https://www.okx.com/api/v5/public/funding-rate-history
1779580800000,2026-05-24T00:00:00Z,0.0000249814587264,0.0000249814587264,current_period,2026-07-20T15:39:46.101522Z,https://www.okx.com/api/v5/public/funding-rate-history
1779609600000,2026-05-24T08:00:00Z,0.0000532359813552,0.0000532359813552,current_period,2026-07-20T15:39:46.101522Z,https://www.okx.com/api/v5/public/funding-rate-history
1779638400000,2026-05-24T16:00:00Z,0.0000758374952731,0.0000758374952731,current_period,2026-07-20T15:39:46.101522Z,https://www.okx.com/api/v5/public/funding-rate-history
1779667200000,2026-05-25T00:00:00Z,0.0000550143439181,0.0000550143439181,current_period,2026-07-20T15:39:46.101522Z,https://www.okx.com/api/v5/public/funding-rate-history
1779696000000,2026-05-25T08:00:00Z,0.0000188964785597,0.0000188964785597,current_period,2026-07-20T15:39:46.101522Z,https://www.okx.com/api/v5/public/funding-rate-history
1779724800000,2026-05-25T16:00:00Z,-0.000004173223397,-0.000004173223397,current_period,2026-07-20T15:39:46.101522Z,https://www.okx.com/api/v5/public/funding-rate-history
1779753600000,2026-05-26T00:00:00Z,0.0000344424927002,0.0000344424927002,current_period,2026-07-20T15:39:46.101522Z,https://www.okx.com/api/v5/public/funding-rate-history
1779782400000,2026-05-26T08:00:00Z,0.0000091829229402,0.0000091829229402,current_period,2026-07-20T15:39:46.101522Z,https://www.okx.com/api/v5/public/funding-rate-history
1779811200000,2026-05-26T16:00:00Z,0.0000387262335233,0.0000387262335233,current_period,2026-07-20T15:39:46.101522Z,https://www.okx.com/api/v5/public/funding-rate-history
1779840000000,2026-05-27T00:00:00Z,0.0000893770599704,0.0000893770599704,current_period,2026-07-20T15:39:46.101522Z,https://www.okx.com/api/v5/public/funding-rate-history
1779868800000,2026-05-27T08:00:00Z,0.0000466493959959,0.0000466493959959,current_period,2026-07-20T15:39:46.101522Z,https://www.okx.com/api/v5/public/funding-rate-history
1779897600000,2026-05-27T16:00:00Z,0.00008108004224,0.00008108004224,current_period,2026-07-20T15:39:46.101522Z,https://www.okx.com/api/v5/public/funding-rate-history
1779926400000,2026-05-28T00:00:00Z,0.0001,0.0001,current_period,2026-07-20T15:39:46.101522Z,https://www.okx.com/api/v5/public/funding-rate-history
1779955200000,2026-05-28T08:00:00Z,0.0000913126215907,0.0000913126215907,current_period,2026-07-20T15:39:46.101522Z,https://www.okx.com/api/v5/public/funding-rate-history
1779984000000,2026-05-28T16:00:00Z,0.0000712397320746,0.0000712397320746,current_period,2026-07-20T15:39:46.101522Z,https://www.okx.com/api/v5/public/funding-rate-history
1780012800000,2026-05-29T00:00:00Z,0.0001,0.0001,current_period,2026-07-20T15:39:46.101522Z,https://www.okx.com/api/v5/public/funding-rate-history
1780041600000,2026-05-29T08:00:00Z,0.00006019456768,0.00006019456768,current_period,2026-07-20T15:39:46.101522Z,https://www.okx.com/api/v5/public/funding-rate-history
1780070400000,2026-05-29T16:00:00Z,0.0000700212118699,0.0000700212118699,current_period,2026-07-20T15:39:46.101522Z,https://www.okx.com/api/v5/public/funding-rate-history
1780099200000,2026-05-30T00:00:00Z,0.0000706597149677,0.0000706597149677,current_period,2026-07-20T15:39:46.101522Z,https://www.okx.com/api/v5/public/funding-rate-history
1780128000000,2026-05-30T08:00:00Z,0.0000505646855023,0.0000505646855023,current_period,2026-07-20T15:39:46.101522Z,https://www.okx.com/api/v5/public/funding-rate-history
1780156800000,2026-05-30T16:00:00Z,0.0000416068357482,0.0000416068357482,current_period,2026-07-20T15:39:46.101522Z,https://www.okx.com/api/v5/public/funding-rate-history
1780185600000,2026-05-31T00:00:00Z,0.0000489583104753,0.0000489583104753,current_period,2026-07-20T15:39:46.101522Z,https://www.okx.com/api/v5/public/funding-rate-history
1780214400000,2026-05-31T08:00:00Z,0.0000746831344452,0.0000746831344452,current_period,2026-07-20T15:39:46.101522Z,https://www.okx.com/api/v5/public/funding-rate-history
1780243200000,2026-05-31T16:00:00Z,0.0000131840824027,0.0000131840824027,current_period,2026-07-20T15:39:46.101522Z,https://www.okx.com/api/v5/public/funding-rate-history
1780272000000,2026-06-01T00:00:00Z,0.0001,0.0001,current_period,2026-07-20T15:39:46.101522Z,https://www.okx.com/api/v5/public/funding-rate-history
1780300800000,2026-06-01T08:00:00Z,0.0000961547649145,0.0000961547649145,current_period,2026-07-20T15:39:46.101522Z,https://www.okx.com/api/v5/public/funding-rate-history
1780329600000,2026-06-01T16:00:00Z,0.0001,0.0001,current_period,2026-07-20T15:39:46.101522Z,https://www.okx.com/api/v5/public/funding-rate-history
1780358400000,2026-06-02T00:00:00Z,0.0001,0.0001,current_period,2026-07-20T15:39:46.101522Z,https://www.okx.com/api/v5/public/funding-rate-history
1780387200000,2026-06-02T08:00:00Z,0.0001,0.0001,current_period,2026-07-20T15:39:46.101522Z,https://www.okx.com/api/v5/public/funding-rate-history
1780416000000,2026-06-02T16:00:00Z,0.0001,0.0001,current_period,2026-07-20T15:39:46.101522Z,https://www.okx.com/api/v5/public/funding-rate-history
1780444800000,2026-06-03T00:00:00Z,0.0000519285792029,0.0000519285792029,current_period,2026-07-20T15:39:46.101522Z,https://www.okx.com/api/v5/public/funding-rate-history
1780473600000,2026-06-03T08:00:00Z,0.0000373100333606,0.0000373100333606,current_period,2026-07-20T15:39:46.101522Z,https://www.okx.com/api/v5/public/funding-rate-history
1780502400000,2026-06-03T16:00:00Z,0.0000977192263034,0.0000977192263034,current_period,2026-07-20T15:39:46.101522Z,https://www.okx.com/api/v5/public/funding-rate-history
1780531200000,2026-06-04T00:00:00Z,0.0000733014954258,0.0000733014954258,current_period,2026-07-20T15:39:46.101522Z,https://www.okx.com/api/v5/public/funding-rate-history
1780560000000,2026-06-04T08:00:00Z,0.0000524178493983,0.0000524178493983,current_period,2026-07-20T15:39:46.101522Z,https://www.okx.com/api/v5/public/funding-rate-history
1780588800000,2026-06-04T16:00:00Z,0.0000441941632716,0.0000441941632716,current_period,2026-07-20T15:39:46.101522Z,https://www.okx.com/api/v5/public/funding-rate-history
1780617600000,2026-06-05T00:00:00Z,0.0000304503815552,0.0000304503815552,current_period,2026-07-20T15:39:46.101522Z,https://www.okx.com/api/v5/public/funding-rate-history
1780646400000,2026-06-05T08:00:00Z,0.000026305016458,0.000026305016458,current_period,2026-07-20T15:39:46.101522Z,https://www.okx.com/api/v5/public/funding-rate-history
1780675200000,2026-06-05T16:00:00Z,-0.0001020789452607,-0.0001020789452607,current_period,2026-07-20T15:39:46.101522Z,https://www.okx.com/api/v5/public/funding-rate-history
1780704000000,2026-06-06T00:00:00Z,-0.0001117688446398,-0.0001117688446398,current_period,2026-07-20T15:39:46.101522Z,https://www.okx.com/api/v5/public/funding-rate-history
1780732800000,2026-06-06T08:00:00Z,-0.0001360611924772,-0.0001360611924772,current_period,2026-07-20T15:39:46.101522Z,https://www.okx.com/api/v5/public/funding-rate-history
1780761600000,2026-06-06T16:00:00Z,-0.0000351155451809,-0.0000351155451809,current_period,2026-07-20T15:39:46.101522Z,https://www.okx.com/api/v5/public/funding-rate-history
1780790400000,2026-06-07T00:00:00Z,-0.0001101629467678,-0.0001101629467678,current_period,2026-07-20T15:39:46.101522Z,https://www.okx.com/api/v5/public/funding-rate-history
1780819200000,2026-06-07T08:00:00Z,-0.0001405486745272,-0.0001405486745272,current_period,2026-07-20T15:39:46.101522Z,https://www.okx.com/api/v5/public/funding-rate-history
1780848000000,2026-06-07T16:00:00Z,-0.0001252953547432,-0.0001252953547432,current_period,2026-07-20T15:39:46.101522Z,https://www.okx.com/api/v5/public/funding-rate-history
1780876800000,2026-06-08T00:00:00Z,-0.0000253558685591,-0.0000253558685591,current_period,2026-07-20T15:39:46.101522Z,https://www.okx.com/api/v5/public/funding-rate-history
1780905600000,2026-06-08T08:00:00Z,-0.0000581634780562,-0.0000581634780562,current_period,2026-07-20T15:39:46.101522Z,https://www.okx.com/api/v5/public/funding-rate-history
1780934400000,2026-06-08T16:00:00Z,-0.0000738554551486,-0.0000738554551486,current_period,2026-07-20T15:39:46.101522Z,https://www.okx.com/api/v5/public/funding-rate-history
1780963200000,2026-06-09T00:00:00Z,-0.000150730098245,-0.000150730098245,current_period,2026-07-20T15:39:46.101522Z,https://www.okx.com/api/v5/public/funding-rate-history
1780992000000,2026-06-09T08:00:00Z,-0.0000611167247228,-0.0000611167247228,current_period,2026-07-20T15:39:46.101522Z,https://www.okx.com/api/v5/public/funding-rate-history
1781020800000,2026-06-09T16:00:00Z,-0.0000270255467439,-0.0000270255467439,current_period,2026-07-20T15:39:46.101522Z,https://www.okx.com/api/v5/public/funding-rate-history
1781049600000,2026-06-10T00:00:00Z,0.0000096430423193,0.0000096430423193,current_period,2026-07-20T15:39:46.101522Z,https://www.okx.com/api/v5/public/funding-rate-history
1781078400000,2026-06-10T08:00:00Z,-0.0000000281122877,-0.0000000281122877,current_period,2026-07-20T15:39:46.101522Z,https://www.okx.com/api/v5/public/funding-rate-history
1781107200000,2026-06-10T16:00:00Z,-0.00004882054165,-0.00004882054165,current_period,2026-07-20T15:39:46.101522Z,https://www.okx.com/api/v5/public/funding-rate-history
1781136000000,2026-06-11T00:00:00Z,-0.0000628871649466,-0.0000628871649466,current_period,2026-07-20T15:39:46.101522Z,https://www.okx.com/api/v5/public/funding-rate-history
1781164800000,2026-06-11T08:00:00Z,-0.00007500844339,-0.00007500844339,current_period,2026-07-20T15:39:46.101522Z,https://www.okx.com/api/v5/public/funding-rate-history
1781193600000,2026-06-11T16:00:00Z,-0.0000220748470192,-0.0000220748470192,current_period,2026-07-20T15:39:46.101522Z,https://www.okx.com/api/v5/public/funding-rate-history
1781222400000,2026-06-12T00:00:00Z,-0.0000463144464458,-0.0000463144464458,current_period,2026-07-20T15:39:46.101522Z,https://www.okx.com/api/v5/public/funding-rate-history
1781251200000,2026-06-12T08:00:00Z,-0.000061289295716,-0.000061289295716,current_period,2026-07-20T15:39:46.101522Z,https://www.okx.com/api/v5/public/funding-rate-history
1781280000000,2026-06-12T16:00:00Z,-0.0000105426347701,-0.0000105426347701,current_period,2026-07-20T15:39:46.101522Z,https://www.okx.com/api/v5/public/funding-rate-history
1781308800000,2026-06-13T00:00:00Z,-0.0000139562125418,-0.0000139562125418,current_period,2026-07-20T15:39:46.101522Z,https://www.okx.com/api/v5/public/funding-rate-history
1781337600000,2026-06-13T08:00:00Z,0.000002569137652,0.000002569137652,current_period,2026-07-20T15:39:46.101522Z,https://www.okx.com/api/v5/public/funding-rate-history
1781366400000,2026-06-13T16:00:00Z,-0.0000292435576406,-0.0000292435576406,current_period,2026-07-20T15:39:46.101522Z,https://www.okx.com/api/v5/public/funding-rate-history
1781395200000,2026-06-14T00:00:00Z,0.0000040341654621,0.0000040341654621,current_period,2026-07-20T15:39:46.101522Z,https://www.okx.com/api/v5/public/funding-rate-history
1781424000000,2026-06-14T08:00:00Z,0.0000025940839627,0.0000025940839627,current_period,2026-07-20T15:39:46.101522Z,https://www.okx.com/api/v5/public/funding-rate-history
1781452800000,2026-06-14T16:00:00Z,0.0000322130449158,0.0000322130449158,current_period,2026-07-20T15:39:46.101522Z,https://www.okx.com/api/v5/public/funding-rate-history
1781481600000,2026-06-15T00:00:00Z,-0.0000148154727363,-0.0000148154727363,current_period,2026-07-20T15:39:46.101522Z,https://www.okx.com/api/v5/public/funding-rate-history
1781510400000,2026-06-15T08:00:00Z,0.0000182601357154,0.0000182601357154,current_period,2026-07-20T15:39:46.101522Z,https://www.okx.com/api/v5/public/funding-rate-history
1781539200000,2026-06-15T16:00:00Z,-0.0000409078153245,-0.0000409078153245,current_period,2026-07-20T15:39:46.101522Z,https://www.okx.com/api/v5/public/funding-rate-history
1781568000000,2026-06-16T00:00:00Z,0.0000147775536339,0.0000147775536339,current_period,2026-07-20T15:39:46.101522Z,https://www.okx.com/api/v5/public/funding-rate-history
1781596800000,2026-06-16T08:00:00Z,0.0000021741324592,0.0000021741324592,current_period,2026-07-20T15:39:46.101522Z,https://www.okx.com/api/v5/public/funding-rate-history
1781625600000,2026-06-16T16:00:00Z,0.0000310436405161,0.0000310436405161,current_period,2026-07-20T15:39:46.101522Z,https://www.okx.com/api/v5/public/funding-rate-history
1781654400000,2026-06-17T00:00:00Z,0.0000309117993428,0.0000309117993428,current_period,2026-07-20T15:39:46.101522Z,https://www.okx.com/api/v5/public/funding-rate-history
1781683200000,2026-06-17T08:00:00Z,0.0000112775535827,0.0000112775535827,current_period,2026-07-20T15:39:46.101522Z,https://www.okx.com/api/v5/public/funding-rate-history
1781712000000,2026-06-17T16:00:00Z,-0.0000047170002475,-0.0000047170002475,current_period,2026-07-20T15:39:46.101522Z,https://www.okx.com/api/v5/public/funding-rate-history
1781740800000,2026-06-18T00:00:00Z,0.0000354185339253,0.0000354185339253,current_period,2026-07-20T15:39:46.101522Z,https://www.okx.com/api/v5/public/funding-rate-history
1781769600000,2026-06-18T08:00:00Z,0.0000190329683335,0.0000190329683335,current_period,2026-07-20T15:39:46.101522Z,https://www.okx.com/api/v5/public/funding-rate-history
1781798400000,2026-06-18T16:00:00Z,0.0000130718888498,0.0000130718888498,current_period,2026-07-20T15:39:46.101522Z,https://www.okx.com/api/v5/public/funding-rate-history
1781827200000,2026-06-19T00:00:00Z,0.0000156322710926,0.0000156322710926,current_period,2026-07-20T15:39:46.101522Z,https://www.okx.com/api/v5/public/funding-rate-history
1781856000000,2026-06-19T08:00:00Z,-0.0000528434479401,-0.0000528434479401,current_period,2026-07-20T15:39:46.101522Z,https://www.okx.com/api/v5/public/funding-rate-history
1781884800000,2026-06-19T16:00:00Z,0.0000106138315901,0.0000106138315901,current_period,2026-07-20T15:39:46.101522Z,https://www.okx.com/api/v5/public/funding-rate-history
1781913600000,2026-06-20T00:00:00Z,-0.000008217112208,-0.000008217112208,current_period,2026-07-20T15:39:46.101522Z,https://www.okx.com/api/v5/public/funding-rate-history
1781942400000,2026-06-20T08:00:00Z,-0.0000009187697818,-0.0000009187697818,current_period,2026-07-20T15:39:46.101522Z,https://www.okx.com/api/v5/public/funding-rate-history
1781971200000,2026-06-20T16:00:00Z,0.0000099168524694,0.0000099168524694,current_period,2026-07-20T15:39:46.101522Z,https://www.okx.com/api/v5/public/funding-rate-history
1782000000000,2026-06-21T00:00:00Z,0.0000311233669537,0.0000311233669537,current_period,2026-07-20T15:39:46.101522Z,https://www.okx.com/api/v5/public/funding-rate-history
1782028800000,2026-06-21T08:00:00Z,0.000039190692227,0.000039190692227,current_period,2026-07-20T15:39:46.101522Z,https://www.okx.com/api/v5/public/funding-rate-history
1782057600000,2026-06-21T16:00:00Z,-0.0000017294966874,-0.0000017294966874,current_period,2026-07-20T15:39:46.101522Z,https://www.okx.com/api/v5/public/funding-rate-history
1782086400000,2026-06-22T00:00:00Z,-0.0000292640132201,-0.0000292640132201,current_period,2026-07-20T15:39:46.101522Z,https://www.okx.com/api/v5/public/funding-rate-history
1782115200000,2026-06-22T08:00:00Z,0.0000551741548775,0.0000551741548775,current_period,2026-07-20T15:39:46.101522Z,https://www.okx.com/api/v5/public/funding-rate-history
1782144000000,2026-06-22T16:00:00Z,0.0000087330633914,0.0000087330633914,current_period,2026-07-20T15:39:46.101522Z,https://www.okx.com/api/v5/public/funding-rate-history
1782172800000,2026-06-23T00:00:00Z,0.0000447444157855,0.0000447444157855,current_period,2026-07-20T15:39:46.101522Z,https://www.okx.com/api/v5/public/funding-rate-history
1782201600000,2026-06-23T08:00:00Z,0.0000223047769436,0.0000223047769436,current_period,2026-07-20T15:39:46.101522Z,https://www.okx.com/api/v5/public/funding-rate-history
1782230400000,2026-06-23T16:00:00Z,-0.0000474888324712,-0.0000474888324712,current_period,2026-07-20T15:39:46.101522Z,https://www.okx.com/api/v5/public/funding-rate-history
1782259200000,2026-06-24T00:00:00Z,0.0000415261451061,0.0000415261451061,current_period,2026-07-20T15:39:46.101522Z,https://www.okx.com/api/v5/public/funding-rate-history
1782288000000,2026-06-24T08:00:00Z,0.0000187948373415,0.0000187948373415,current_period,2026-07-20T15:39:46.101522Z,https://www.okx.com/api/v5/public/funding-rate-history
1782316800000,2026-06-24T16:00:00Z,0.0000357666052303,0.0000357666052303,current_period,2026-07-20T15:39:46.101522Z,https://www.okx.com/api/v5/public/funding-rate-history
1782345600000,2026-06-25T00:00:00Z,0.0000430782742388,0.0000430782742388,current_period,2026-07-20T15:39:46.101522Z,https://www.okx.com/api/v5/public/funding-rate-history
1782374400000,2026-06-25T08:00:00Z,0.0000007400429038,0.0000007400429038,current_period,2026-07-20T15:39:46.101522Z,https://www.okx.com/api/v5/public/funding-rate-history
1782403200000,2026-06-25T16:00:00Z,-0.0000617221278092,-0.0000617221278092,current_period,2026-07-20T15:39:46.101522Z,https://www.okx.com/api/v5/public/funding-rate-history
1782432000000,2026-06-26T00:00:00Z,-0.0000076342772872,-0.0000076342772872,current_period,2026-07-20T15:39:46.101522Z,https://www.okx.com/api/v5/public/funding-rate-history
1782460800000,2026-06-26T08:00:00Z,-0.0000338612143513,-0.0000338612143513,current_period,2026-07-20T15:39:46.101522Z,https://www.okx.com/api/v5/public/funding-rate-history
1782489600000,2026-06-26T16:00:00Z,-0.0000136249284027,-0.0000136249284027,current_period,2026-07-20T15:39:46.101522Z,https://www.okx.com/api/v5/public/funding-rate-history
1782518400000,2026-06-27T00:00:00Z,-0.0000075739969418,-0.0000075739969418,current_period,2026-07-20T15:39:46.101522Z,https://www.okx.com/api/v5/public/funding-rate-history
1782547200000,2026-06-27T08:00:00Z,-0.0000184404947661,-0.0000184404947661,current_period,2026-07-20T15:39:46.101522Z,https://www.okx.com/api/v5/public/funding-rate-history
1782576000000,2026-06-27T16:00:00Z,-0.0000258696051293,-0.0000258696051293,current_period,2026-07-20T15:39:46.101522Z,https://www.okx.com/api/v5/public/funding-rate-history
1782604800000,2026-06-28T00:00:00Z,0.0000161023717783,0.0000161023717783,current_period,2026-07-20T15:39:46.101522Z,https://www.okx.com/api/v5/public/funding-rate-history
1782633600000,2026-06-28T08:00:00Z,0.0000052498408861,0.0000052498408861,current_period,2026-07-20T15:39:46.101522Z,https://www.okx.com/api/v5/public/funding-rate-history
1782662400000,2026-06-28T16:00:00Z,0.0000295816582727,0.0000295816582727,current_period,2026-07-20T15:39:46.101522Z,https://www.okx.com/api/v5/public/funding-rate-history
1782691200000,2026-06-29T00:00:00Z,-0.0000234101770987,-0.0000234101770987,current_period,2026-07-20T15:39:46.101522Z,https://www.okx.com/api/v5/public/funding-rate-history
1782720000000,2026-06-29T08:00:00Z,0.0000061876644647,0.0000061876644647,current_period,2026-07-20T15:39:46.101522Z,https://www.okx.com/api/v5/public/funding-rate-history
1782748800000,2026-06-29T16:00:00Z,0.0000156100614198,0.0000156100614198,current_period,2026-07-20T15:39:46.101522Z,https://www.okx.com/api/v5/public/funding-rate-history
1782777600000,2026-06-30T00:00:00Z,0.0000380240674401,0.0000380240674401,current_period,2026-07-20T15:39:46.101522Z,https://www.okx.com/api/v5/public/funding-rate-history
1782806400000,2026-06-30T08:00:00Z,-0.0000060488193957,-0.0000060488193957,current_period,2026-07-20T15:39:46.101522Z,https://www.okx.com/api/v5/public/funding-rate-history
1782835200000,2026-06-30T16:00:00Z,0.0000721824183872,0.0000721824183872,current_period,2026-07-20T15:39:46.101522Z,https://www.okx.com/api/v5/public/funding-rate-history
1782864000000,2026-07-01T00:00:00Z,0.0000660988957706,0.0000660988957706,current_period,2026-07-20T15:39:46.101522Z,https://www.okx.com/api/v5/public/funding-rate-history
1782892800000,2026-07-01T08:00:00Z,0.0000303769550576,0.0000303769550576,current_period,2026-07-20T15:39:46.101522Z,https://www.okx.com/api/v5/public/funding-rate-history
1782921600000,2026-07-01T16:00:00Z,0.0000090161202807,0.0000090161202807,current_period,2026-07-20T15:39:46.101522Z,https://www.okx.com/api/v5/public/funding-rate-history
1782950400000,2026-07-02T00:00:00Z,0.0000215009551479,0.0000215009551479,current_period,2026-07-20T15:39:46.101522Z,https://www.okx.com/api/v5/public/funding-rate-history
1782979200000,2026-07-02T08:00:00Z,0.0000607032025056,0.0000607032025056,current_period,2026-07-20T15:39:46.101522Z,https://www.okx.com/api/v5/public/funding-rate-history
1783008000000,2026-07-02T16:00:00Z,0.0000417278103235,0.0000417278103235,current_period,2026-07-20T15:39:46.101522Z,https://www.okx.com/api/v5/public/funding-rate-history
1783036800000,2026-07-03T00:00:00Z,0.0000367640954252,0.0000367640954252,current_period,2026-07-20T15:39:46.101522Z,https://www.okx.com/api/v5/public/funding-rate-history
1783065600000,2026-07-03T08:00:00Z,0.0000776998564309,0.0000776998564309,current_period,2026-07-20T15:39:46.101522Z,https://www.okx.com/api/v5/public/funding-rate-history
1783094400000,2026-07-03T16:00:00Z,0.0000588368007291,0.0000588368007291,current_period,2026-07-20T15:39:46.101522Z,https://www.okx.com/api/v5/public/funding-rate-history
1783123200000,2026-07-04T00:00:00Z,0.0000724813657104,0.0000724813657104,current_period,2026-07-20T15:39:46.101522Z,https://www.okx.com/api/v5/public/funding-rate-history
1783152000000,2026-07-04T08:00:00Z,0.0000745597493041,0.0000745597493041,current_period,2026-07-20T15:39:46.101522Z,https://www.okx.com/api/v5/public/funding-rate-history
1783180800000,2026-07-04T16:00:00Z,0.0000228901001596,0.0000228901001596,current_period,2026-07-20T15:39:46.101522Z,https://www.okx.com/api/v5/public/funding-rate-history
1783209600000,2026-07-05T00:00:00Z,0.0000968990038946,0.0000968990038946,current_period,2026-07-20T15:39:46.101522Z,https://www.okx.com/api/v5/public/funding-rate-history
1783238400000,2026-07-05T08:00:00Z,0.0000703063439524,0.0000703063439524,current_period,2026-07-20T15:39:46.101522Z,https://www.okx.com/api/v5/public/funding-rate-history
1783267200000,2026-07-05T16:00:00Z,0.0000563044651547,0.0000563044651547,current_period,2026-07-20T15:39:46.101522Z,https://www.okx.com/api/v5/public/funding-rate-history
1783296000000,2026-07-06T00:00:00Z,0.0000662427337674,0.0000662427337674,current_period,2026-07-20T15:39:46.101522Z,https://www.okx.com/api/v5/public/funding-rate-history
1783324800000,2026-07-06T08:00:00Z,0.0000610400190784,0.0000610400190784,current_period,2026-07-20T15:39:46.101522Z,https://www.okx.com/api/v5/public/funding-rate-history
1783353600000,2026-07-06T16:00:00Z,0.0000494066073094,0.0000494066073094,current_period,2026-07-20T15:39:46.101522Z,https://www.okx.com/api/v5/public/funding-rate-history
1783382400000,2026-07-07T00:00:00Z,0.0000925998620273,0.0000925998620273,current_period,2026-07-20T15:39:46.101522Z,https://www.okx.com/api/v5/public/funding-rate-history
1783411200000,2026-07-07T08:00:00Z,0.0000526322924488,0.0000526322924488,current_period,2026-07-20T15:39:46.101522Z,https://www.okx.com/api/v5/public/funding-rate-history
1783440000000,2026-07-07T16:00:00Z,0.0000354451387017,0.0000354451387017,current_period,2026-07-20T15:39:46.101522Z,https://www.okx.com/api/v5/public/funding-rate-history
1783468800000,2026-07-08T00:00:00Z,0.0000456793237861,0.0000456793237861,current_period,2026-07-20T15:39:46.101522Z,https://www.okx.com/api/v5/public/funding-rate-history
1783497600000,2026-07-08T08:00:00Z,0.0000293051602703,0.0000293051602703,current_period,2026-07-20T15:39:46.101522Z,https://www.okx.com/api/v5/public/funding-rate-history
1783526400000,2026-07-08T16:00:00Z,0.0000804853240237,0.0000804853240237,current_period,2026-07-20T15:39:46.101522Z,https://www.okx.com/api/v5/public/funding-rate-history
1783555200000,2026-07-09T00:00:00Z,0.0000270502736983,0.0000270502736983,current_period,2026-07-20T15:39:46.101522Z,https://www.okx.com/api/v5/public/funding-rate-history
1783584000000,2026-07-09T08:00:00Z,-0.0000086390853462,-0.0000086390853462,current_period,2026-07-20T15:39:46.101522Z,https://www.okx.com/api/v5/public/funding-rate-history
1783612800000,2026-07-09T16:00:00Z,0.0000421208700726,0.0000421208700726,current_period,2026-07-20T15:39:46.101522Z,https://www.okx.com/api/v5/public/funding-rate-history
1783641600000,2026-07-10T00:00:00Z,0.0000288771231982,0.0000288771231982,current_period,2026-07-20T15:39:46.101522Z,https://www.okx.com/api/v5/public/funding-rate-history
1783670400000,2026-07-10T08:00:00Z,0.0000503523904176,0.0000503523904176,current_period,2026-07-20T15:39:46.101522Z,https://www.okx.com/api/v5/public/funding-rate-history
1783699200000,2026-07-10T16:00:00Z,-0.0000021531631174,-0.0000021531631174,current_period,2026-07-20T15:39:46.101522Z,https://www.okx.com/api/v5/public/funding-rate-history
1783728000000,2026-07-11T00:00:00Z,0.0000310694109403,0.0000310694109403,current_period,2026-07-20T15:39:46.101522Z,https://www.okx.com/api/v5/public/funding-rate-history
1783756800000,2026-07-11T08:00:00Z,-0.0000321065333534,-0.0000321065333534,current_period,2026-07-20T15:39:46.101522Z,https://www.okx.com/api/v5/public/funding-rate-history
1783785600000,2026-07-11T16:00:00Z,-0.0000105100711028,-0.0000105100711028,current_period,2026-07-20T15:39:46.101522Z,https://www.okx.com/api/v5/public/funding-rate-history
1783814400000,2026-07-12T00:00:00Z,-0.0000305826141828,-0.0000305826141828,current_period,2026-07-20T15:39:46.101522Z,https://www.okx.com/api/v5/public/funding-rate-history
1783843200000,2026-07-12T08:00:00Z,-0.0000180494264056,-0.0000180494264056,current_period,2026-07-20T15:39:46.101522Z,https://www.okx.com/api/v5/public/funding-rate-history
1783872000000,2026-07-12T16:00:00Z,-0.0000149280788989,-0.0000149280788989,current_period,2026-07-20T15:39:46.101522Z,https://www.okx.com/api/v5/public/funding-rate-history
1783900800000,2026-07-13T00:00:00Z,-0.000019284312303,-0.000019284312303,current_period,2026-07-20T15:39:46.101522Z,https://www.okx.com/api/v5/public/funding-rate-history
1783929600000,2026-07-13T08:00:00Z,0.0000573308230271,0.0000573308230271,current_period,2026-07-20T15:39:46.101522Z,https://www.okx.com/api/v5/public/funding-rate-history
1783958400000,2026-07-13T16:00:00Z,-0.0000038104382994,-0.0000038104382994,current_period,2026-07-20T15:39:46.101522Z,https://www.okx.com/api/v5/public/funding-rate-history
1783987200000,2026-07-14T00:00:00Z,0.0000123850005236,0.0000123850005236,current_period,2026-07-20T15:39:46.101522Z,https://www.okx.com/api/v5/public/funding-rate-history
1784016000000,2026-07-14T08:00:00Z,0.0000005010183463,0.0000005010183463,current_period,2026-07-20T15:39:46.101522Z,https://www.okx.com/api/v5/public/funding-rate-history
1784044800000,2026-07-14T16:00:00Z,0.0000438677177839,0.0000438677177839,current_period,2026-07-20T15:39:46.101522Z,https://www.okx.com/api/v5/public/funding-rate-history
1784073600000,2026-07-15T00:00:00Z,0.0000072200760681,0.0000072200760681,current_period,2026-07-20T15:39:46.101522Z,https://www.okx.com/api/v5/public/funding-rate-history
1784102400000,2026-07-15T08:00:00Z,0.0000609661220377,0.0000609661220377,current_period,2026-07-20T15:39:46.101522Z,https://www.okx.com/api/v5/public/funding-rate-history
1784131200000,2026-07-15T16:00:00Z,0.0000275465227283,0.0000275465227283,current_period,2026-07-20T15:39:46.101522Z,https://www.okx.com/api/v5/public/funding-rate-history
1784160000000,2026-07-16T00:00:00Z,0.0000408086469783,0.0000408086469783,current_period,2026-07-20T15:39:46.101522Z,https://www.okx.com/api/v5/public/funding-rate-history
1784188800000,2026-07-16T08:00:00Z,0.0000761611320942,0.0000761611320942,current_period,2026-07-20T15:39:46.101522Z,https://www.okx.com/api/v5/public/funding-rate-history
1784217600000,2026-07-16T16:00:00Z,0.0000366753143679,0.0000366753143679,current_period,2026-07-20T15:39:46.101522Z,https://www.okx.com/api/v5/public/funding-rate-history
1784246400000,2026-07-17T00:00:00Z,0.000068512360485,0.000068512360485,current_period,2026-07-20T15:39:46.101522Z,https://www.okx.com/api/v5/public/funding-rate-history
1784275200000,2026-07-17T08:00:00Z,0.0000677113654724,0.0000677113654724,current_period,2026-07-20T15:39:46.101522Z,https://www.okx.com/api/v5/public/funding-rate-history
1784304000000,2026-07-17T16:00:00Z,0.0000369963698486,0.0000369963698486,current_period,2026-07-20T15:39:46.101522Z,https://www.okx.com/api/v5/public/funding-rate-history
1784332800000,2026-07-18T00:00:00Z,-0.0000295985967298,-0.0000295985967298,current_period,2026-07-20T15:39:46.101522Z,https://www.okx.com/api/v5/public/funding-rate-history
1784361600000,2026-07-18T08:00:00Z,-0.0000301450665353,-0.0000301450665353,current_period,2026-07-20T15:39:46.101522Z,https://www.okx.com/api/v5/public/funding-rate-history
1784390400000,2026-07-18T16:00:00Z,0.0000086559930819,0.0000086559930819,current_period,2026-07-20T15:39:46.101522Z,https://www.okx.com/api/v5/public/funding-rate-history
1784419200000,2026-07-19T00:00:00Z,-0.0000258329348864,-0.0000258329348864,current_period,2026-07-20T15:39:46.101522Z,https://www.okx.com/api/v5/public/funding-rate-history
1784448000000,2026-07-19T08:00:00Z,0.0000125871505438,0.0000125871505438,current_period,2026-07-20T15:39:46.101522Z,https://www.okx.com/api/v5/public/funding-rate-history
1784476800000,2026-07-19T16:00:00Z,0.0000674808766784,0.0000674808766784,current_period,2026-07-20T15:39:46.101522Z,https://www.okx.com/api/v5/public/funding-rate-history
1784505600000,2026-07-20T00:00:00Z,0.0000148006644307,0.0000148006644307,current_period,2026-07-20T15:39:46.101522Z,https://www.okx.com/api/v5/public/funding-rate-history
1784534400000,2026-07-20T08:00:00Z,-0.0000022207834139,-0.0000022207834139,current_period,2026-07-20T15:39:46.101522Z,https://www.okx.com/api/v5/public/funding-rate-history
1784563200000,2026-07-20T16:00:00Z,-0.0000059409107398,-0.0000059409107398,current_period,2026-09-02T23:33:53.012397Z,https://www.okx.com/api/v5/public/funding-rate-history
1784592000000,2026-07-21T00:00:00Z,0.0000158882774007,0.0000158882774007,current_period,2026-09-02T23:33:53.012397Z,https://www.okx.com/api/v5/public/funding-rate-history
1784620800000,2026-07-21T08:00:00Z,-0.0000445163079178,-0.0000445163079178,current_period,2026-09-02T23:33:53.012397Z,https://www.okx.com/api/v5/public/funding-rate-history
1784649600000,2026-07-21T16:00:00Z,-0.0000008448823037,-0.0000008448823037,current_period,2026-09-02T23:33:53.012397Z,https://www.okx.com/api/v5/public/funding-rate-history
1784678400000,2026-07-22T00:00:00Z,-0.0000308424179407,-0.0000308424179407,current_period,2026-09-02T23:33:53.012397Z,https://www.okx.com/api/v5/public/funding-rate-history
1784707200000,2026-07-22T08:00:00Z,-0.0000255962269609,-0.0000255962269609,current_period,2026-09-02T23:33:53.012397Z,https://www.okx.com/api/v5/public/funding-rate-history
1784736000000,2026-07-22T16:00:00Z,-0.0000140415231133,-0.0000140415231133,current_period,2026-09-02T23:33:53.012397Z,https://www.okx.com/api/v5/public/funding-rate-history
1784764800000,2026-07-23T00:00:00Z,0.0000003843646923,0.0000003843646923,current_period,2026-09-02T23:33:53.012397Z,https://www.okx.com/api/v5/public/funding-rate-history
1784793600000,2026-07-23T08:00:00Z,0.0000089193515735,0.0000089193515735,current_period,2026-09-02T23:33:53.012397Z,https://www.okx.com/api/v5/public/funding-rate-history
1784822400000,2026-07-23T16:00:00Z,-0.0000006869855277,-0.0000006869855277,current_period,2026-09-02T23:33:53.012397Z,https://www.okx.com/api/v5/public/funding-rate-history
1784851200000,2026-07-24T00:00:00Z,-0.0000365408707853,-0.0000365408707853,current_period,2026-09-02T23:33:53.012397Z,https://www.okx.com/api/v5/public/funding-rate-history
1784880000000,2026-07-24T08:00:00Z,-0.0000527169993112,-0.0000527169993112,current_period,2026-09-02T23:33:53.012397Z,https://www.okx.com/api/v5/public/funding-rate-history
1784908800000,2026-07-24T16:00:00Z,0.0000449126092244,0.0000449126092244,current_period,2026-09-02T23:33:53.012397Z,https://www.okx.com/api/v5/public/funding-rate-history
1784937600000,2026-07-25T00:00:00Z,0.0000199106359241,0.0000199106359241,current_period,2026-09-02T23:33:53.012397Z,https://www.okx.com/api/v5/public/funding-rate-history
1784966400000,2026-07-25T08:00:00Z,0.000063860019022,0.000063860019022,current_period,2026-09-02T23:33:53.012397Z,https://www.okx.com/api/v5/public/funding-rate-history
1784995200000,2026-07-25T16:00:00Z,0.0000330618818075,0.0000330618818075,current_period,2026-09-02T23:33:53.012397Z,https://www.okx.com/api/v5/public/funding-rate-history
1785024000000,2026-07-26T00:00:00Z,0.0000129977466092,0.0000129977466092,current_period,2026-09-02T23:33:53.012397Z,https://www.okx.com/api/v5/public/funding-rate-history
1785052800000,2026-07-26T08:00:00Z,0.0000212251466303,0.0000212251466303,current_period,2026-09-02T23:33:53.012397Z,https://www.okx.com/api/v5/public/funding-rate-history
1785081600000,2026-07-26T16:00:00Z,0.0000220730758221,0.0000220730758221,current_period,2026-09-02T23:33:53.012397Z,https://www.okx.com/api/v5/public/funding-rate-history
1785110400000,2026-07-27T00:00:00Z,0.000051883489743,0.000051883489743,current_period,2026-09-02T23:33:53.012397Z,https://www.okx.com/api/v5/public/funding-rate-history
1785139200000,2026-07-27T08:00:00Z,0.0000280698073452,0.0000280698073452,current_period,2026-09-02T23:33:53.012397Z,https://www.okx.com/api/v5/public/funding-rate-history
1785168000000,2026-07-27T16:00:00Z,0.0000045289516199,0.0000045289516199,current_period,2026-09-02T23:33:53.012397Z,https://www.okx.com/api/v5/public/funding-rate-history
1785196800000,2026-07-28T00:00:00Z,0.0000049488462759,0.0000049488462759,current_period,2026-09-02T23:33:53.012397Z,https://www.okx.com/api/v5/public/funding-rate-history
1785225600000,2026-07-28T08:00:00Z,-0.0000122022483673,-0.0000122022483673,current_period,2026-09-02T23:33:53.012397Z,https://www.okx.com/api/v5/public/funding-rate-history
1785254400000,2026-07-28T16:00:00Z,-0.0000068647534945,-0.0000068647534945,current_period,2026-09-02T23:33:53.012397Z,https://www.okx.com/api/v5/public/funding-rate-history
1785283200000,2026-07-29T00:00:00Z,0.0000168559808199,0.0000168559808199,current_period,2026-09-02T23:33:53.012397Z,https://www.okx.com/api/v5/public/funding-rate-history
1785312000000,2026-07-29T08:00:00Z,0.0000165477485,0.0000165477485,current_period,2026-09-02T23:33:53.012397Z,https://www.okx.com/api/v5/public/funding-rate-history
1785340800000,2026-07-29T16:00:00Z,-0.000008563046805,-0.000008563046805,current_period,2026-09-02T23:33:53.012397Z,https://www.okx.com/api/v5/public/funding-rate-history
1785369600000,2026-07-30T00:00:00Z,0.0000405143713341,0.0000405143713341,current_period,2026-09-02T23:33:53.012397Z,https://www.okx.com/api/v5/public/funding-rate-history
1785398400000,2026-07-30T08:00:00Z,0.0000240826545597,0.0000240826545597,current_period,2026-09-02T23:33:53.012397Z,https://www.okx.com/api/v5/public/funding-rate-history
1785427200000,2026-07-30T16:00:00Z,0.0000197473818978,0.0000197473818978,current_period,2026-09-02T23:33:53.012397Z,https://www.okx.com/api/v5/public/funding-rate-history
1785456000000,2026-07-31T00:00:00Z,0.0000237493300502,0.0000237493300502,current_period,2026-09-02T23:33:53.012397Z,https://www.okx.com/api/v5/public/funding-rate-history
1785484800000,2026-07-31T08:00:00Z,0.0000386844546564,0.0000386844546564,current_period,2026-09-02T23:33:53.012397Z,https://www.okx.com/api/v5/public/funding-rate-history
1785513600000,2026-07-31T16:00:00Z,0.0000176944057637,0.0000176944057637,current_period,2026-09-02T23:33:53.012397Z,https://www.okx.com/api/v5/public/funding-rate-history
1785542400000,2026-08-01T00:00:00Z,-0.0000156100214736,-0.0000156100214736,current_period,2026-09-02T23:33:53.012397Z,https://www.okx.com/api/v5/public/funding-rate-history
1785571200000,2026-08-01T08:00:00Z,-0.0000072516357667,-0.0000072516357667,current_period,2026-09-02T23:33:53.012397Z,https://www.okx.com/api/v5/public/funding-rate-history
1785600000000,2026-08-01T16:00:00Z,0.0000084312481241,0.0000084312481241,current_period,2026-09-02T23:33:53.012397Z,https://www.okx.com/api/v5/public/funding-rate-history
1785628800000,2026-08-02T00:00:00Z,-0.0000021638887569,-0.0000021638887569,current_period,2026-09-02T23:33:53.012397Z,https://www.okx.com/api/v5/public/funding-rate-history
1785657600000,2026-08-02T08:00:00Z,0.0000090890955266,0.0000090890955266,current_period,2026-09-02T23:33:53.012397Z,https://www.okx.com/api/v5/public/funding-rate-history
1785686400000,2026-08-02T16:00:00Z,-0.000013308240259,-0.000013308240259,current_period,2026-09-02T23:33:53.012397Z,https://www.okx.com/api/v5/public/funding-rate-history
1785715200000,2026-08-03T00:00:00Z,-0.0000024670933644,-0.0000024670933644,current_period,2026-09-02T23:33:53.012397Z,https://www.okx.com/api/v5/public/funding-rate-history
1785744000000,2026-08-03T08:00:00Z,0.000008909416699,0.000008909416699,current_period,2026-09-02T23:33:53.012397Z,https://www.okx.com/api/v5/public/funding-rate-history
1785772800000,2026-08-03T16:00:00Z,0.0000133384481188,0.0000133384481188,current_period,2026-09-02T23:33:53.012397Z,https://www.okx.com/api/v5/public/funding-rate-history
1785801600000,2026-08-04T00:00:00Z,-0.0000063556808055,-0.0000063556808055,current_period,2026-09-02T23:33:53.012397Z,https://www.okx.com/api/v5/public/funding-rate-history
1785830400000,2026-08-04T08:00:00Z,0.000038280633343,0.000038280633343,current_period,2026-09-02T23:33:53.012397Z,https://www.okx.com/api/v5/public/funding-rate-history
1785859200000,2026-08-04T16:00:00Z,-0.000016037630656,-0.000016037630656,current_period,2026-09-02T23:33:53.012397Z,https://www.okx.com/api/v5/public/funding-rate-history
1785888000000,2026-08-05T00:00:00Z,-0.0000452013035251,-0.0000452013035251,current_period,2026-09-02T23:33:53.012397Z,https://www.okx.com/api/v5/public/funding-rate-history
1785916800000,2026-08-05T08:00:00Z,0.0000170820629493,0.0000170820629493,current_period,2026-09-02T23:33:53.012397Z,https://www.okx.com/api/v5/public/funding-rate-history
1785945600000,2026-08-05T16:00:00Z,-0.0000203682277445,-0.0000203682277445,current_period,2026-09-02T23:33:53.012397Z,https://www.okx.com/api/v5/public/funding-rate-history
1785974400000,2026-08-06T00:00:00Z,0.0000718973766562,0.0000718973766562,current_period,2026-09-02T23:33:53.012397Z,https://www.okx.com/api/v5/public/funding-rate-history
1786003200000,2026-08-06T08:00:00Z,0.0000008542736991,0.0000008542736991,current_period,2026-09-02T23:33:53.012397Z,https://www.okx.com/api/v5/public/funding-rate-history
1786032000000,2026-08-06T16:00:00Z,0.0000171069136136,0.0000171069136136,current_period,2026-09-02T23:33:53.012397Z,https://www.okx.com/api/v5/public/funding-rate-history
1786060800000,2026-08-07T00:00:00Z,0.0000288350469677,0.0000288350469677,current_period,2026-09-02T23:33:53.012397Z,https://www.okx.com/api/v5/public/funding-rate-history
1786089600000,2026-08-07T08:00:00Z,0.0000667092397022,0.0000667092397022,current_period,2026-09-02T23:33:53.012397Z,https://www.okx.com/api/v5/public/funding-rate-history
1786118400000,2026-08-07T16:00:00Z,0.0000189688413157,0.0000189688413157,current_period,2026-09-02T23:33:53.012397Z,https://www.okx.com/api/v5/public/funding-rate-history
1786147200000,2026-08-08T00:00:00Z,0.0000246228606321,0.0000246228606321,current_period,2026-09-02T23:33:53.012397Z,https://www.okx.com/api/v5/public/funding-rate-history
1786176000000,2026-08-08T08:00:00Z,0.0000359142764991,0.0000359142764991,current_period,2026-09-02T23:33:53.012397Z,https://www.okx.com/api/v5/public/funding-rate-history
1786204800000,2026-08-08T16:00:00Z,-0.000002156013378,-0.000002156013378,current_period,2026-09-02T23:33:53.012397Z,https://www.okx.com/api/v5/public/funding-rate-history
1786233600000,2026-08-09T00:00:00Z,0.0000171944578959,0.0000171944578959,current_period,2026-09-02T23:33:53.012397Z,https://www.okx.com/api/v5/public/funding-rate-history
1786262400000,2026-08-09T08:00:00Z,0.0000698565916673,0.0000698565916673,current_period,2026-09-02T23:33:53.012397Z,https://www.okx.com/api/v5/public/funding-rate-history
1786291200000,2026-08-09T16:00:00Z,0.0000150459997638,0.0000150459997638,current_period,2026-09-02T23:33:53.012397Z,https://www.okx.com/api/v5/public/funding-rate-history
1786320000000,2026-08-10T00:00:00Z,0.0000538090424681,0.0000538090424681,current_period,2026-09-02T23:33:53.012397Z,https://www.okx.com/api/v5/public/funding-rate-history
1786348800000,2026-08-10T08:00:00Z,0.0000428864056466,0.0000428864056466,current_period,2026-09-02T23:33:53.012397Z,https://www.okx.com/api/v5/public/funding-rate-history
1786377600000,2026-08-10T16:00:00Z,0.0001,0.0001,current_period,2026-09-02T23:33:53.012397Z,https://www.okx.com/api/v5/public/funding-rate-history
1786406400000,2026-08-11T00:00:00Z,0.0000929685260374,0.0000929685260374,current_period,2026-09-02T23:33:53.012397Z,https://www.okx.com/api/v5/public/funding-rate-history
1786435200000,2026-08-11T08:00:00Z,0.0000629568308174,0.0000629568308174,current_period,2026-09-02T23:33:53.012397Z,https://www.okx.com/api/v5/public/funding-rate-history
1786464000000,2026-08-11T16:00:00Z,0.0000729133616208,0.0000729133616208,current_period,2026-09-02T23:33:53.012397Z,https://www.okx.com/api/v5/public/funding-rate-history
1786492800000,2026-08-12T00:00:00Z,0.0000650447801533,0.0000650447801533,current_period,2026-09-02T23:33:53.012397Z,https://www.okx.com/api/v5/public/funding-rate-history
1786521600000,2026-08-12T08:00:00Z,0.0000586603710092,0.0000586603710092,current_period,2026-09-02T23:33:53.012397Z,https://www.okx.com/api/v5/public/funding-rate-history
1786550400000,2026-08-12T16:00:00Z,0.0000812543862044,0.0000812543862044,current_period,2026-09-02T23:33:53.012397Z,https://www.okx.com/api/v5/public/funding-rate-history
1786579200000,2026-08-13T00:00:00Z,0.0001,0.0001,current_period,2026-09-02T23:33:53.012397Z,https://www.okx.com/api/v5/public/funding-rate-history
1786608000000,2026-08-13T08:00:00Z,0.000016250221253,0.000016250221253,current_period,2026-09-02T23:33:53.012397Z,https://www.okx.com/api/v5/public/funding-rate-history
1786636800000,2026-08-13T16:00:00Z,0.0000753132654536,0.0000753132654536,current_period,2026-09-02T23:33:53.012397Z,https://www.okx.com/api/v5/public/funding-rate-history
1786665600000,2026-08-14T00:00:00Z,0.0001,0.0001,current_period,2026-09-02T23:33:53.012397Z,https://www.okx.com/api/v5/public/funding-rate-history
1786694400000,2026-08-14T08:00:00Z,0.0000883149313719,0.0000883149313719,current_period,2026-09-02T23:33:53.012397Z,https://www.okx.com/api/v5/public/funding-rate-history
1786723200000,2026-08-14T16:00:00Z,0.0000944808093277,0.0000944808093277,current_period,2026-09-02T23:33:53.012397Z,https://www.okx.com/api/v5/public/funding-rate-history
1786752000000,2026-08-15T00:00:00Z,0.0000666945112963,0.0000666945112963,current_period,2026-09-02T23:33:53.012397Z,https://www.okx.com/api/v5/public/funding-rate-history
1786780800000,2026-08-15T08:00:00Z,0.0000375308273115,0.0000375308273115,current_period,2026-09-02T23:33:53.012397Z,https://www.okx.com/api/v5/public/funding-rate-history
1786809600000,2026-08-15T16:00:00Z,0.0000383273653081,0.0000383273653081,current_period,2026-09-02T23:33:53.012397Z,https://www.okx.com/api/v5/public/funding-rate-history
1786838400000,2026-08-16T00:00:00Z,0.0000216430646451,0.0000216430646451,current_period,2026-09-02T23:33:53.012397Z,https://www.okx.com/api/v5/public/funding-rate-history
1786867200000,2026-08-16T08:00:00Z,0.0000876265245191,0.0000876265245191,current_period,2026-09-02T23:33:53.012397Z,https://www.okx.com/api/v5/public/funding-rate-history
1786896000000,2026-08-16T16:00:00Z,0.000077278227667,0.000077278227667,current_period,2026-09-02T23:33:53.012397Z,https://www.okx.com/api/v5/public/funding-rate-history
1786924800000,2026-08-17T00:00:00Z,0.0000779795884864,0.0000779795884864,current_period,2026-09-02T23:33:53.012397Z,https://www.okx.com/api/v5/public/funding-rate-history
1786953600000,2026-08-17T08:00:00Z,0.0000137824649155,0.0000137824649155,current_period,2026-09-02T23:33:53.012397Z,https://www.okx.com/api/v5/public/funding-rate-history
1786982400000,2026-08-17T16:00:00Z,0.0000333349287259,0.0000333349287259,current_period,2026-09-02T23:33:53.012397Z,https://www.okx.com/api/v5/public/funding-rate-history
1787011200000,2026-08-18T00:00:00Z,0.000012978004836,0.000012978004836,current_period,2026-09-02T23:33:53.012397Z,https://www.okx.com/api/v5/public/funding-rate-history
1787040000000,2026-08-18T08:00:00Z,0.0000448222464397,0.0000448222464397,current_period,2026-09-02T23:33:53.012397Z,https://www.okx.com/api/v5/public/funding-rate-history
1787068800000,2026-08-18T16:00:00Z,-0.0000005095594143,-0.0000005095594143,current_period,2026-09-02T23:33:53.012397Z,https://www.okx.com/api/v5/public/funding-rate-history
1787097600000,2026-08-19T00:00:00Z,-0.0000150322210573,-0.0000150322210573,current_period,2026-09-02T23:33:53.012397Z,https://www.okx.com/api/v5/public/funding-rate-history
1787126400000,2026-08-19T08:00:00Z,0.0000262954322888,0.0000262954322888,current_period,2026-09-02T23:33:53.012397Z,https://www.okx.com/api/v5/public/funding-rate-history
1787155200000,2026-08-19T16:00:00Z,0.0000649603093738,0.0000649603093738,current_period,2026-09-02T23:33:53.012397Z,https://www.okx.com/api/v5/public/funding-rate-history
1787184000000,2026-08-20T00:00:00Z,0.0001,0.0001,current_period,2026-09-02T23:33:53.012397Z,https://www.okx.com/api/v5/public/funding-rate-history
1787212800000,2026-08-20T08:00:00Z,0.0001,0.0001,current_period,2026-09-02T23:33:53.012397Z,https://www.okx.com/api/v5/public/funding-rate-history
1787241600000,2026-08-20T16:00:00Z,0.0001,0.0001,current_period,2026-09-02T23:33:53.012397Z,https://www.okx.com/api/v5/public/funding-rate-history
1787270400000,2026-08-21T00:00:00Z,0.0000780352542507,0.0000780352542507,current_period,2026-09-02T23:33:53.012397Z,https://www.okx.com/api/v5/public/funding-rate-history
1787299200000,2026-08-21T08:00:00Z,0.0001,0.0001,current_period,2026-09-02T23:33:53.012397Z,https://www.okx.com/api/v5/public/funding-rate-history
1787328000000,2026-08-21T16:00:00Z,0.0001,0.0001,current_period,2026-09-02T23:33:53.012397Z,https://www.okx.com/api/v5/public/funding-rate-history
1787356800000,2026-08-22T00:00:00Z,0.0001,0.0001,current_period,2026-09-02T23:33:53.012397Z,https://www.okx.com/api/v5/public/funding-rate-history
1787385600000,2026-08-22T08:00:00Z,0.0001,0.0001,current_period,2026-09-02T23:33:53.012397Z,https://www.okx.com/api/v5/public/funding-rate-history
1787414400000,2026-08-22T16:00:00Z,0.0001,0.0001,current_period,2026-09-02T23:33:53.012397Z,https://www.okx.com/api/v5/public/funding-rate-history
1787443200000,2026-08-23T00:00:00Z,0.0001,0.0001,current_period,2026-09-02T23:33:53.012397Z,https://www.okx.com/api/v5/public/funding-rate-history
1787472000000,2026-08-23T08:00:00Z,0.0001,0.0001,current_period,2026-09-02T23:33:53.012397Z,https://www.okx.com/api/v5/public/funding-rate-history
1787500800000,2026-08-23T16:00:00Z,0.0001,0.0001,current_period,2026-09-02T23:33:53.012397Z,https://www.okx.com/api/v5/public/funding-rate-history
1787529600000,2026-08-24T00:00:00Z,0.0001,0.0001,current_period,2026-09-02T23:33:53.012397Z,https://www.okx.com/api/v5/public/funding-rate-history
1787558400000,2026-08-24T08:00:00Z,0.0001,0.0001,current_period,2026-09-02T23:33:53.012397Z,https://www.okx.com/api/v5/public/funding-rate-history
1787587200000,2026-08-24T16:00:00Z,0.0000993104214074,0.0000993104214074,current_period,2026-09-02T23:33:53.012397Z,https://www.okx.com/api/v5/public/funding-rate-history
1787616000000,2026-08-25T00:00:00Z,0.0001,0.0001,current_period,2026-09-02T23:33:53.012397Z,https://www.okx.com/api/v5/public/funding-rate-history
1787644800000,2026-08-25T08:00:00Z,0.0001,0.0001,current_period,2026-09-02T23:33:53.012397Z,https://www.okx.com/api/v5/public/funding-rate-history
1787673600000,2026-08-25T16:00:00Z,0.0001,0.0001,current_period,2026-09-02T23:33:53.012397Z,https://www.okx.com/api/v5/public/funding-rate-history
1787702400000,2026-08-26T00:00:00Z,0.000079209396184,0.000079209396184,current_period,2026-09-02T23:33:53.012397Z,https://www.okx.com/api/v5/public/funding-rate-history
1787731200000,2026-08-26T08:00:00Z,0.0001,0.0001,current_period,2026-09-02T23:33:53.012397Z,https://www.okx.com/api/v5/public/funding-rate-history
1787760000000,2026-08-26T16:00:00Z,0.0000898800248376,0.0000898800248376,current_period,2026-09-02T23:33:53.012397Z,https://www.okx.com/api/v5/public/funding-rate-history
1787788800000,2026-08-27T00:00:00Z,0.0000712565076267,0.0000712565076267,current_period,2026-09-02T23:33:53.012397Z,https://www.okx.com/api/v5/public/funding-rate-history
1787817600000,2026-08-27T08:00:00Z,0.0000892326527737,0.0000892326527737,current_period,2026-09-02T23:33:53.012397Z,https://www.okx.com/api/v5/public/funding-rate-history
1787846400000,2026-08-27T16:00:00Z,0.0000140752443773,0.0000140752443773,current_period,2026-09-02T23:33:53.012397Z,https://www.okx.com/api/v5/public/funding-rate-history
1787875200000,2026-08-28T00:00:00Z,0.0000318649287208,0.0000318649287208,current_period,2026-09-02T23:33:53.012397Z,https://www.okx.com/api/v5/public/funding-rate-history
1787904000000,2026-08-28T08:00:00Z,0.0000328234404449,0.0000328234404449,current_period,2026-09-02T23:33:53.012397Z,https://www.okx.com/api/v5/public/funding-rate-history
1787932800000,2026-08-28T16:00:00Z,0.0000423164362672,0.0000423164362672,current_period,2026-09-02T23:33:53.012397Z,https://www.okx.com/api/v5/public/funding-rate-history
1787961600000,2026-08-29T00:00:00Z,0.0001,0.0001,current_period,2026-09-02T23:33:53.012397Z,https://www.okx.com/api/v5/public/funding-rate-history
1787990400000,2026-08-29T08:00:00Z,0.0000888727632534,0.0000888727632534,current_period,2026-09-02T23:33:53.012397Z,https://www.okx.com/api/v5/public/funding-rate-history
1788019200000,2026-08-29T16:00:00Z,0.0000831669583314,0.0000831669583314,current_period,2026-09-02T23:33:53.012397Z,https://www.okx.com/api/v5/public/funding-rate-history
1788048000000,2026-08-30T00:00:00Z,0.0000156800049537,0.0000156800049537,current_period,2026-09-02T23:33:53.012397Z,https://www.okx.com/api/v5/public/funding-rate-history
1788076800000,2026-08-30T08:00:00Z,0.0000694071199056,0.0000694071199056,current_period,2026-09-02T23:33:53.012397Z,https://www.okx.com/api/v5/public/funding-rate-history
1788105600000,2026-08-30T16:00:00Z,0.0000121869737294,0.0000121869737294,current_period,2026-09-02T23:33:53.012397Z,https://www.okx.com/api/v5/public/funding-rate-history
1788134400000,2026-08-31T00:00:00Z,0.0000579200283002,0.0000579200283002,current_period,2026-09-02T23:33:53.012397Z,https://www.okx.com/api/v5/public/funding-rate-history
1788163200000,2026-08-31T08:00:00Z,0.000036919220214,0.000036919220214,current_period,2026-09-02T23:33:53.012397Z,https://www.okx.com/api/v5/public/funding-rate-history
1788192000000,2026-08-31T16:00:00Z,0.000048636158381,0.000048636158381,current_period,2026-09-02T23:33:53.012397Z,https://www.okx.com/api/v5/public/funding-rate-history
1788220800000,2026-09-01T00:00:00Z,0.0000559283721234,0.0000559283721234,current_period,2026-09-02T23:33:53.012397Z,https://www.okx.com/api/v5/public/funding-rate-history
1788249600000,2026-09-01T08:00:00Z,0.0000760301736977,0.0000760301736977,current_period,2026-09-02T23:33:53.012397Z,https://www.okx.com/api/v5/public/funding-rate-history
1788278400000,2026-09-01T16:00:00Z,0.0000829478306291,0.0000829478306291,current_period,2026-09-02T23:33:53.012397Z,https://www.okx.com/api/v5/public/funding-rate-history
1788307200000,2026-09-02T00:00:00Z,0.0000819210647289,0.0000819210647289,current_period,2026-09-02T23:33:53.012397Z,https://www.okx.com/api/v5/public/funding-rate-history
1788336000000,2026-09-02T08:00:00Z,0.0000312212330133,0.0000312212330133,current_period,2026-09-02T23:33:53.012397Z,https://www.okx.com/api/v5/public/funding-rate-history
1788364800000,2026-09-02T16:00:00Z,0.0000757645008435,0.0000757645008435,current_period,2026-09-02T23:33:53.012397Z,https://www.okx.com/api/v5/public/funding-rate-history
1788393600000,2026-09-03T00:00:00Z,0.0001,0.0001,current_period,2026-09-03T10:00:04.414282Z,https://www.okx.com/api/v5/public/funding-rate-history
1788422400000,2026-09-03T08:00:00Z,0.0000386701308021,0.0000386701308021,current_period,2026-09-03T10:00:04.414282Z,https://www.okx.com/api/v5/public/funding-rate-history
1788451200000,2026-09-03T16:00:00Z,0.000037410071876,0.000037410071876,current_period,2026-09-04T10:00:04.611560Z,https://www.okx.com/api/v5/public/funding-rate-history
1788480000000,2026-09-04T00:00:00Z,0.0001,0.0001,current_period,2026-09-04T10:00:04.611560Z,https://www.okx.com/api/v5/public/funding-rate-history
1788508800000,2026-09-04T08:00:00Z,0.0000750079024033,0.0000750079024033,current_period,2026-09-04T10:00:04.611560Z,https://www.okx.com/api/v5/public/funding-rate-history
