instrument,signal_time,entry_time,exit_time,gross,bars_held,entry_pct,entry_mom,cost
XRP,2023-08-17 20:00:00+00:00,2023-08-18 00:00:00+00:00,2023-08-19 04:00:00+00:00,-0.001007805552810992,7,1.0,-0.14089265402441298,0.0011485525413305624
SOL,2023-08-21 12:00:00+00:00,2023-08-21 16:00:00+00:00,2023-08-22 20:00:00+00:00,-0.03194826504512327,7,0.9111111111111111,-0.04936232681897412,0.0012001851716594385
LINK,2023-10-02 20:00:00+00:00,2023-10-03 00:00:00+00:00,2023-10-04 04:00:00+00:00,0.0017405275137234444,7,1.0,-0.07300720139061334,0.0013073377432852404
SOL,2023-10-09 08:00:00+00:00,2023-10-09 12:00:00+00:00,2023-10-10 16:00:00+00:00,-0.008929779461507081,7,1.0,-0.04508267309679648,0.0012001851716594385
LINK,2023-10-26 12:00:00+00:00,2023-10-26 16:00:00+00:00,2023-10-27 20:00:00+00:00,0.05739031122109073,7,1.0,-0.07369534555712276,0.0013073377432852404
SOL,2023-10-26 12:00:00+00:00,2023-10-26 16:00:00+00:00,2023-10-27 20:00:00+00:00,0.020067103371145478,7,1.0,-0.0628237760143735,0.0012001851716594385
ETH,2023-10-27 04:00:00+00:00,2023-10-27 08:00:00+00:00,2023-10-28 12:00:00+00:00,0.006291467127365724,7,1.0,-0.039614983435208084,0.0010083848125962058
LINK,2023-10-29 00:00:00+00:00,2023-10-29 04:00:00+00:00,2023-10-30 08:00:00+00:00,0.008940092165898639,7,1.0,-0.0477402369460288,0.0013073377432852404
SOL,2023-11-03 00:00:00+00:00,2023-11-03 04:00:00+00:00,2023-11-04 08:00:00+00:00,0.07106885919835548,7,1.0,-0.08600812416351633,0.0012001851716594385
SOL,2023-11-06 04:00:00+00:00,2023-11-06 08:00:00+00:00,2023-11-07 12:00:00+00:00,0.02942723333917696,7,1.0,-0.03917982287254529,0.0012001851716594385
XRP,2023-11-07 12:00:00+00:00,2023-11-07 16:00:00+00:00,2023-11-08 20:00:00+00:00,0.02662321234578946,7,1.0,-0.06347038327526133,0.0011485525413305624
XRP,2023-11-10 04:00:00+00:00,2023-11-10 08:00:00+00:00,2023-11-11 12:00:00+00:00,0.02094480966213097,7,1.0,-0.05893864395073101,0.0011485525413305624
SOL,2023-11-12 16:00:00+00:00,2023-11-12 20:00:00+00:00,2023-11-14 00:00:00+00:00,-0.07935092724679027,7,0.8666666666666667,-0.07352941176470595,0.0012001851716594385
LINK,2023-11-13 04:00:00+00:00,2023-11-13 08:00:00+00:00,2023-11-14 12:00:00+00:00,-0.06447815851425587,7,0.8055555555555556,-0.05896473195051399,0.0013073377432852404
ADA,2023-11-13 08:00:00+00:00,2023-11-13 12:00:00+00:00,2023-11-14 16:00:00+00:00,-0.011419249592169778,7,1.0,-0.048875096974398735,0.0019977550511347665
AVAX,2023-11-13 16:00:00+00:00,2023-11-13 20:00:00+00:00,2023-11-15 00:00:00+00:00,-0.013139615651771241,7,1.0,-0.0612910236905021,0.0015421465489331052
DOT,2023-11-13 20:00:00+00:00,2023-11-14 00:00:00+00:00,2023-11-15 04:00:00+00:00,-0.026364996260284213,7,1.0,-0.06306937631394538,0.0018093348984727197
SOL,2023-11-14 04:00:00+00:00,2023-11-14 08:00:00+00:00,2023-11-15 12:00:00+00:00,0.14275349174678031,7,0.9805555555555555,-0.0535714285714286,0.0012001851716594385
ETH,2023-11-14 16:00:00+00:00,2023-11-14 20:00:00+00:00,2023-11-16 00:00:00+00:00,0.040606853891132166,7,0.8333333333333334,-0.057841834864132635,0.0010083848125962058
LINK,2023-11-14 16:00:00+00:00,2023-11-14 20:00:00+00:00,2023-11-16 00:00:00+00:00,0.06915196357427433,7,1.0,-0.07227722772277234,0.0013073377432852404
XRP,2023-11-14 16:00:00+00:00,2023-11-14 20:00:00+00:00,2023-11-16 00:00:00+00:00,0.04195466966725614,7,1.0,-0.04585186321116397,0.0011485525413305624
LINK,2023-11-16 12:00:00+00:00,2023-11-16 16:00:00+00:00,2023-11-17 20:00:00+00:00,-0.04204714376725427,7,1.0,-0.05079962370649105,0.0013073377432852404
ETH,2023-11-16 16:00:00+00:00,2023-11-16 20:00:00+00:00,2023-11-18 00:00:00+00:00,-0.0023155216284986846,7,1.0,-0.04258294635591531,0.0010083848125962058
SOL,2023-11-16 16:00:00+00:00,2023-11-16 20:00:00+00:00,2023-11-18 00:00:00+00:00,-0.06159769008662175,7,0.9222222222222223,-0.046351537402478216,0.0012001851716594385
XRP,2023-11-16 16:00:00+00:00,2023-11-16 20:00:00+00:00,2023-11-18 00:00:00+00:00,-0.004544716766758716,7,0.9333333333333333,-0.046727525916756885,0.0011485525413305624
ADA,2023-11-17 04:00:00+00:00,2023-11-17 08:00:00+00:00,2023-11-18 12:00:00+00:00,-0.024755168661588667,7,1.0,-0.07265388496468217,0.0019977550511347665
DOT,2023-11-17 04:00:00+00:00,2023-11-17 08:00:00+00:00,2023-11-18 12:00:00+00:00,-0.044158747903856876,7,0.9222222222222223,-0.06007005253940456,0.0018093348984727197
AVAX,2023-11-17 08:00:00+00:00,2023-11-17 12:00:00+00:00,2023-11-18 16:00:00+00:00,0.01960514233241506,7,0.9277777777777778,-0.05922246220302374,0.0015421465489331052
LINK,2023-11-18 00:00:00+00:00,2023-11-18 04:00:00+00:00,2023-11-19 08:00:00+00:00,0.06574626865671651,7,0.9111111111111111,-0.04203903624794458,0.0013073377432852404
AVAX,2023-11-21 20:00:00+00:00,2023-11-22 00:00:00+00:00,2023-11-23 04:00:00+00:00,0.09497529696205187,7,1.0,-0.0877319142816051,0.0015421465489331052
ETH,2023-11-21 20:00:00+00:00,2023-11-22 00:00:00+00:00,2023-11-23 04:00:00+00:00,0.06522481325911977,7,0.8277777777777777,-0.04350063076656685,0.0010083848125962058
DOT,2023-12-11 00:00:00+00:00,2023-12-11 04:00:00+00:00,2023-12-12 08:00:00+00:00,0.06050862320958794,7,0.9055555555555556,-0.05757575757575761,0.0018093348984727197
LINK,2023-12-11 00:00:00+00:00,2023-12-11 04:00:00+00:00,2023-12-12 08:00:00+00:00,-0.0035782916970378276,7,0.8277777777777777,-0.07842658196921581,0.0013073377432852404
ETH,2023-12-11 16:00:00+00:00,2023-12-11 20:00:00+00:00,2023-12-13 00:00:00+00:00,0.00674882226882878,7,0.8277777777777777,-0.07109417112685323,0.0010083848125962058
LINK,2023-12-13 00:00:00+00:00,2023-12-13 04:00:00+00:00,2023-12-14 08:00:00+00:00,0.05447830101569706,7,0.8666666666666667,-0.060001334846158993,0.0013073377432852404
ADA,2023-12-13 04:00:00+00:00,2023-12-13 08:00:00+00:00,2023-12-14 12:00:00+00:00,0.17859064012910175,7,0.9527777777777777,-0.059537864732669976,0.0019977550511347665
DOT,2023-12-13 04:00:00+00:00,2023-12-13 08:00:00+00:00,2023-12-14 12:00:00+00:00,0.11362293144208047,7,1.0,-0.06752101419319267,0.0018093348984727197
ADA,2023-12-15 04:00:00+00:00,2023-12-15 08:00:00+00:00,2023-12-16 12:00:00+00:00,-0.02112116881054482,7,1.0,-0.040085352842554434,0.0019977550511347665
DOT,2023-12-15 16:00:00+00:00,2023-12-15 20:00:00+00:00,2023-12-17 00:00:00+00:00,0.003397027600849256,7,1.0,-0.04500608190295985,0.0018093348984727197
ETH,2023-12-15 20:00:00+00:00,2023-12-16 00:00:00+00:00,2023-12-17 04:00:00+00:00,-0.001800982435918752,7,0.9055555555555556,-0.04105212255189805,0.0010083848125962058
LINK,2023-12-15 20:00:00+00:00,2023-12-16 00:00:00+00:00,2023-12-17 04:00:00+00:00,-0.005884001120762039,7,0.9777777777777777,-0.07171651495448639,0.0013073377432852404
ADA,2023-12-17 12:00:00+00:00,2023-12-17 16:00:00+00:00,2023-12-18 20:00:00+00:00,-0.02561941682116986,7,0.9666666666666667,-0.04646302250803869,0.0019977550511347665
AVAX,2023-12-17 12:00:00+00:00,2023-12-17 16:00:00+00:00,2023-12-18 20:00:00+00:00,-0.0533748603219133,7,0.8055555555555556,-0.06256684491978604,0.0015421465489331052
DOT,2023-12-17 12:00:00+00:00,2023-12-17 16:00:00+00:00,2023-12-18 20:00:00+00:00,-0.03406958279197336,7,0.9555555555555556,-0.04835829097403499,0.0018093348984727197
SOL,2023-12-17 12:00:00+00:00,2023-12-17 16:00:00+00:00,2023-12-18 20:00:00+00:00,-0.00522624123229265,7,0.8,-0.05755768732175259,0.0012001851716594385
SOL,2023-12-26 16:00:00+00:00,2023-12-26 20:00:00+00:00,2023-12-28 00:00:00+00:00,0.003469617404351144,7,0.8222222222222222,-0.12125205930807248,0.0012001851716594385
DOT,2023-12-27 00:00:00+00:00,2023-12-27 04:00:00+00:00,2023-12-28 08:00:00+00:00,0.012516235683079469,7,0.8055555555555556,-0.0894527470164499,0.0018093348984727197
DOT,2023-12-28 12:00:00+00:00,2023-12-28 16:00:00+00:00,2023-12-29 20:00:00+00:00,-0.012411982336794303,7,0.8333333333333334,-0.06097971079475384,0.0018093348984727197
SOL,2023-12-28 12:00:00+00:00,2023-12-28 16:00:00+00:00,2023-12-29 20:00:00+00:00,0.06177296430003998,7,1.0,-0.07623899953682267,0.0012001851716594385
LINK,2023-12-28 20:00:00+00:00,2023-12-29 00:00:00+00:00,2023-12-30 04:00:00+00:00,-0.04490662669414769,7,0.8611111111111112,-0.04234449760765546,0.0013073377432852404
ADA,2023-12-29 00:00:00+00:00,2023-12-29 04:00:00+00:00,2023-12-30 08:00:00+00:00,-0.016775244299674252,7,0.8277777777777777,-0.07054193157735389,0.0019977550511347665
LINK,2023-12-30 08:00:00+00:00,2023-12-30 12:00:00+00:00,2023-12-31 16:00:00+00:00,0.009440190124108794,7,0.8888888888888888,-0.06362849369280232,0.0013073377432852404
SOL,2023-12-30 08:00:00+00:00,2023-12-30 12:00:00+00:00,2023-12-31 16:00:00+00:00,0.002934559327007591,7,0.9055555555555556,-0.05105829929446715,0.0012001851716594385
LINK,2024-01-03 12:00:00+00:00,2024-01-03 16:00:00+00:00,2024-01-04 20:00:00+00:00,0.02932882120699376,7,0.9777777777777777,-0.07680791512074459,0.0013073377432852404
XRP,2024-01-03 12:00:00+00:00,2024-01-03 16:00:00+00:00,2024-01-04 20:00:00+00:00,0.018226002430133725,7,1.0,-0.07943103723829326,0.0011485525413305624
ADA,2024-01-07 20:00:00+00:00,2024-01-08 00:00:00+00:00,2024-01-09 04:00:00+00:00,0.0646987464617872,7,0.8166666666666667,-0.05413159908186693,0.0019977550511347665
ADA,2024-01-09 16:00:00+00:00,2024-01-09 20:00:00+00:00,2024-01-11 00:00:00+00:00,0.12010288880094988,7,1.0,-0.06752767527675285,0.0019977550511347665
ETH,2024-01-14 20:00:00+00:00,2024-01-15 00:00:00+00:00,2024-01-16 04:00:00+00:00,0.026061858003904925,7,0.8611111111111112,-0.04032696067781871,0.0010083848125962058
ETH,2024-01-23 08:00:00+00:00,2024-01-23 12:00:00+00:00,2024-01-24 16:00:00+00:00,0.007216587784539152,7,1.0,-0.06843252276954981,0.0010083848125962058
DOT,2024-02-21 04:00:00+00:00,2024-02-21 08:00:00+00:00,2024-02-22 12:00:00+00:00,0.014147130153597365,7,0.8555555555555555,-0.05440183462861514,0.0018093348984727197
DOT,2024-03-01 12:00:00+00:00,2024-03-01 16:00:00+00:00,2024-03-02 20:00:00+00:00,0.11265060240963831,7,0.9777777777777777,-0.05949682683590207,0.0018093348984727197
LINK,2024-03-03 04:00:00+00:00,2024-03-03 08:00:00+00:00,2024-03-04 12:00:00+00:00,0.013199525410322321,7,1.0,-0.04769976927061248,0.0013073377432852404
ADA,2024-03-05 16:00:00+00:00,2024-03-05 20:00:00+00:00,2024-03-07 00:00:00+00:00,0.16386953768207713,7,1.0,-0.18705776405506236,0.0019977550511347665
AVAX,2024-03-05 16:00:00+00:00,2024-03-05 20:00:00+00:00,2024-03-07 00:00:00+00:00,0.10513720485003186,7,1.0,-0.11677117828037298,0.0015421465489331052
DOT,2024-03-05 16:00:00+00:00,2024-03-05 20:00:00+00:00,2024-03-07 00:00:00+00:00,0.18372615039281714,7,1.0,-0.10327126321087066,0.0018093348984727197
ETH,2024-03-05 16:00:00+00:00,2024-03-05 20:00:00+00:00,2024-03-07 00:00:00+00:00,0.13201732812620381,7,1.0,-0.06145560658619842,0.0010083848125962058
LINK,2024-03-05 16:00:00+00:00,2024-03-05 20:00:00+00:00,2024-03-07 00:00:00+00:00,0.1331190798376185,7,1.0,-0.12758535986244168,0.0013073377432852404
SOL,2024-03-05 16:00:00+00:00,2024-03-05 20:00:00+00:00,2024-03-07 00:00:00+00:00,0.1005130793170157,7,1.0,-0.08263251292338558,0.0012001851716594385
XRP,2024-03-05 16:00:00+00:00,2024-03-05 20:00:00+00:00,2024-03-07 00:00:00+00:00,0.07761351636747604,7,1.0,-0.13386186918737608,0.0011485525413305624
SOL,2024-03-11 00:00:00+00:00,2024-03-11 04:00:00+00:00,2024-03-12 08:00:00+00:00,0.07594219325587992,7,0.9611111111111111,-0.0385506061844435,0.0012001851716594385
AVAX,2024-03-19 20:00:00+00:00,2024-03-20 00:00:00+00:00,2024-03-21 04:00:00+00:00,0.041174057360235716,7,1.0,-0.11591216327607234,0.0015421465489331052
AVAX,2024-04-12 16:00:00+00:00,2024-04-12 20:00:00+00:00,2024-04-14 00:00:00+00:00,-0.11802954640033303,7,0.8166666666666667,-0.16752532686812704,0.0015421465489331052
SOL,2024-04-12 16:00:00+00:00,2024-04-12 20:00:00+00:00,2024-04-14 00:00:00+00:00,-0.07161056725224613,7,0.8388888888888889,-0.14605519294629565,0.0012001851716594385
XRP,2024-04-12 16:00:00+00:00,2024-04-12 20:00:00+00:00,2024-04-14 00:00:00+00:00,-0.10706957657153515,7,1.0,-0.12442847811887658,0.0011485525413305624
ETH,2024-04-13 20:00:00+00:00,2024-04-14 00:00:00+00:00,2024-04-15 04:00:00+00:00,0.04696832067291545,7,1.0,-0.07163575146338819,0.0010083848125962058
AVAX,2024-04-14 04:00:00+00:00,2024-04-14 08:00:00+00:00,2024-04-15 12:00:00+00:00,0.03348965517241376,7,0.9944444444444445,-0.049356166898324116,0.0015421465489331052
SOL,2024-04-14 04:00:00+00:00,2024-04-14 08:00:00+00:00,2024-04-15 12:00:00+00:00,0.048819444444444526,7,0.9944444444444445,-0.0465470436337152,0.0012001851716594385
SOL,2024-04-15 20:00:00+00:00,2024-04-16 00:00:00+00:00,2024-04-17 04:00:00+00:00,-0.008447043534762777,7,0.9972222222222222,-0.08423140495867776,0.0012001851716594385
ETH,2024-04-16 04:00:00+00:00,2024-04-16 08:00:00+00:00,2024-04-17 12:00:00+00:00,-0.021374124433456987,7,0.9833333333333333,-0.041856348002023314,0.0010083848125962058
SOL,2024-04-18 04:00:00+00:00,2024-04-18 08:00:00+00:00,2024-04-19 12:00:00+00:00,0.11572035534955605,7,1.0,-0.07204301075268826,0.0012001851716594385
LINK,2024-06-07 16:00:00+00:00,2024-06-07 20:00:00+00:00,2024-06-09 00:00:00+00:00,-0.021684378647337077,7,1.0,-0.05645722235103179,0.0013073377432852404
SOL,2024-06-11 12:00:00+00:00,2024-06-11 16:00:00+00:00,2024-06-12 20:00:00+00:00,0.039303381446093466,7,0.9944444444444445,-0.09108825521956021,0.0012001851716594385
ETH,2024-06-13 12:00:00+00:00,2024-06-13 16:00:00+00:00,2024-06-14 20:00:00+00:00,-0.010827420558739087,7,1.0,-0.048415135326355774,0.0010083848125962058
SOL,2024-06-13 12:00:00+00:00,2024-06-13 16:00:00+00:00,2024-06-14 20:00:00+00:00,-0.034719858397440184,7,1.0,-0.07511648407001636,0.0012001851716594385
ETH,2024-06-18 00:00:00+00:00,2024-06-18 04:00:00+00:00,2024-06-19 08:00:00+00:00,0.029925592773695664,7,0.8944444444444445,-0.039281527382348025,0.0010083848125962058
XRP,2024-07-18 04:00:00+00:00,2024-07-18 08:00:00+00:00,2024-07-19 12:00:00+00:00,-0.04602654714704357,7,1.0,-0.04792384703758412,0.0011485525413305624
SOL,2024-08-02 16:00:00+00:00,2024-08-02 20:00:00+00:00,2024-08-04 00:00:00+00:00,-0.0582286847323199,7,0.9222222222222223,-0.0680628272251308,0.0012001851716594385
SOL,2024-08-09 20:00:00+00:00,2024-08-10 00:00:00+00:00,2024-08-11 04:00:00+00:00,-0.0036472997184540112,7,0.8472222222222222,-0.04216719784260847,0.0012001851716594385
XRP,2024-08-09 20:00:00+00:00,2024-08-10 00:00:00+00:00,2024-08-11 04:00:00+00:00,0.014640027557698776,7,0.8833333333333333,-0.05838469023678239,0.0011485525413305624
XRP,2024-10-02 04:00:00+00:00,2024-10-02 08:00:00+00:00,2024-10-03 12:00:00+00:00,-0.13824117255163237,7,0.9388888888888889,-0.04471674092934441,0.0011485525413305624
ADA,2024-11-12 20:00:00+00:00,2024-11-13 00:00:00+00:00,2024-11-14 04:00:00+00:00,0.0036790469516467805,7,0.9944444444444445,-0.06960065199674015,0.0019977550511347665
AVAX,2024-11-12 20:00:00+00:00,2024-11-13 00:00:00+00:00,2024-11-14 04:00:00+00:00,-0.017906579489898267,7,0.9944444444444445,-0.049469470029956164,0.0015421465489331052
DOT,2024-11-12 20:00:00+00:00,2024-11-13 00:00:00+00:00,2024-11-14 04:00:00+00:00,-0.043511019024298325,7,0.9111111111111111,-0.07006480994920294,0.0018093348984727197
LINK,2024-11-12 20:00:00+00:00,2024-11-13 00:00:00+00:00,2024-11-14 04:00:00+00:00,-0.03332855504587151,7,0.95,-0.06469996647670129,0.0013073377432852404
SOL,2024-11-12 20:00:00+00:00,2024-11-13 00:00:00+00:00,2024-11-14 04:00:00+00:00,0.036989795918367374,7,0.8722222222222222,-0.047344734473447225,0.0012001851716594385
ETH,2024-11-13 04:00:00+00:00,2024-11-13 08:00:00+00:00,2024-11-14 12:00:00+00:00,0.007620740815726057,7,0.8055555555555556,-0.06165957219441831,0.0010083848125962058
ADA,2024-11-14 12:00:00+00:00,2024-11-14 16:00:00+00:00,2024-11-15 20:00:00+00:00,0.23659248449470982,7,1.0,-0.07973812321638407,0.0019977550511347665
AVAX,2024-11-14 12:00:00+00:00,2024-11-14 16:00:00+00:00,2024-11-15 20:00:00+00:00,0.021526357199056045,7,1.0,-0.08586962775444451,0.0015421465489331052
LINK,2024-11-14 12:00:00+00:00,2024-11-14 16:00:00+00:00,2024-11-15 20:00:00+00:00,0.039583333333333304,7,1.0,-0.08951029298110036,0.0013073377432852404
ETH,2024-11-14 20:00:00+00:00,2024-11-15 00:00:00+00:00,2024-11-16 04:00:00+00:00,0.03149763318251941,7,1.0,-0.04037745437890372,0.0010083848125962058
SOL,2024-11-15 00:00:00+00:00,2024-11-15 04:00:00+00:00,2024-11-16 08:00:00+00:00,0.04691086457536353,7,1.0,-0.047378251560293294,0.0012001851716594385
ADA,2024-11-17 00:00:00+00:00,2024-11-17 04:00:00+00:00,2024-11-18 08:00:00+00:00,0.06531468531468532,7,1.0,-0.041297935103244865,0.0019977550511347665
DOT,2024-11-17 16:00:00+00:00,2024-11-17 20:00:00+00:00,2024-11-19 00:00:00+00:00,0.1050018389113645,7,1.0,-0.04763572679509631,0.0018093348984727197
LINK,2024-11-17 16:00:00+00:00,2024-11-17 20:00:00+00:00,2024-11-19 00:00:00+00:00,0.10160196276518985,7,0.9888888888888889,-0.059577933093573954,0.0013073377432852404
XRP,2024-11-17 16:00:00+00:00,2024-11-17 20:00:00+00:00,2024-11-19 00:00:00+00:00,0.07600193143408984,7,1.0,-0.12688643453334447,0.0011485525413305624
AVAX,2024-11-18 08:00:00+00:00,2024-11-18 12:00:00+00:00,2024-11-19 16:00:00+00:00,-0.010382513661202353,7,1.0,-0.0431551714647439,0.0015421465489331052
XRP,2024-11-19 04:00:00+00:00,2024-11-19 08:00:00+00:00,2024-11-20 12:00:00+00:00,0.01614658925979695,7,1.0,-0.058185235816814784,0.0011485525413305624
