,pair,open_date,enter_reason,exit_reason,close (entry),ema200 (entry),adx (entry),ema_pct (entry),ema200 (exit),close (exit),adx (exit),ema_pct (exit)
0,BTC/USDT:USDT,2020-10-28 00:00:00+00:00,donch_brk_1d,trailing_stop_loss,13623.8,10249.635584530246,50.14436194002148,32.9198476145081,10512.89053087813,14091.0,55.933683112391705,34.03544875324593
1,BTC/USDT:USDT,2020-11-13 00:00:00+00:00,donch_brk_1d,trailing_stop_loss,16268.4,10896.236519294931,54.18068811531373,49.30292648468215,11729.613494907235,18710.0,57.92022423544002,59.5107972494022
2,BTC/USDT:USDT,2021-07-31 00:00:00+00:00,donch_brk_1d,trailing_stop_loss,42205.4,38556.64840628848,29.944441542873612,9.463352611106156,38610.89882349523,39739.9,29.59676577996755,2.9240479007387465
3,BTC/USDT:USDT,2021-08-08 00:00:00+00:00,donch_brk_1d,trailing_stop_loss,44591.3,38734.102070097724,30.483713806222635,15.121553403516153,41115.24189495444,52659.8,25.70503628741402,28.078536262879883
4,BTC/USDT:USDT,2021-10-12 00:00:00+00:00,donch_brk_1d,trailing_stop_loss,57478.1,42971.340586988044,30.926477641660064,33.75915020301852,44846.8267953127,60700.2,39.49284858729528,35.350044445829695
5,BTC/USDT:USDT,2023-01-21 00:00:00+00:00,donch_brk_1d,trailing_stop_loss,22667.0,21007.205271400235,45.67570147369396,7.90107349909821,21369.50170526785,22966.0,52.79100631549941,7.470919615961824
6,BTC/USDT:USDT,2023-02-16 00:00:00+00:00,donch_brk_1d,trailing_stop_loss,24335.7,21426.327727104654,36.67912981521856,13.578492357395167,21426.327727104654,24335.7,36.67912981521856,13.578492357395167
7,BTC/USDT:USDT,2023-03-20 00:00:00+00:00,donch_brk_1d,trailing_stop_loss,27964.9,22024.283451157946,30.911270790163524,26.973029846878948,23794.21678524331,28810.0,36.19433729882403,21.079841627178
8,BTC/USDT:USDT,2023-10-24 00:00:00+00:00,donch_brk_1d,trailing_stop_loss,33098.3,27214.146124434683,42.4073374407704,21.621673701098175,27214.146124434683,33098.3,42.4073374407704,21.621673701098175
9,BTC/USDT:USDT,2023-12-02 00:00:00+00:00,donch_brk_1d,trailing_stop_loss,38680.0,30150.001876140122,43.347337059276605,28.291865980314522,30455.501245672327,41993.4,45.40077711092359,37.88444872818238
10,BTC/USDT:USDT,2024-02-27 00:00:00+00:00,donch_brk_1d,trailing_stop_loss,54490.0,38895.0926043277,33.548560526670165,40.094794359577165,39075.711583389115,57047.3,35.510439474122606,45.99171118933767
11,BTC/USDT:USDT,2024-11-12 00:00:00+00:00,donch_brk_1d,trailing_stop_loss,88700.1,62845.74723740977,30.245369539931144,41.1393831708633,66783.92072657285,93034.1,53.40692526001576,39.30613684827043
12,BTC/USDT:USDT,2025-05-02 00:00:00+00:00,donch_brk_1d,trailing_stop_loss,96443.3,85937.71155406487,28.671713356891328,12.224654643411004,86517.3943856817,96984.0,28.899860337536687,12.097689359043473
13,BTC/USDT:USDT,2025-05-11 00:00:00+00:00,donch_brk_1d,trailing_stop_loss,104787.8,87024.0752857835,33.809602088325335,20.412425706198146,90380.65929293043,105548.4,27.82948282824632,16.78206468699215
