date,close
2020-01-02 05:00:00+00:00,271.902099609375
2020-01-03 05:00:00+00:00,269.915771484375
2020-01-06 05:00:00+00:00,270.9271545410156
2020-01-07 05:00:00+00:00,270.1799621582031
2020-01-08 05:00:00+00:00,271.5740661621094
2020-01-09 05:00:00+00:00,273.45098876953125
2020-01-10 05:00:00+00:00,272.6675109863281
2020-01-13 05:00:00+00:00,274.47149658203125
2020-01-14 05:00:00+00:00,274.1070251464844
2020-01-15 05:00:00+00:00,274.71746826171875
2020-01-16 05:00:00+00:00,277.0135498046875
2020-01-17 05:00:00+00:00,277.9519958496094
2020-01-21 05:00:00+00:00,277.3779602050781
2020-01-22 05:00:00+00:00,277.45098876953125
2020-01-23 05:00:00+00:00,277.7242431640625
2020-01-24 05:00:00+00:00,275.1913146972656
2020-01-27 05:00:00+00:00,270.8177795410156
2020-01-28 05:00:00+00:00,273.7516784667969
2020-01-29 05:00:00+00:00,273.47833251953125
2020-01-30 05:00:00+00:00,274.3348083496094
2020-01-31 05:00:00+00:00,269.4146728515625
2020-02-03 05:00:00+00:00,271.3735656738281
2020-02-04 05:00:00+00:00,275.5556945800781
2020-02-05 05:00:00+00:00,278.6718444824219
2020-02-06 05:00:00+00:00,279.61944580078125
2020-02-07 05:00:00+00:00,278.1980285644531
2020-02-10 05:00:00+00:00,280.19342041015625
2020-02-11 05:00:00+00:00,280.70367431640625
2020-02-12 05:00:00+00:00,282.5076904296875
2020-02-13 05:00:00+00:00,282.2344055175781
2020-02-14 05:00:00+00:00,282.7082214355469
2020-02-18 05:00:00+00:00,281.93365478515625
2020-02-19 05:00:00+00:00,283.2913513183594
2020-02-20 05:00:00+00:00,282.1797790527344
2020-02-21 05:00:00+00:00,279.2549743652344
2020-02-24 05:00:00+00:00,269.915771484375
2020-02-25 05:00:00+00:00,261.8066101074219
2020-02-26 05:00:00+00:00,260.6495056152344
2020-02-27 05:00:00+00:00,249.0962677001953
2020-02-28 05:00:00+00:00,247.5928497314453
2020-03-02 05:00:00+00:00,258.6449890136719
2020-03-03 05:00:00+00:00,251.5107879638672
2020-03-04 05:00:00+00:00,261.9342346191406
2020-03-05 05:00:00+00:00,253.159912109375
2020-03-06 05:00:00+00:00,248.9140167236328
2020-03-09 04:00:00+00:00,229.7072296142578
2020-03-10 04:00:00+00:00,241.49595642089844
2020-03-11 04:00:00+00:00,229.52232360839844
2020-03-12 04:00:00+00:00,207.3234405517578
2020-03-13 04:00:00+00:00,226.69366455078125
2020-03-16 04:00:00+00:00,200.08253479003906
2020-03-17 04:00:00+00:00,213.18211364746094
2020-03-18 04:00:00+00:00,201.52886962890625
2020-03-19 04:00:00+00:00,201.7028350830078
2020-03-20 04:00:00+00:00,192.91481018066406
2020-03-23 04:00:00+00:00,186.9921112060547
2020-03-24 04:00:00+00:00,204.8243865966797
2020-03-25 04:00:00+00:00,207.4516143798828
2020-03-26 04:00:00+00:00,219.91958618164062
2020-03-27 04:00:00+00:00,213.16383361816406
2020-03-30 04:00:00+00:00,220.05690002441406
2020-03-31 04:00:00+00:00,216.78890991210938
2020-04-01 04:00:00+00:00,207.02137756347656
2020-04-02 04:00:00+00:00,211.86395263671875
2020-04-03 04:00:00+00:00,208.7332305908203
2020-04-06 04:00:00+00:00,222.9313201904297
2020-04-07 04:00:00+00:00,223.05035400390625
2020-04-08 04:00:00+00:00,230.62081909179688
2020-04-09 04:00:00+00:00,234.04444885253906
2020-04-13 04:00:00+00:00,231.77427673339844
2020-04-14 04:00:00+00:00,238.85040283203125
2020-04-15 04:00:00+00:00,233.65090942382812
2020-04-16 04:00:00+00:00,234.8317413330078
2020-04-17 04:00:00+00:00,241.31288146972656
2020-04-20 04:00:00+00:00,236.96463012695312
2020-04-21 04:00:00+00:00,229.7236785888672
2020-04-22 04:00:00+00:00,234.77682495117188
2020-04-23 04:00:00+00:00,234.73104858398438
2020-04-24 04:00:00+00:00,238.13644409179688
2020-04-27 04:00:00+00:00,241.578369140625
2020-04-28 04:00:00+00:00,240.46151733398438
2020-04-29 04:00:00+00:00,246.6589813232422
2020-04-30 04:00:00+00:00,244.5076446533203
2020-05-01 04:00:00+00:00,237.8434600830078
2020-05-04 04:00:00+00:00,238.59414672851562
2020-05-05 04:00:00+00:00,240.79112243652344
2020-05-06 04:00:00+00:00,239.1707763671875
2020-05-07 04:00:00+00:00,241.99942016601562
2020-05-08 04:00:00+00:00,246.04554748535156
2020-05-11 04:00:00+00:00,246.0822296142578
2020-05-12 04:00:00+00:00,241.12985229492188
2020-05-13 04:00:00+00:00,236.8547821044922
2020-05-14 04:00:00+00:00,239.7108917236328
2020-05-15 04:00:00+00:00,240.79112243652344
2020-05-18 04:00:00+00:00,248.1510467529297
2020-05-19 04:00:00+00:00,245.80763244628906
2020-05-20 04:00:00+00:00,249.8170928955078
2020-05-21 04:00:00+00:00,248.0228729248047
2020-05-22 04:00:00+00:00,248.58131408691406
2020-05-26 04:00:00+00:00,251.77609252929688
2020-05-27 04:00:00+00:00,255.44691467285156
2020-05-28 04:00:00+00:00,254.94351196289062
2020-05-29 04:00:00+00:00,256.087646484375
2020-06-01 04:00:00+00:00,257.2046203613281
2020-06-02 04:00:00+00:00,259.3191223144531
2020-06-03 04:00:00+00:00,262.74273681640625
2020-06-04 04:00:00+00:00,262.0745849609375
2020-06-05 04:00:00+00:00,268.7754211425781
2020-06-08 04:00:00+00:00,272.03424072265625
2020-06-09 04:00:00+00:00,270.1027526855469
2020-06-10 04:00:00+00:00,268.4183044433594
2020-06-11 04:00:00+00:00,252.94784545898438
2020-06-12 04:00:00+00:00,255.99615478515625
2020-06-15 04:00:00+00:00,258.3304748535156
2020-06-16 04:00:00+00:00,263.3835754394531
2020-06-17 04:00:00+00:00,262.1752624511719
2020-06-18 04:00:00+00:00,262.4132995605469
2020-06-19 04:00:00+00:00,260.8660888671875
2020-06-22 04:00:00+00:00,262.5962219238281
2020-06-23 04:00:00+00:00,263.78631591796875
2020-06-24 04:00:00+00:00,257.0396423339844
2020-06-25 04:00:00+00:00,259.7585754394531
2020-06-26 04:00:00+00:00,253.67095947265625
2020-06-29 04:00:00+00:00,257.37286376953125
2020-06-30 04:00:00+00:00,260.8052062988281
2020-07-01 04:00:00+00:00,262.5902404785156
2020-07-02 04:00:00+00:00,263.9152526855469
2020-07-06 04:00:00+00:00,268.0101013183594
2020-07-07 04:00:00+00:00,265.2311706542969
2020-07-08 04:00:00+00:00,267.2003173828125
2020-07-09 04:00:00+00:00,265.8384704589844
2020-07-10 04:00:00+00:00,268.5069274902344
2020-07-13 04:00:00+00:00,266.0777587890625
2020-07-14 04:00:00+00:00,269.6388854980469
2020-07-15 04:00:00+00:00,272.0312194824219
2020-07-16 04:00:00+00:00,271.23992919921875
2020-07-17 04:00:00+00:00,271.9576416015625
2020-07-20 04:00:00+00:00,274.2211608886719
2020-07-21 04:00:00+00:00,274.7917785644531
2020-07-22 04:00:00+00:00,276.3560485839844
2020-07-23 04:00:00+00:00,273.05267333984375
2020-07-24 04:00:00+00:00,271.285888671875
2020-07-27 04:00:00+00:00,273.2642822265625
2020-07-28 04:00:00+00:00,271.5711669921875
2020-07-29 04:00:00+00:00,274.8561706542969
2020-07-30 04:00:00+00:00,273.8531188964844
2020-07-31 04:00:00+00:00,276.14447021484375
2020-08-03 04:00:00+00:00,277.883544921875
2020-08-04 04:00:00+00:00,279.05224609375
2020-08-05 04:00:00+00:00,280.79132080078125
2020-08-06 04:00:00+00:00,282.677734375
2020-08-07 04:00:00+00:00,282.8248596191406
2020-08-10 04:00:00+00:00,283.7266540527344
2020-08-11 04:00:00+00:00,281.4353942871094
2020-08-12 04:00:00+00:00,285.29095458984375
2020-08-13 04:00:00+00:00,284.80328369140625
2020-08-14 04:00:00+00:00,284.80328369140625
2020-08-17 04:00:00+00:00,285.7235107421875
2020-08-18 04:00:00+00:00,286.3215637207031
2020-08-19 04:00:00+00:00,285.1069030761719
2020-08-20 04:00:00+00:00,286.00872802734375
2020-08-21 04:00:00+00:00,287.0300598144531
2020-08-24 04:00:00+00:00,289.9470520019531
2020-08-25 04:00:00+00:00,290.959228515625
2020-08-26 04:00:00+00:00,293.9314270019531
2020-08-27 04:00:00+00:00,294.5202941894531
2020-08-28 04:00:00+00:00,296.43426513671875
2020-08-31 04:00:00+00:00,295.39453125
2020-09-01 04:00:00+00:00,298.1549987792969
2020-09-02 04:00:00+00:00,302.4981994628906
2020-09-03 04:00:00+00:00,292.026611328125
2020-09-04 04:00:00+00:00,289.68939208984375
2020-09-08 04:00:00+00:00,281.7299499511719
2020-09-09 04:00:00+00:00,287.28778076171875
2020-09-10 04:00:00+00:00,282.263671875
2020-09-11 04:00:00+00:00,282.4752502441406
2020-09-14 04:00:00+00:00,286.146728515625
2020-09-15 04:00:00+00:00,287.6190185546875
2020-09-16 04:00:00+00:00,286.4595642089844
2020-09-17 04:00:00+00:00,283.9567565917969
2020-09-18 04:00:00+00:00,280.6533508300781
2020-09-21 04:00:00+00:00,277.6075134277344
2020-09-22 04:00:00+00:00,280.4140319824219
2020-09-23 04:00:00+00:00,273.9175720214844
2020-09-24 04:00:00+00:00,274.672119140625
2020-09-25 04:00:00+00:00,279.0705261230469
2020-09-28 04:00:00+00:00,283.7450256347656
2020-09-29 04:00:00+00:00,282.126953125
2020-09-30 04:00:00+00:00,284.29864501953125
2020-10-01 04:00:00+00:00,286.1006164550781
2020-10-02 04:00:00+00:00,283.43927001953125
2020-10-05 04:00:00+00:00,288.3923645019531
2020-10-06 04:00:00+00:00,284.3633117675781
2020-10-07 04:00:00+00:00,289.242431640625
2020-10-08 04:00:00+00:00,291.80230712890625
2020-10-09 04:00:00+00:00,294.39898681640625
2020-10-12 04:00:00+00:00,299.1488342285156
2020-10-13 04:00:00+00:00,297.2359924316406
2020-10-14 04:00:00+00:00,295.3785400390625
2020-10-15 04:00:00+00:00,295.02740478515625
2020-10-16 04:00:00+00:00,294.7778625488281
2020-10-19 04:00:00+00:00,290.32373046875
2020-10-20 04:00:00+00:00,291.4695739746094
2020-10-21 04:00:00+00:00,290.94287109375
2020-10-22 04:00:00+00:00,292.5416259765625
2020-10-23 04:00:00+00:00,293.53961181640625
2020-10-26 04:00:00+00:00,288.13360595703125
2020-10-27 04:00:00+00:00,287.18182373046875
2020-10-28 04:00:00+00:00,277.2939147949219
2020-10-29 04:00:00+00:00,280.214111328125
2020-10-30 04:00:00+00:00,277.0628662109375
2020-11-02 05:00:00+00:00,280.2879638671875
2020-11-03 05:00:00+00:00,285.23193359375
2020-11-04 05:00:00+00:00,291.6543884277344
2020-11-05 05:00:00+00:00,297.3654479980469
2020-11-06 05:00:00+00:00,297.328369140625
2020-11-09 05:00:00+00:00,301.0339660644531
2020-11-10 05:00:00+00:00,300.6459045410156
2020-11-11 05:00:00+00:00,302.7620544433594
2020-11-12 05:00:00+00:00,299.9620361328125
2020-11-13 05:00:00+00:00,304.0372619628906
2020-11-16 05:00:00+00:00,307.7244873046875
2020-11-17 05:00:00+00:00,306.1905822753906
2020-11-18 05:00:00+00:00,302.4756164550781
2020-11-19 05:00:00+00:00,303.74163818359375
2020-11-20 05:00:00+00:00,301.7085876464844
2020-11-23 05:00:00+00:00,303.4921569824219
2020-11-24 05:00:00+00:00,308.4082946777344
2020-11-25 05:00:00+00:00,307.90008544921875
2020-11-27 05:00:00+00:00,308.7779541015625
2020-11-30 05:00:00+00:00,307.391845703125
2020-12-01 05:00:00+00:00,310.7739562988281
2020-12-02 05:00:00+00:00,311.43011474609375
2020-12-03 05:00:00+00:00,311.3377380371094
2020-12-04 05:00:00+00:00,314.0176086425781
2020-12-07 05:00:00+00:00,313.4354248046875
2020-12-08 05:00:00+00:00,314.3409729003906
2020-12-09 05:00:00+00:00,311.5503845214844
2020-12-10 05:00:00+00:00,311.4024353027344
2020-12-11 05:00:00+00:00,311.0050048828125
2020-12-14 05:00:00+00:00,309.58197021484375
2020-12-15 05:00:00+00:00,313.8605041503906
2020-12-16 05:00:00+00:00,314.3409729003906
2020-12-17 05:00:00+00:00,316.0506591796875
2020-12-18 05:00:00+00:00,314.78460693359375
2020-12-21 05:00:00+00:00,313.8143310546875
2020-12-22 05:00:00+00:00,313.19537353515625
2020-12-23 05:00:00+00:00,313.4459228515625
2020-12-24 05:00:00+00:00,314.69854736328125
2020-12-28 05:00:00+00:00,317.4357604980469
2020-12-29 05:00:00+00:00,316.7677001953125
2020-12-30 05:00:00+00:00,317.194580078125
2020-12-31 05:00:00+00:00,318.9018859863281
2021-01-04 05:00:00+00:00,314.57794189453125
2021-01-05 05:00:00+00:00,316.6470642089844
2021-01-06 05:00:00+00:00,318.56781005859375
2021-01-07 05:00:00+00:00,323.3277893066406
2021-01-08 05:00:00+00:00,325.1463928222656
2021-01-11 05:00:00+00:00,323.0215759277344
2021-01-12 05:00:00+00:00,323.04937744140625
2021-01-13 05:00:00+00:00,323.8566589355469
2021-01-14 05:00:00+00:00,322.7618103027344
2021-01-15 05:00:00+00:00,320.46063232421875
2021-01-19 05:00:00+00:00,322.9938049316406
2021-01-20 05:00:00+00:00,327.382568359375
2021-01-21 05:00:00+00:00,327.68890380859375
2021-01-22 05:00:00+00:00,326.5196533203125
2021-01-25 05:00:00+00:00,327.8465270996094
2021-01-26 05:00:00+00:00,327.3547668457031
2021-01-27 05:00:00+00:00,319.4122009277344
2021-01-28 05:00:00+00:00,322.0937805175781
2021-01-29 05:00:00+00:00,315.6450500488281
2021-02-01 05:00:00+00:00,320.831787109375
2021-02-02 05:00:00+00:00,325.44329833984375
2021-02-03 05:00:00+00:00,325.76806640625
2021-02-04 05:00:00+00:00,329.41473388671875
2021-02-05 05:00:00+00:00,330.7322998046875
2021-02-08 05:00:00+00:00,333.17254638671875
2021-02-09 05:00:00+00:00,332.9034423828125
2021-02-10 05:00:00+00:00,332.77362060546875
2021-02-11 05:00:00+00:00,333.31182861328125
2021-02-12 05:00:00+00:00,335.0097351074219
2021-02-16 05:00:00+00:00,334.6943359375
2021-02-17 05:00:00+00:00,334.7685546875
2021-02-18 05:00:00+00:00,333.339599609375
2021-02-19 05:00:00+00:00,332.7271728515625
2021-02-22 05:00:00+00:00,330.11053466796875
2021-02-23 05:00:00+00:00,330.5281982421875
2021-02-24 05:00:00+00:00,334.1839904785156
2021-02-25 05:00:00+00:00,326.1670837402344
2021-02-26 05:00:00+00:00,324.3763122558594
2021-03-01 05:00:00+00:00,332.2910461425781
2021-03-02 05:00:00+00:00,329.7208557128906
2021-03-03 05:00:00+00:00,325.3691101074219
2021-03-04 05:00:00+00:00,321.3607177734375
2021-03-05 05:00:00+00:00,327.2527770996094
2021-03-08 05:00:00+00:00,325.6474609375
2021-03-09 05:00:00+00:00,330.2033386230469
2021-03-10 05:00:00+00:00,332.2447814941406
2021-03-11 05:00:00+00:00,335.7520446777344
2021-03-12 05:00:00+00:00,336.2253112792969
2021-03-15 04:00:00+00:00,338.17376708984375
2021-03-16 04:00:00+00:00,337.7933654785156
2021-03-17 04:00:00+00:00,338.8976745605469
2021-03-18 04:00:00+00:00,333.91485595703125
2021-03-19 04:00:00+00:00,333.321044921875
2021-03-22 04:00:00+00:00,335.95623779296875
2021-03-23 04:00:00+00:00,333.488037109375
2021-03-24 04:00:00+00:00,331.6415710449219
2021-03-25 04:00:00+00:00,333.50665283203125
2021-03-26 04:00:00+00:00,338.94732666015625
2021-03-29 04:00:00+00:00,338.7424011230469
2021-03-30 04:00:00+00:00,337.8764953613281
2021-03-31 04:00:00+00:00,339.21734619140625
2021-04-01 04:00:00+00:00,342.8115539550781
2021-04-05 04:00:00+00:00,347.7559509277344
2021-04-06 04:00:00+00:00,347.5604248046875
2021-04-07 04:00:00+00:00,347.99798583984375
2021-04-08 04:00:00+00:00,349.6927490234375
2021-04-09 04:00:00+00:00,352.2068176269531
2021-04-12 04:00:00+00:00,352.3651428222656
2021-04-13 04:00:00+00:00,353.32421875
2021-04-14 04:00:00+00:00,352.188232421875
2021-04-15 04:00:00+00:00,355.96868896484375
2021-04-16 04:00:00+00:00,357.2164306640625
2021-04-19 04:00:00+00:00,355.4566345214844
2021-04-20 04:00:00+00:00,352.8493347167969
2021-04-21 04:00:00+00:00,356.16424560546875
2021-04-22 04:00:00+00:00,352.8958740234375
2021-04-23 04:00:00+00:00,356.65777587890625
2021-04-26 04:00:00+00:00,357.4305419921875
2021-04-27 04:00:00+00:00,357.31890869140625
2021-04-28 04:00:00+00:00,357.15118408203125
2021-04-29 04:00:00+00:00,359.5350036621094
2021-04-30 04:00:00+00:00,357.16058349609375
2021-05-03 04:00:00+00:00,357.970703125
2021-05-04 04:00:00+00:00,355.7918395996094
2021-05-05 04:00:00+00:00,355.8569641113281
2021-05-06 04:00:00+00:00,358.7528076171875
2021-05-07 04:00:00+00:00,361.3135070800781
2021-05-10 04:00:00+00:00,357.7751770019531
2021-05-11 04:00:00+00:00,354.6371154785156
2021-05-12 04:00:00+00:00,347.0669860839844
2021-05-13 04:00:00+00:00,351.1919250488281
2021-05-14 04:00:00+00:00,356.5832214355469
2021-05-17 04:00:00+00:00,355.7265625
2021-05-18 04:00:00+00:00,352.6537780761719
2021-05-19 04:00:00+00:00,351.7226867675781
2021-05-20 04:00:00+00:00,355.4752197265625
2021-05-21 04:00:00+00:00,355.2052001953125
2021-05-24 04:00:00+00:00,358.79010009765625
2021-05-25 04:00:00+00:00,358.035888671875
2021-05-26 04:00:00+00:00,358.68768310546875
2021-05-27 04:00:00+00:00,358.8459167480469
2021-05-28 04:00:00+00:00,359.54437255859375
2021-06-01 04:00:00+00:00,359.26495361328125
2021-06-02 04:00:00+00:00,359.8702697753906
2021-06-03 04:00:00+00:00,358.50146484375
2021-06-04 04:00:00+00:00,361.7510986328125
2021-06-07 04:00:00+00:00,361.4438781738281
2021-06-08 04:00:00+00:00,361.49969482421875
2021-06-09 04:00:00+00:00,360.9316711425781
2021-06-10 04:00:00+00:00,362.59844970703125
2021-06-11 04:00:00+00:00,363.2316589355469
2021-06-14 04:00:00+00:00,364.14422607421875
2021-06-15 04:00:00+00:00,363.3807067871094
2021-06-16 04:00:00+00:00,361.38800048828125
2021-06-17 04:00:00+00:00,361.25762939453125
2021-06-18 04:00:00+00:00,356.4621887207031
2021-06-21 04:00:00+00:00,361.4531555175781
2021-06-22 04:00:00+00:00,363.371337890625
2021-06-23 04:00:00+00:00,362.980224609375
2021-06-24 04:00:00+00:00,365.05670166015625
2021-06-25 04:00:00+00:00,366.4068603515625
2021-06-28 04:00:00+00:00,367.1704406738281
2021-06-29 04:00:00+00:00,367.3320617675781
2021-06-30 04:00:00+00:00,367.6683654785156
2021-07-01 04:00:00+00:00,369.74249267578125
2021-07-02 04:00:00+00:00,372.5548400878906
2021-07-06 04:00:00+00:00,371.8541259765625
2021-07-07 04:00:00+00:00,373.1340637207031
2021-07-08 04:00:00+00:00,370.1629943847656
2021-07-09 04:00:00+00:00,374.0683288574219
2021-07-12 04:00:00+00:00,375.42315673828125
2021-07-13 04:00:00+00:00,374.1524353027344
2021-07-14 04:00:00+00:00,374.6663818359375
2021-07-15 04:00:00+00:00,373.4610595703125
2021-07-16 04:00:00+00:00,370.55535888671875
2021-07-19 04:00:00+00:00,365.01495361328125
2021-07-20 04:00:00+00:00,370.1723327636719
2021-07-21 04:00:00+00:00,373.28363037109375
2021-07-22 04:00:00+00:00,374.0777587890625
2021-07-23 04:00:00+00:00,377.81494140625
2021-07-26 04:00:00+00:00,378.77728271484375
2021-07-27 04:00:00+00:00,377.09552001953125
2021-07-28 04:00:00+00:00,376.8900451660156
2021-07-29 04:00:00+00:00,378.51568603515625
2021-07-30 04:00:00+00:00,376.665771484375
2021-08-02 04:00:00+00:00,375.89959716796875
2021-08-03 04:00:00+00:00,378.93609619140625
2021-08-04 04:00:00+00:00,377.1235656738281
2021-08-05 04:00:00+00:00,379.4779968261719
2021-08-06 04:00:00+00:00,380.13201904296875
2021-08-09 04:00:00+00:00,379.76763916015625
2021-08-10 04:00:00+00:00,380.2441711425781
2021-08-11 04:00:00+00:00,381.1597595214844
2021-08-12 04:00:00+00:00,382.2715759277344
2021-08-13 04:00:00+00:00,383.02838134765625
2021-08-16 04:00:00+00:00,383.9439697265625
2021-08-17 04:00:00+00:00,381.412109375
2021-08-18 04:00:00+00:00,377.3103942871094
2021-08-19 04:00:00+00:00,377.8429870605469
2021-08-20 04:00:00+00:00,380.8327331542969
2021-08-23 04:00:00+00:00,384.20550537109375
2021-08-24 04:00:00+00:00,384.8128967285156
2021-08-25 04:00:00+00:00,385.52301025390625
2021-08-26 04:00:00+00:00,383.2712707519531
2021-08-27 04:00:00+00:00,386.6721496582031
2021-08-30 04:00:00+00:00,388.4474182128906
2021-08-31 04:00:00+00:00,387.783935546875
2021-09-01 04:00:00+00:00,388.195068359375
2021-09-02 04:00:00+00:00,389.3536376953125
2021-09-03 04:00:00+00:00,389.2041320800781
2021-09-07 04:00:00+00:00,387.765380859375
2021-09-08 04:00:00+00:00,387.3916015625
2021-09-09 04:00:00+00:00,385.6537170410156
2021-09-10 04:00:00+00:00,382.6733703613281
2021-09-13 04:00:00+00:00,383.5703125
2021-09-14 04:00:00+00:00,381.5801696777344
2021-09-15 04:00:00+00:00,384.7662048339844
2021-09-16 04:00:00+00:00,384.10284423828125
2021-09-17 04:00:00+00:00,380.33758544921875
2021-09-20 04:00:00+00:00,374.12445068359375
2021-09-21 04:00:00+00:00,373.760009765625
2021-09-22 04:00:00+00:00,377.3664855957031
2021-09-23 04:00:00+00:00,381.9259033203125
2021-09-24 04:00:00+00:00,382.5612487792969
2021-09-27 04:00:00+00:00,381.4774475097656
2021-09-28 04:00:00+00:00,373.85345458984375
2021-09-29 04:00:00+00:00,374.442138671875
2021-09-30 04:00:00+00:00,369.6990661621094
2021-10-01 04:00:00+00:00,374.1234130859375
2021-10-04 04:00:00+00:00,369.5208740234375
2021-10-05 04:00:00+00:00,373.1111145019531
2021-10-06 04:00:00+00:00,374.770263671875
2021-10-07 04:00:00+00:00,377.99481201171875
2021-10-08 04:00:00+00:00,377.28240966796875
2021-10-11 04:00:00+00:00,374.535888671875
2021-10-12 04:00:00+00:00,373.7860107421875
2021-10-13 04:00:00+00:00,374.98583984375
2021-10-14 04:00:00+00:00,381.2850036621094
2021-10-15 04:00:00+00:00,384.25640869140625
2021-10-18 04:00:00+00:00,385.42816162109375
2021-10-19 04:00:00+00:00,388.4277038574219
2021-10-20 04:00:00+00:00,389.9368591308594
2021-10-21 04:00:00+00:00,390.8929748535156
2021-10-22 04:00:00+00:00,390.49932861328125
2021-10-25 04:00:00+00:00,392.5240783691406
2021-10-26 04:00:00+00:00,392.8990173339844
2021-10-27 04:00:00+00:00,391.1929931640625
2021-10-28 04:00:00+00:00,395.0174255371094
2021-10-29 04:00:00+00:00,395.720458984375
2021-11-01 04:00:00+00:00,396.5547180175781
2021-11-02 04:00:00+00:00,398.0920104980469
2021-11-03 04:00:00+00:00,400.4916687011719
2021-11-04 04:00:00+00:00,402.36639404296875
2021-11-05 04:00:00+00:00,403.7350158691406
2021-11-08 05:00:00+00:00,404.22247314453125
2021-11-09 05:00:00+00:00,402.8069763183594
2021-11-10 05:00:00+00:00,399.563720703125
2021-11-11 05:00:00+00:00,399.69488525390625
2021-11-12 05:00:00+00:00,402.66632080078125
2021-11-15 05:00:00+00:00,402.8538513183594
2021-11-16 05:00:00+00:00,404.39117431640625
2021-11-17 05:00:00+00:00,403.41619873046875
2021-11-18 05:00:00+00:00,404.81292724609375
2021-11-19 05:00:00+00:00,404.0536804199219
2021-11-22 05:00:00+00:00,402.98504638671875
2021-11-23 05:00:00+00:00,403.51007080078125
2021-11-24 05:00:00+00:00,404.503662109375
2021-11-26 05:00:00+00:00,395.7017517089844
2021-11-29 05:00:00+00:00,400.4822692871094
2021-11-30 05:00:00+00:00,392.8145446777344
2021-12-01 05:00:00+00:00,388.29644775390625
2021-12-02 05:00:00+00:00,394.220703125
2021-12-03 05:00:00+00:00,390.7336730957031
2021-12-06 05:00:00+00:00,395.4018249511719
2021-12-07 05:00:00+00:00,403.52874755859375
2021-12-08 05:00:00+00:00,404.66302490234375
2021-12-09 05:00:00+00:00,401.9071044921875
2021-12-10 05:00:00+00:00,405.74090576171875
2021-12-13 05:00:00+00:00,402.14141845703125
2021-12-14 05:00:00+00:00,399.4043273925781
2021-12-15 05:00:00+00:00,405.6471862792969
2021-12-16 05:00:00+00:00,401.9820556640625
2021-12-17 05:00:00+00:00,397.810791015625
2021-12-20 05:00:00+00:00,393.50823974609375
2021-12-21 05:00:00+00:00,400.4919128417969
2021-12-22 05:00:00+00:00,404.5373229980469
2021-12-23 05:00:00+00:00,407.03045654296875
2021-12-27 05:00:00+00:00,412.83526611328125
2021-12-28 05:00:00+00:00,412.5247497558594
2021-12-29 05:00:00+00:00,413.0234680175781
2021-12-30 05:00:00+00:00,411.8567810058594
2021-12-31 05:00:00+00:00,410.7278137207031
2022-01-03 05:00:00+00:00,413.2492370605469
2022-01-04 05:00:00+00:00,413.079833984375
2022-01-05 05:00:00+00:00,405.16766357421875
2022-01-06 05:00:00+00:00,404.6220397949219
2022-01-07 05:00:00+00:00,403.22021484375
2022-01-10 05:00:00+00:00,402.693359375
2022-01-11 05:00:00+00:00,406.22137451171875
2022-01-12 05:00:00+00:00,407.4350280761719
2022-01-13 05:00:00+00:00,401.8184509277344
2022-01-14 05:00:00+00:00,401.94073486328125
2022-01-18 05:00:00+00:00,394.8940124511719
2022-01-19 05:00:00+00:00,390.7451171875
2022-01-20 05:00:00+00:00,386.4455871582031
2022-01-21 05:00:00+00:00,378.85333251953125
2022-01-24 05:00:00+00:00,380.43389892578125
2022-01-25 05:00:00+00:00,375.81451416015625
2022-01-26 05:00:00+00:00,374.9678039550781
2022-01-27 05:00:00+00:00,373.0673828125
2022-01-28 05:00:00+00:00,382.2120361328125
2022-01-31 05:00:00+00:00,389.2021789550781
2022-02-01 05:00:00+00:00,391.742431640625
2022-02-02 05:00:00+00:00,395.4774169921875
2022-02-03 05:00:00+00:00,386.2857360839844
2022-02-04 05:00:00+00:00,388.10150146484375
2022-02-07 05:00:00+00:00,386.822021484375
2022-02-08 05:00:00+00:00,389.9547424316406
2022-02-09 05:00:00+00:00,395.6749267578125
2022-02-10 05:00:00+00:00,388.7224426269531
2022-02-11 05:00:00+00:00,380.97015380859375
2022-02-14 05:00:00+00:00,379.728271484375
2022-02-15 05:00:00+00:00,385.82470703125
2022-02-16 05:00:00+00:00,386.2857360839844
2022-02-17 05:00:00+00:00,378.07244873046875
2022-02-18 05:00:00+00:00,375.654541015625
2022-02-22 05:00:00+00:00,371.5433349609375
2022-02-23 05:00:00+00:00,364.8541564941406
2022-02-24 05:00:00+00:00,370.46124267578125
2022-02-25 05:00:00+00:00,378.55230712890625
2022-02-28 05:00:00+00:00,377.6020202636719
2022-03-01 05:00:00+00:00,371.9384460449219
2022-03-02 05:00:00+00:00,378.7687072753906
2022-03-03 05:00:00+00:00,376.8683166503906
2022-03-04 05:00:00+00:00,373.820068359375
2022-03-07 05:00:00+00:00,362.7843933105469
2022-03-08 05:00:00+00:00,360.046630859375
2022-03-09 05:00:00+00:00,369.64288330078125
2022-03-10 05:00:00+00:00,367.9964599609375
2022-03-11 05:00:00+00:00,363.3017578125
2022-03-14 04:00:00+00:00,360.6487121582031
2022-03-15 04:00:00+00:00,368.5609436035156
2022-03-16 04:00:00+00:00,376.8023681640625
2022-03-17 04:00:00+00:00,381.41229248046875
2022-03-18 04:00:00+00:00,385.6271667480469
2022-03-21 04:00:00+00:00,385.64599609375
2022-03-22 04:00:00+00:00,390.12420654296875
2022-03-23 04:00:00+00:00,385.1003112792969
2022-03-24 04:00:00+00:00,390.8245544433594
2022-03-25 04:00:00+00:00,392.80694580078125
2022-03-28 04:00:00+00:00,395.5160827636719
2022-03-29 04:00:00+00:00,400.5191955566406
2022-03-30 04:00:00+00:00,398.0270690917969
2022-03-31 04:00:00+00:00,391.91009521484375
2022-04-01 04:00:00+00:00,392.9956970214844
2022-04-04 04:00:00+00:00,396.3279113769531
2022-04-05 04:00:00+00:00,391.42864990234375
2022-04-06 04:00:00+00:00,387.4639587402344
2022-04-07 04:00:00+00:00,389.4179992675781
2022-04-08 04:00:00+00:00,388.4740295410156
2022-04-11 04:00:00+00:00,381.74346923828125
2022-04-12 04:00:00+00:00,380.346435546875
2022-04-13 04:00:00+00:00,384.64154052734375
2022-04-14 04:00:00+00:00,379.9688415527344
2022-04-18 04:00:00+00:00,380.03497314453125
2022-04-19 04:00:00+00:00,386.1045837402344
2022-04-20 04:00:00+00:00,385.81201171875
2022-04-21 04:00:00+00:00,380.091552734375
2022-04-22 04:00:00+00:00,369.71728515625
2022-04-25 04:00:00+00:00,371.73736572265625
2022-04-26 04:00:00+00:00,361.10821533203125
2022-04-27 04:00:00+00:00,362.042724609375
2022-04-28 04:00:00+00:00,371.1144104003906
2022-04-29 04:00:00+00:00,357.48333740234375
2022-05-02 04:00:00+00:00,359.7300109863281
2022-05-03 04:00:00+00:00,361.28753662109375
2022-05-04 04:00:00+00:00,372.24713134765625
2022-05-05 04:00:00+00:00,359.17303466796875
2022-05-06 04:00:00+00:00,356.9169921875
2022-05-09 04:00:00+00:00,345.4004821777344
2022-05-10 04:00:00+00:00,346.2877502441406
2022-05-11 04:00:00+00:00,340.7088623046875
2022-05-12 04:00:00+00:00,340.444580078125
2022-05-13 04:00:00+00:00,348.4778747558594
2022-05-16 04:00:00+00:00,347.2318115234375
2022-05-17 04:00:00+00:00,354.179443359375
2022-05-18 04:00:00+00:00,340.1519470214844
2022-05-19 04:00:00+00:00,337.8769836425781
2022-05-20 04:00:00+00:00,337.96197509765625
2022-05-23 04:00:00+00:00,344.37158203125
2022-05-24 04:00:00+00:00,341.8888244628906
2022-05-25 04:00:00+00:00,344.73974609375
2022-05-26 04:00:00+00:00,351.59295654296875
2022-05-27 04:00:00+00:00,360.4096984863281
2022-05-31 04:00:00+00:00,358.4084167480469
2022-06-01 04:00:00+00:00,355.4065856933594
2022-06-02 04:00:00+00:00,362.156005859375
2022-06-03 04:00:00+00:00,356.2939453125
2022-06-06 04:00:00+00:00,357.26629638671875
2022-06-07 04:00:00+00:00,360.75897216796875
2022-06-08 04:00:00+00:00,356.81317138671875
2022-06-09 04:00:00+00:00,348.4211730957031
2022-06-10 04:00:00+00:00,338.1979675292969
2022-06-13 04:00:00+00:00,325.16156005859375
2022-06-14 04:00:00+00:00,324.3497619628906
2022-06-15 04:00:00+00:00,328.99420166015625
2022-06-16 04:00:00+00:00,318.1856689453125
2022-06-17 04:00:00+00:00,319.01641845703125
2022-06-21 04:00:00+00:00,326.8324890136719
2022-06-22 04:00:00+00:00,326.1433410644531
2022-06-23 04:00:00+00:00,329.57000732421875
2022-06-24 04:00:00+00:00,339.83099365234375
2022-06-27 04:00:00+00:00,338.5566711425781
2022-06-28 04:00:00+00:00,331.2408752441406
2022-06-29 04:00:00+00:00,331.4039001464844
2022-06-30 04:00:00+00:00,328.787841796875
2022-07-01 04:00:00+00:00,332.162109375
2022-07-05 04:00:00+00:00,332.7498474121094
2022-07-06 04:00:00+00:00,333.9534912109375
2022-07-07 04:00:00+00:00,338.85394287109375
2022-07-08 04:00:00+00:00,338.6548767089844
2022-07-11 04:00:00+00:00,334.8255310058594
2022-07-12 04:00:00+00:00,331.735595703125
2022-07-13 04:00:00+00:00,330.1905822753906
2022-07-14 04:00:00+00:00,329.3186340332031
2022-07-15 04:00:00+00:00,335.5459289550781
2022-07-18 04:00:00+00:00,332.768798828125
2022-07-19 04:00:00+00:00,341.8017578125
2022-07-20 04:00:00+00:00,343.9912414550781
2022-07-21 04:00:00+00:00,347.46978759765625
2022-07-22 04:00:00+00:00,344.3040466308594
2022-07-25 04:00:00+00:00,344.6452331542969
2022-07-26 04:00:00+00:00,340.51263427734375
2022-07-27 04:00:00+00:00,349.4318542480469
2022-07-28 04:00:00+00:00,353.84881591796875
2022-07-29 04:00:00+00:00,359.03350830078125
2022-08-01 04:00:00+00:00,357.9529724121094
2022-08-02 04:00:00+00:00,355.64019775390625
2022-08-03 04:00:00+00:00,361.1946105957031
2022-08-04 04:00:00+00:00,360.91021728515625
2022-08-05 04:00:00+00:00,360.16143798828125
2022-08-08 04:00:00+00:00,359.8392028808594
2022-08-09 04:00:00+00:00,358.4173889160156
2022-08-10 04:00:00+00:00,365.92425537109375
2022-08-11 04:00:00+00:00,365.92425537109375
2022-08-12 04:00:00+00:00,372.1895751953125
2022-08-15 04:00:00+00:00,373.78192138671875
2022-08-16 04:00:00+00:00,374.43603515625
2022-08-17 04:00:00+00:00,371.8767395019531
2022-08-18 04:00:00+00:00,373.02362060546875
2022-08-19 04:00:00+00:00,367.87689208984375
2022-08-22 04:00:00+00:00,360.1235656738281
2022-08-23 04:00:00+00:00,359.2704772949219
2022-08-24 04:00:00+00:00,360.36053466796875
2022-08-25 04:00:00+00:00,365.6115417480469
2022-08-26 04:00:00+00:00,353.0810852050781
2022-08-29 04:00:00+00:00,350.7493591308594
2022-08-30 04:00:00+00:00,346.93902587890625
2022-08-31 04:00:00+00:00,344.209228515625
2022-09-01 04:00:00+00:00,345.2708740234375
2022-09-02 04:00:00+00:00,341.6500549316406
2022-09-06 04:00:00+00:00,340.5031433105469
2022-09-07 04:00:00+00:00,346.6072692871094
2022-09-08 04:00:00+00:00,348.8726806640625
2022-09-09 04:00:00+00:00,354.2563781738281
2022-09-12 04:00:00+00:00,358.1520080566406
2022-09-13 04:00:00+00:00,342.5315856933594
2022-09-14 04:00:00+00:00,343.8111877441406
2022-09-15 04:00:00+00:00,339.972412109375
2022-09-16 04:00:00+00:00,337.2994689941406
2022-09-19 04:00:00+00:00,339.8871154785156
2022-09-20 04:00:00+00:00,336.0577087402344
2022-09-21 04:00:00+00:00,330.14324951171875
2022-09-22 04:00:00+00:00,327.3565673828125
2022-09-23 04:00:00+00:00,321.9159240722656
2022-09-26 04:00:00+00:00,318.79754638671875
2022-09-27 04:00:00+00:00,317.89715576171875
2022-09-28 04:00:00+00:00,324.14141845703125
2022-09-29 04:00:00+00:00,317.382080078125
2022-09-30 04:00:00+00:00,312.54583740234375
2022-10-03 04:00:00+00:00,320.8093566894531
2022-10-04 04:00:00+00:00,330.5484313964844
2022-10-05 04:00:00+00:00,329.9771728515625
2022-10-06 04:00:00+00:00,326.50238037109375
2022-10-07 04:00:00+00:00,317.33447265625
2022-10-10 04:00:00+00:00,314.9639587402344
2022-10-11 04:00:00+00:00,312.8885498046875
2022-10-12 04:00:00+00:00,311.91754150390625
2022-10-13 04:00:00+00:00,320.0858154296875
2022-10-14 04:00:00+00:00,312.8790588378906
2022-10-17 04:00:00+00:00,320.828369140625
2022-10-18 04:00:00+00:00,324.6078186035156
2022-10-19 04:00:00+00:00,322.36114501953125
2022-10-20 04:00:00+00:00,319.7145080566406
2022-10-21 04:00:00+00:00,327.39727783203125
2022-10-24 04:00:00+00:00,331.3861999511719
2022-10-25 04:00:00+00:00,336.7745666503906
2022-10-26 04:00:00+00:00,334.2613220214844
2022-10-27 04:00:00+00:00,332.471435546875
2022-10-28 04:00:00+00:00,340.2303771972656
2022-10-31 04:00:00+00:00,337.91705322265625
2022-11-01 04:00:00+00:00,336.5556640625
2022-11-02 04:00:00+00:00,327.96844482421875
2022-11-03 04:00:00+00:00,324.4745788574219
2022-11-04 04:00:00+00:00,329.2251281738281
2022-11-07 05:00:00+00:00,332.3858337402344
2022-11-08 05:00:00+00:00,334.19464111328125
2022-11-09 05:00:00+00:00,327.3686828613281
2022-11-10 05:00:00+00:00,345.2856140136719
2022-11-11 05:00:00+00:00,348.5890197753906
2022-11-14 05:00:00+00:00,345.7901611328125
2022-11-15 05:00:00+00:00,348.64617919921875
2022-11-16 05:00:00+00:00,345.9996032714844
2022-11-17 05:00:00+00:00,345.0000305175781
2022-11-18 05:00:00+00:00,346.523193359375
2022-11-21 05:00:00+00:00,345.3046875
2022-11-22 05:00:00+00:00,349.90289306640625
2022-11-23 05:00:00+00:00,352.0924987792969
2022-11-25 05:00:00+00:00,352.0543518066406
2022-11-28 05:00:00+00:00,346.4851379394531
2022-11-29 05:00:00+00:00,345.87579345703125
2022-11-30 05:00:00+00:00,356.51934814453125
2022-12-01 05:00:00+00:00,356.5669250488281
2022-12-02 05:00:00+00:00,356.0528564453125
2022-12-05 05:00:00+00:00,349.7124938964844
2022-12-06 05:00:00+00:00,344.6572265625
2022-12-07 05:00:00+00:00,343.9908447265625
2022-12-08 05:00:00+00:00,346.7040710449219
2022-12-09 05:00:00+00:00,344.17169189453125
2022-12-12 05:00:00+00:00,349.0840759277344
2022-12-13 05:00:00+00:00,351.66412353515625
2022-12-14 05:00:00+00:00,349.5411376953125
2022-12-15 05:00:00+00:00,340.9443664550781
2022-12-16 05:00:00+00:00,336.87921142578125
2022-12-19 05:00:00+00:00,333.9756774902344
2022-12-20 05:00:00+00:00,334.4845886230469
2022-12-21 05:00:00+00:00,339.4874572753906
2022-12-22 05:00:00+00:00,334.714111328125
2022-12-23 05:00:00+00:00,336.5890197753906
2022-12-27 05:00:00+00:00,335.24981689453125
2022-12-28 05:00:00+00:00,331.13653564453125
2022-12-29 05:00:00+00:00,337.0098876953125
2022-12-30 05:00:00+00:00,336.08209228515625
2023-01-03 05:00:00+00:00,334.7906188964844
2023-01-04 05:00:00+00:00,337.2012023925781
2023-01-05 05:00:00+00:00,333.51837158203125
2023-01-06 05:00:00+00:00,341.10400390625
2023-01-09 05:00:00+00:00,340.8553466796875
2023-01-10 05:00:00+00:00,343.2850646972656
2023-01-11 05:00:00+00:00,347.6661376953125
2023-01-12 05:00:00+00:00,348.9670715332031
2023-01-13 05:00:00+00:00,350.325439453125
2023-01-17 05:00:00+00:00,349.78973388671875
2023-01-18 05:00:00+00:00,344.1076965332031
2023-01-19 05:00:00+00:00,341.6301574707031
2023-01-20 05:00:00+00:00,347.91485595703125
2023-01-23 05:00:00+00:00,352.1524658203125
2023-01-24 05:00:00+00:00,351.7793884277344
2023-01-25 05:00:00+00:00,351.90374755859375
2023-01-26 05:00:00+00:00,355.6630859375
2023-01-27 05:00:00+00:00,356.67706298828125
2023-01-30 05:00:00+00:00,352.2193908691406
2023-01-31 05:00:00+00:00,357.2222595214844
2023-02-01 05:00:00+00:00,361.13470458984375
2023-02-02 05:00:00+00:00,366.3096923828125
2023-02-03 05:00:00+00:00,362.3973388671875
2023-02-06 05:00:00+00:00,360.30242919921875
2023-02-07 05:00:00+00:00,364.9513854980469
2023-02-08 05:00:00+00:00,360.9529724121094
2023-02-09 05:00:00+00:00,357.86322021484375
2023-02-10 05:00:00+00:00,358.73358154296875
2023-02-13 05:00:00+00:00,362.8756103515625
2023-02-14 05:00:00+00:00,362.74169921875
2023-02-15 05:00:00+00:00,363.9565734863281
2023-02-16 05:00:00+00:00,358.8962707519531
2023-02-17 05:00:00+00:00,357.9684143066406
2023-02-21 05:00:00+00:00,350.8610534667969
2023-02-22 05:00:00+00:00,350.4210205078125
2023-02-23 05:00:00+00:00,352.1811218261719
2023-02-24 05:00:00+00:00,348.4122314453125
2023-02-27 05:00:00+00:00,349.6174621582031
2023-02-28 05:00:00+00:00,348.29742431640625
2023-03-01 05:00:00+00:00,347.0252380371094
2023-03-02 05:00:00+00:00,349.6174621582031
2023-03-03 05:00:00+00:00,355.1560363769531
2023-03-06 05:00:00+00:00,355.5865783691406
2023-03-07 05:00:00+00:00,350.0862731933594
2023-03-08 05:00:00+00:00,350.6314697265625
2023-03-09 05:00:00+00:00,344.2129211425781
2023-03-10 05:00:00+00:00,339.2770080566406
2023-03-13 04:00:00+00:00,338.7029724121094
2023-03-14 04:00:00+00:00,344.3277282714844
2023-03-15 04:00:00+00:00,342.20404052734375
2023-03-16 04:00:00+00:00,348.0583801269531
2023-03-17 04:00:00+00:00,344.2511901855469
2023-03-20 04:00:00+00:00,347.3599853515625
2023-03-21 04:00:00+00:00,351.90374755859375
2023-03-22 04:00:00+00:00,346.0686340332031
2023-03-23 04:00:00+00:00,346.8912658691406
2023-03-24 04:00:00+00:00,349.2032470703125
2023-03-27 04:00:00+00:00,349.779541015625
2023-03-28 04:00:00+00:00,349.16485595703125
2023-03-29 04:00:00+00:00,354.1307067871094
2023-03-30 04:00:00+00:00,356.2437744140625
2023-03-31 04:00:00+00:00,361.2192077636719
2023-04-03 04:00:00+00:00,362.65045166015625
2023-04-04 04:00:00+00:00,360.6044921875
2023-04-05 04:00:00+00:00,359.7304382324219
2023-04-06 04:00:00+00:00,361.1039733886719
2023-04-10 04:00:00+00:00,361.4977722167969
2023-04-11 04:00:00+00:00,361.54583740234375
2023-04-12 04:00:00+00:00,360.1050720214844
2023-04-13 04:00:00+00:00,364.7731018066406
2023-04-14 04:00:00+00:00,364.02392578125
2023-04-17 04:00:00+00:00,365.26300048828125
2023-04-18 04:00:00+00:00,365.5127258300781
2023-04-19 04:00:00+00:00,365.4935302734375
2023-04-20 04:00:00+00:00,363.4283752441406
2023-04-21 04:00:00+00:00,363.6396789550781
2023-04-24 04:00:00+00:00,364.1199951171875
2023-04-25 04:00:00+00:00,358.3665466308594
2023-04-26 04:00:00+00:00,356.7720947265625
2023-04-27 04:00:00+00:00,363.8510437011719
2023-04-28 04:00:00+00:00,366.9631042480469
2023-05-01 04:00:00+00:00,366.71331787109375
2023-05-02 04:00:00+00:00,362.6024169921875
2023-05-03 04:00:00+00:00,360.07623291015625
2023-05-04 04:00:00+00:00,357.44439697265625
2023-05-05 04:00:00+00:00,364.0047302246094
2023-05-08 04:00:00+00:00,364.2064514160156
2023-05-09 04:00:00+00:00,362.6312255859375
2023-05-10 04:00:00+00:00,364.21600341796875
2023-05-11 04:00:00+00:00,363.70697021484375
2023-05-12 04:00:00+00:00,363.2171325683594
2023-05-15 04:00:00+00:00,364.4753723144531
2023-05-16 04:00:00+00:00,362.064453125
2023-05-17 04:00:00+00:00,366.3868103027344
2023-05-18 04:00:00+00:00,369.969482421875
2023-05-19 04:00:00+00:00,369.3835754394531
2023-05-22 04:00:00+00:00,369.58526611328125
2023-05-23 04:00:00+00:00,365.455078125
2023-05-24 04:00:00+00:00,362.7176513671875
2023-05-25 04:00:00+00:00,365.87774658203125
2023-05-26 04:00:00+00:00,370.63226318359375
2023-05-30 04:00:00+00:00,370.7474670410156
2023-05-31 04:00:00+00:00,368.7304382324219
2023-06-01 04:00:00+00:00,372.26513671875
2023-06-02 04:00:00+00:00,377.7304382324219
2023-06-05 04:00:00+00:00,377.00042724609375
2023-06-06 04:00:00+00:00,377.7784423828125
2023-06-07 04:00:00+00:00,376.5394592285156
2023-06-08 04:00:00+00:00,378.7966003417969
2023-06-09 04:00:00+00:00,379.4305114746094
2023-06-12 04:00:00+00:00,382.917236328125
2023-06-13 04:00:00+00:00,385.44342041015625
2023-06-14 04:00:00+00:00,385.7410583496094
2023-06-15 04:00:00+00:00,390.6877136230469
2023-06-16 04:00:00+00:00,389.2469482421875
2023-06-20 04:00:00+00:00,387.4507751464844
2023-06-21 04:00:00+00:00,385.32806396484375
2023-06-22 04:00:00+00:00,386.73046875
2023-06-23 04:00:00+00:00,383.8296203613281
2023-06-26 04:00:00+00:00,382.24481201171875
2023-06-27 04:00:00+00:00,386.48065185546875
2023-06-28 04:00:00+00:00,386.653564453125
2023-06-29 04:00:00+00:00,388.1347351074219
2023-06-30 04:00:00+00:00,392.7344055175781
2023-07-03 04:00:00+00:00,393.4864807128906
2023-07-05 04:00:00+00:00,392.6090087890625
2023-07-06 04:00:00+00:00,389.4075622558594
2023-07-07 04:00:00+00:00,388.50115966796875
2023-07-10 04:00:00+00:00,389.54254150390625
2023-07-11 04:00:00+00:00,392.0401306152344
2023-07-12 04:00:00+00:00,395.1258239746094
2023-07-13 04:00:00+00:00,398.3465270996094
2023-07-14 04:00:00+00:00,398.0282897949219
2023-07-17 04:00:00+00:00,399.4168701171875
2023-07-18 04:00:00+00:00,402.4447326660156
2023-07-19 04:00:00+00:00,403.3126220703125
2023-07-20 04:00:00+00:00,400.6800537109375
2023-07-21 04:00:00+00:00,400.7283020019531
2023-07-24 04:00:00+00:00,402.42547607421875
2023-07-25 04:00:00+00:00,403.61151123046875
2023-07-26 04:00:00+00:00,403.7079162597656
2023-07-27 04:00:00+00:00,400.9693298339844
2023-07-28 04:00:00+00:00,404.8747253417969
2023-07-31 04:00:00+00:00,405.6557922363281
2023-08-01 04:00:00+00:00,404.4022216796875
2023-08-02 04:00:00+00:00,398.7997131347656
2023-08-03 04:00:00+00:00,397.6715087890625
2023-08-04 04:00:00+00:00,395.72369384765625
2023-08-07 04:00:00+00:00,399.2914733886719
2023-08-08 04:00:00+00:00,397.5654602050781
2023-08-09 04:00:00+00:00,394.9233093261719
2023-08-10 04:00:00+00:00,395.15478515625
2023-08-11 04:00:00+00:00,394.7882995605469
2023-08-14 04:00:00+00:00,397.0157775878906
2023-08-15 04:00:00+00:00,392.46435546875
2023-08-16 04:00:00+00:00,389.5618591308594
2023-08-17 04:00:00+00:00,386.40869140625
2023-08-18 04:00:00+00:00,386.7654113769531
2023-08-21 04:00:00+00:00,389.3207702636719
2023-08-22 04:00:00+00:00,388.2311706542969
2023-08-23 04:00:00+00:00,392.4161376953125
2023-08-24 04:00:00+00:00,387.1993713378906
2023-08-25 04:00:00+00:00,389.76434326171875
2023-08-28 04:00:00+00:00,392.3293151855469
2023-08-29 04:00:00+00:00,397.9029235839844
2023-08-30 04:00:00+00:00,399.5614929199219
2023-08-31 04:00:00+00:00,399.0504150390625
2023-09-01 04:00:00+00:00,399.89898681640625
2023-09-05 04:00:00+00:00,398.1536560058594
2023-09-06 04:00:00+00:00,395.4054260253906
2023-09-07 04:00:00+00:00,394.2290344238281
2023-09-08 04:00:00+00:00,394.76904296875
2023-09-11 04:00:00+00:00,397.3629150390625
2023-09-12 04:00:00+00:00,395.23187255859375
2023-09-13 04:00:00+00:00,395.6947326660156
2023-09-14 04:00:00+00:00,399.117919921875
2023-09-15 04:00:00+00:00,394.1422424316406
2023-09-18 04:00:00+00:00,394.576171875
2023-09-19 04:00:00+00:00,393.785400390625
2023-09-20 04:00:00+00:00,390.1018981933594
2023-09-21 04:00:00+00:00,383.7086486816406
2023-09-22 04:00:00+00:00,382.7828674316406
2023-09-25 04:00:00+00:00,384.3739929199219
2023-09-26 04:00:00+00:00,378.73291015625
2023-09-27 04:00:00+00:00,378.8197326660156
2023-09-28 04:00:00+00:00,381.02960205078125
2023-09-29 04:00:00+00:00,380.1197204589844
2023-10-02 04:00:00+00:00,380.0907287597656
2023-10-03 04:00:00+00:00,374.97979736328125
2023-10-04 04:00:00+00:00,377.738525390625
2023-10-05 04:00:00+00:00,377.4190673828125
2023-10-06 04:00:00+00:00,381.92010498046875
2023-10-09 04:00:00+00:00,384.4658508300781
2023-10-10 04:00:00+00:00,386.45013427734375
2023-10-11 04:00:00+00:00,388.0860290527344
2023-10-12 04:00:00+00:00,385.75323486328125
2023-10-13 04:00:00+00:00,383.7205505371094
2023-10-16 04:00:00+00:00,387.73760986328125
2023-10-17 04:00:00+00:00,387.74725341796875
2023-10-18 04:00:00+00:00,382.5589294433594
2023-10-19 04:00:00+00:00,379.3162536621094
2023-10-20 04:00:00+00:00,374.5926818847656
2023-10-23 04:00:00+00:00,373.9344482421875
2023-10-24 04:00:00+00:00,376.7318420410156
2023-10-25 04:00:00+00:00,371.4176940917969
2023-10-26 04:00:00+00:00,366.85858154296875
2023-10-27 04:00:00+00:00,365.2324523925781
2023-10-30 04:00:00+00:00,369.626953125
2023-10-31 04:00:00+00:00,371.86297607421875
2023-11-01 04:00:00+00:00,375.9574890136719
2023-11-02 04:00:00+00:00,383.1010437011719
2023-11-03 04:00:00+00:00,386.6438293457031
2023-11-06 05:00:00+00:00,387.3891296386719
2023-11-07 05:00:00+00:00,388.4828796386719
2023-11-08 05:00:00+00:00,388.8023681640625
2023-11-09 05:00:00+00:00,385.8694152832031
2023-11-10 05:00:00+00:00,391.8901062011719
2023-11-13 05:00:00+00:00,391.4932556152344
2023-11-14 05:00:00+00:00,399.0143737792969
2023-11-15 05:00:00+00:00,399.8855285644531
2023-11-16 05:00:00+00:00,400.4469909667969
2023-11-17 05:00:00+00:00,401.0373840332031
2023-11-20 05:00:00+00:00,404.05743408203125
2023-11-21 05:00:00+00:00,403.00238037109375
2023-11-22 05:00:00+00:00,404.74468994140625
2023-11-24 05:00:00+00:00,404.96728515625
2023-11-27 05:00:00+00:00,404.2607727050781
2023-11-28 05:00:00+00:00,404.6576232910156
2023-11-29 05:00:00+00:00,404.3962707519531
2023-11-30 05:00:00+00:00,405.96435546875
2023-12-01 05:00:00+00:00,408.34552001953125
2023-12-04 05:00:00+00:00,406.2934265136719
2023-12-05 05:00:00+00:00,406.1675720214844
2023-12-06 05:00:00+00:00,404.4737243652344
2023-12-07 05:00:00+00:00,407.6388854980469
2023-12-08 05:00:00+00:00,409.37164306640625
2023-12-11 05:00:00+00:00,410.9590759277344
2023-12-12 05:00:00+00:00,413.0014953613281
2023-12-13 05:00:00+00:00,418.6253662109375
2023-12-14 05:00:00+00:00,419.85467529296875
2023-12-15 05:00:00+00:00,419.21575927734375
2023-12-18 05:00:00+00:00,421.5873718261719
2023-12-19 05:00:00+00:00,424.1524353027344
2023-12-20 05:00:00+00:00,418.0299987792969
2023-12-21 05:00:00+00:00,422.10260009765625
2023-12-22 05:00:00+00:00,423.084228515625
2023-12-26 05:00:00+00:00,424.8435363769531
2023-12-27 05:00:00+00:00,425.6210021972656
2023-12-28 05:00:00+00:00,425.6890563964844
2023-12-29 05:00:00+00:00,424.5518493652344
2024-01-02 05:00:00+00:00,421.8401184082031
2024-01-03 05:00:00+00:00,418.71044921875
2024-01-04 05:00:00+00:00,417.3885192871094
2024-01-05 05:00:00+00:00,417.9231262207031
2024-01-08 05:00:00+00:00,423.9006652832031
2024-01-09 05:00:00+00:00,422.87042236328125
2024-01-10 05:00:00+00:00,425.659912109375
2024-01-11 05:00:00+00:00,425.51416015625
2024-01-12 05:00:00+00:00,425.70849609375
2024-01-16 05:00:00+00:00,424.26025390625
2024-01-17 05:00:00+00:00,421.8984375
2024-01-18 05:00:00+00:00,425.6501770019531
2024-01-19 05:00:00+00:00,430.85992431640625
2024-01-22 05:00:00+00:00,431.841552734375
2024-01-23 05:00:00+00:00,433.1245422363281
2024-01-24 05:00:00+00:00,433.4841613769531
2024-01-25 05:00:00+00:00,435.9237976074219
2024-01-26 05:00:00+00:00,435.661376953125
2024-01-29 05:00:00+00:00,438.8299865722656
2024-01-30 05:00:00+00:00,438.5190124511719
2024-01-31 05:00:00+00:00,431.3750305175781
2024-02-01 05:00:00+00:00,437.0513000488281
2024-02-02 05:00:00+00:00,441.5417175292969
2024-02-05 05:00:00+00:00,439.9283142089844
2024-02-06 05:00:00+00:00,441.2987976074219
2024-02-07 05:00:00+00:00,444.9241638183594
2024-02-08 05:00:00+00:00,445.2254638671875
2024-02-09 05:00:00+00:00,447.7525634765625
2024-02-12 05:00:00+00:00,447.5484313964844
2024-02-13 05:00:00+00:00,441.240478515625
2024-02-14 05:00:00+00:00,445.43927001953125
2024-02-15 05:00:00+00:00,448.4523620605469
2024-02-16 05:00:00+00:00,446.15850830078125
2024-02-20 05:00:00+00:00,443.709228515625
2024-02-21 05:00:00+00:00,444.1562805175781
2024-02-22 05:00:00+00:00,453.4871826171875
2024-02-23 05:00:00+00:00,453.69122314453125
2024-02-26 05:00:00+00:00,452.0291748046875
2024-02-27 05:00:00+00:00,452.8650817871094
2024-02-28 05:00:00+00:00,452.1652526855469
2024-02-29 05:00:00+00:00,453.8370361328125
2024-03-01 05:00:00+00:00,458.2108459472656
2024-03-04 05:00:00+00:00,457.6665344238281
2024-03-05 05:00:00+00:00,453.0788879394531
2024-03-06 05:00:00+00:00,455.4796142578125
2024-03-07 05:00:00+00:00,459.9895324707031
2024-03-08 05:00:00+00:00,457.20001220703125
2024-03-11 04:00:00+00:00,456.8209533691406
2024-03-12 04:00:00+00:00,461.7098693847656
2024-03-13 04:00:00+00:00,461.01007080078125
2024-03-14 04:00:00+00:00,459.9992370605469
2024-03-15 04:00:00+00:00,456.8306884765625
2024-03-18 04:00:00+00:00,459.688232421875
2024-03-19 04:00:00+00:00,462.26397705078125
2024-03-20 04:00:00+00:00,466.29754638671875
2024-03-21 04:00:00+00:00,467.8526611328125
2024-03-22 04:00:00+00:00,467.2413024902344
2024-03-25 04:00:00+00:00,466.0321960449219
2024-03-26 04:00:00+00:00,464.7255859375
2024-03-27 04:00:00+00:00,468.78192138671875
2024-03-28 04:00:00+00:00,468.72344970703125
2024-04-01 04:00:00+00:00,468.1091003417969
2024-04-02 04:00:00+00:00,465.04736328125
2024-04-03 04:00:00+00:00,465.4666442871094
2024-04-04 04:00:00+00:00,459.7331237792969
2024-04-05 04:00:00+00:00,464.6182861328125
2024-04-08 04:00:00+00:00,464.8035888671875
2024-04-09 04:00:00+00:00,465.3788757324219
2024-04-10 04:00:00+00:00,460.8739929199219
2024-04-11 04:00:00+00:00,464.19903564453125
2024-04-12 04:00:00+00:00,457.8706970214844
2024-04-15 04:00:00+00:00,452.0592041015625
2024-04-16 04:00:00+00:00,451.2499084472656
2024-04-17 04:00:00+00:00,448.5293884277344
2024-04-18 04:00:00+00:00,447.50555419921875
2024-04-19 04:00:00+00:00,443.76123046875
2024-04-22 04:00:00+00:00,447.61279296875
2024-04-23 04:00:00+00:00,453.25860595703125
2024-04-24 04:00:00+00:00,452.9270324707031
2024-04-25 04:00:00+00:00,451.05487060546875
2024-04-26 04:00:00+00:00,455.56951904296875
2024-04-29 04:00:00+00:00,457.15887451171875
2024-04-30 04:00:00+00:00,449.93353271484375
2024-05-01 04:00:00+00:00,448.47088623046875
2024-05-02 04:00:00+00:00,452.65399169921875
2024-05-03 04:00:00+00:00,458.2705078125
2024-05-06 04:00:00+00:00,462.8924255371094
2024-05-07 04:00:00+00:00,463.5554504394531
2024-05-08 04:00:00+00:00,463.574951171875
2024-05-09 04:00:00+00:00,466.2369689941406
2024-05-10 04:00:00+00:00,466.8122253417969
2024-05-13 04:00:00+00:00,466.8414611816406
2024-05-14 04:00:00+00:00,469.05499267578125
2024-05-15 04:00:00+00:00,474.7689208984375
2024-05-16 04:00:00+00:00,473.8620910644531
2024-05-17 04:00:00+00:00,474.56414794921875
2024-05-20 04:00:00+00:00,475.0322570800781
2024-05-21 04:00:00+00:00,476.3096008300781
2024-05-22 04:00:00+00:00,474.9249572753906
2024-05-23 04:00:00+00:00,471.3951416015625
2024-05-24 04:00:00+00:00,474.60321044921875
2024-05-28 04:00:00+00:00,474.9834899902344
2024-05-29 04:00:00+00:00,471.63897705078125
2024-05-30 04:00:00+00:00,468.46990966796875
2024-05-31 04:00:00+00:00,472.5457763671875
2024-06-03 04:00:00+00:00,473.0625
2024-06-04 04:00:00+00:00,473.6378479003906
2024-06-05 04:00:00+00:00,479.3030700683594
2024-06-06 04:00:00+00:00,479.1958312988281
2024-06-07 04:00:00+00:00,478.5717468261719
2024-06-10 04:00:00+00:00,480.14166259765625
2024-06-11 04:00:00+00:00,481.2337341308594
2024-06-12 04:00:00+00:00,485.2413635253906
2024-06-13 04:00:00+00:00,486.1579284667969
2024-06-14 04:00:00+00:00,486.5479431152344
2024-06-17 04:00:00+00:00,490.4092712402344
2024-06-18 04:00:00+00:00,491.7159118652344
2024-06-20 04:00:00+00:00,490.3507995605469
2024-06-21 04:00:00+00:00,489.2781677246094
2024-06-24 04:00:00+00:00,487.96185302734375
2024-06-25 04:00:00+00:00,489.99005126953125
2024-06-26 04:00:00+00:00,490.5361022949219
2024-06-27 04:00:00+00:00,491.2966613769531
2024-06-28 04:00:00+00:00,489.4021911621094
2024-07-01 04:00:00+00:00,490.52752685546875
2024-07-02 04:00:00+00:00,493.7077941894531
2024-07-03 04:00:00+00:00,495.93890380859375
2024-07-05 04:00:00+00:00,498.9039001464844
2024-07-08 04:00:00+00:00,499.3834228515625
2024-07-09 04:00:00+00:00,499.9313659667969
2024-07-10 04:00:00+00:00,504.7458190917969
2024-07-11 04:00:00+00:00,500.420654296875
2024-07-12 04:00:00+00:00,503.51287841796875
2024-07-15 04:00:00+00:00,505.0393981933594
2024-07-16 04:00:00+00:00,507.906494140625
2024-07-17 04:00:00+00:00,500.8121337890625
2024-07-18 04:00:00+00:00,497.0446472167969
2024-07-19 04:00:00+00:00,493.7274169921875
2024-07-22 04:00:00+00:00,498.85498046875
2024-07-23 04:00:00+00:00,498.023193359375
2024-07-24 04:00:00+00:00,486.6230773925781
2024-07-25 04:00:00+00:00,484.1669006347656
2024-07-26 04:00:00+00:00,489.5979309082031
2024-07-29 04:00:00+00:00,489.9599609375
2024-07-30 04:00:00+00:00,487.3961181640625
2024-07-31 04:00:00+00:00,495.0777587890625
2024-08-01 04:00:00+00:00,488.3257751464844
2024-08-02 04:00:00+00:00,479.4013977050781
2024-08-05 04:00:00+00:00,465.0069580078125
2024-08-06 04:00:00+00:00,469.645263671875
2024-08-07 04:00:00+00:00,466.3866882324219
2024-08-08 04:00:00+00:00,477.26812744140625
2024-08-09 04:00:00+00:00,479.3133239746094
2024-08-12 04:00:00+00:00,479.5579528808594
2024-08-13 04:00:00+00:00,487.52337646484375
2024-08-14 04:00:00+00:00,489.0792236328125
2024-08-15 04:00:00+00:00,497.4751892089844
2024-08-16 04:00:00+00:00,498.5223083496094
2024-08-19 04:00:00+00:00,503.3171691894531
2024-08-20 04:00:00+00:00,502.4853820800781
2024-08-21 04:00:00+00:00,504.24676513671875
2024-08-22 04:00:00+00:00,500.1662292480469
2024-08-23 04:00:00+00:00,505.5776062011719
2024-08-26 04:00:00+00:00,504.3348083496094
2024-08-27 04:00:00+00:00,505.01007080078125
2024-08-28 04:00:00+00:00,502.1233215332031
2024-08-29 04:00:00+00:00,502.2015686035156
2024-08-30 04:00:00+00:00,506.9279479980469
2024-09-03 04:00:00+00:00,496.6728210449219
2024-09-04 04:00:00+00:00,495.4397888183594
2024-09-05 04:00:00+00:00,494.2166442871094
2024-09-06 04:00:00+00:00,485.9870300292969
2024-09-09 04:00:00+00:00,491.4571533203125
2024-09-10 04:00:00+00:00,493.482666015625
2024-09-11 04:00:00+00:00,498.5320739746094
2024-09-12 04:00:00+00:00,502.818115234375
2024-09-13 04:00:00+00:00,505.48956298828125
2024-09-16 04:00:00+00:00,506.2528076171875
2024-09-17 04:00:00+00:00,506.4877014160156
2024-09-18 04:00:00+00:00,504.8436584472656
2024-09-19 04:00:00+00:00,513.650634765625
2024-09-20 04:00:00+00:00,512.6427001953125
2024-09-23 04:00:00+00:00,513.9050903320312
2024-09-24 04:00:00+00:00,515.3826904296875
2024-09-25 04:00:00+00:00,514.3356323242188
2024-09-26 04:00:00+00:00,516.3807983398438
2024-09-27 04:00:00+00:00,515.7123413085938
2024-09-30 04:00:00+00:00,517.960205078125
2024-10-01 04:00:00+00:00,513.1209106445312
2024-10-02 04:00:00+00:00,513.209228515625
2024-10-03 04:00:00+00:00,512.2374877929688
2024-10-04 04:00:00+00:00,516.958984375
2024-10-07 04:00:00+00:00,512.30615234375
2024-10-08 04:00:00+00:00,517.1552124023438
2024-10-09 04:00:00+00:00,520.6890258789062
2024-10-10 04:00:00+00:00,519.8154296875
2024-10-11 04:00:00+00:00,522.9075317382812
2024-10-14 04:00:00+00:00,527.1871948242188
2024-10-15 04:00:00+00:00,523.1724853515625
2024-10-16 04:00:00+00:00,525.3712158203125
2024-10-17 04:00:00+00:00,525.4498291015625
2024-10-18 04:00:00+00:00,527.471923828125
2024-10-21 04:00:00+00:00,526.6572265625
2024-10-22 04:00:00+00:00,526.2940063476562
2024-10-23 04:00:00+00:00,521.4940185546875
2024-10-24 04:00:00+00:00,522.671875
2024-10-25 04:00:00+00:00,522.4656982421875
2024-10-28 04:00:00+00:00,524.09521484375
2024-10-29 04:00:00+00:00,524.9295654296875
2024-10-30 04:00:00+00:00,523.3490600585938
2024-10-31 04:00:00+00:00,513.0521850585938
2024-11-01 04:00:00+00:00,515.2804565429688
2024-11-04 05:00:00+00:00,514.1614379882812
2024-11-05 05:00:00+00:00,520.345458984375
2024-11-06 05:00:00+00:00,533.3025512695312
2024-11-07 05:00:00+00:00,537.4547729492188
2024-11-08 05:00:00+00:00,539.830322265625
2024-11-11 05:00:00+00:00,540.2719116210938
2024-11-12 05:00:00+00:00,538.6522827148438
2024-11-13 05:00:00+00:00,538.92724609375
2024-11-14 05:00:00+00:00,535.501220703125
2024-11-15 05:00:00+00:00,528.5909423828125
2024-11-18 05:00:00+00:00,530.7799072265625
2024-11-19 05:00:00+00:00,532.7136840820312
2024-11-20 05:00:00+00:00,532.9099731445312
2024-11-21 05:00:00+00:00,535.5995483398438
2024-11-22 05:00:00+00:00,537.3958740234375
2024-11-25 05:00:00+00:00,539.1234130859375
2024-11-26 05:00:00+00:00,542.146728515625
2024-11-27 05:00:00+00:00,540.419189453125
2024-11-29 05:00:00+00:00,543.2658081054688
2024-12-02 05:00:00+00:00,544.7970581054688
2024-12-03 05:00:00+00:00,544.9247436523438
2024-12-04 05:00:00+00:00,548.3602905273438
2024-12-05 05:00:00+00:00,547.4474487304688
2024-12-06 05:00:00+00:00,548.5369873046875
2024-12-09 05:00:00+00:00,545.680419921875
2024-12-10 05:00:00+00:00,544.1295776367188
2024-12-11 05:00:00+00:00,548.2523193359375
2024-12-12 05:00:00+00:00,545.4253540039062
2024-12-13 05:00:00+00:00,545.3860473632812
2024-12-16 05:00:00+00:00,547.52587890625
2024-12-17 05:00:00+00:00,545.22900390625
2024-12-18 05:00:00+00:00,529.2191772460938
2024-12-19 05:00:00+00:00,529.0228271484375
2024-12-20 05:00:00+00:00,535.010498046875
2024-12-23 05:00:00+00:00,538.8402099609375
2024-12-24 05:00:00+00:00,544.38427734375
2024-12-26 05:00:00+00:00,544.37451171875
2024-12-27 05:00:00+00:00,538.73193359375
2024-12-30 05:00:00+00:00,532.7348022460938
2024-12-31 05:00:00+00:00,530.588134765625
2025-01-02 05:00:00+00:00,529.2587280273438
2025-01-03 05:00:00+00:00,536.0928344726562
2025-01-06 05:00:00+00:00,539.2144165039062
2025-01-07 05:00:00+00:00,533.1484375
2025-01-08 05:00:00+00:00,533.8672485351562
2025-01-10 05:00:00+00:00,525.7432250976562
2025-01-13 05:00:00+00:00,526.422607421875
2025-01-14 05:00:00+00:00,527.0922241210938
2025-01-15 05:00:00+00:00,536.73291015625
2025-01-16 05:00:00+00:00,535.9352416992188
2025-01-17 05:00:00+00:00,541.0756225585938
2025-01-21 05:00:00+00:00,545.9993286132812
2025-01-22 05:00:00+00:00,549.1011962890625
2025-01-23 05:00:00+00:00,552.1441040039062
2025-01-24 05:00:00+00:00,550.4798583984375
2025-01-27 05:00:00+00:00,542.818603515625
2025-01-28 05:00:00+00:00,547.3679809570312
2025-01-29 05:00:00+00:00,544.9652709960938
2025-01-30 05:00:00+00:00,547.8112182617188
2025-01-31 05:00:00+00:00,544.8865966796875
2025-02-03 05:00:00+00:00,541.3118896484375
2025-02-04 05:00:00+00:00,544.90625
2025-02-05 05:00:00+00:00,547.1415405273438
2025-02-06 05:00:00+00:00,549.1110229492188
2025-02-07 05:00:00+00:00,543.7738037109375
2025-02-10 05:00:00+00:00,547.6635131835938
2025-02-11 05:00:00+00:00,548.1558227539062
2025-02-12 05:00:00+00:00,546.3439331054688
2025-02-13 05:00:00+00:00,552.114501953125
2025-02-14 05:00:00+00:00,552.1342163085938
2025-02-18 05:00:00+00:00,553.7294921875
2025-02-19 05:00:00+00:00,555.0687866210938
2025-02-20 05:00:00+00:00,552.73486328125
2025-02-21 05:00:00+00:00,543.3306274414062
2025-02-24 05:00:00+00:00,540.760498046875
2025-02-25 05:00:00+00:00,538.0720825195312
2025-02-26 05:00:00+00:00,538.4068603515625
2025-02-27 05:00:00+00:00,529.7608032226562
2025-02-28 05:00:00+00:00,537.9932861328125
2025-03-03 05:00:00+00:00,528.7269287109375
2025-03-04 05:00:00+00:00,522.3556518554688
2025-03-05 05:00:00+00:00,528.2149047851562
2025-03-06 05:00:00+00:00,518.6333618164062
2025-03-07 05:00:00+00:00,521.4300537109375
2025-03-10 04:00:00+00:00,507.6436462402344
2025-03-11 04:00:00+00:00,503.4781799316406
2025-03-12 04:00:00+00:00,505.9203796386719
2025-03-13 04:00:00+00:00,499.31268310546875
2025-03-14 04:00:00+00:00,509.56390380859375
2025-03-17 04:00:00+00:00,513.45361328125
2025-03-18 04:00:00+00:00,508.0375061035156
2025-03-19 04:00:00+00:00,513.3748168945312
2025-03-20 04:00:00+00:00,512.1931762695312
2025-03-21 04:00:00+00:00,512.3211669921875
2025-03-24 04:00:00+00:00,521.3118286132812
2025-03-25 04:00:00+00:00,522.5526123046875
2025-03-26 04:00:00+00:00,516.4570922851562
2025-03-27 04:00:00+00:00,515.0360717773438
2025-03-28 04:00:00+00:00,504.7494201660156
2025-03-31 04:00:00+00:00,507.82257080078125
2025-04-01 04:00:00+00:00,509.6901550292969
2025-04-02 04:00:00+00:00,512.7633666992188
2025-04-03 04:00:00+00:00,488.3065185546875
2025-04-04 04:00:00+00:00,460.0057678222656
2025-04-07 04:00:00+00:00,458.0690002441406
2025-04-08 04:00:00+00:00,451.32977294921875
2025-04-09 04:00:00+00:00,493.18798828125
2025-04-10 04:00:00+00:00,476.349853515625
2025-04-11 04:00:00+00:00,484.7392578125
2025-04-14 04:00:00+00:00,489.61083984375
2025-04-15 04:00:00+00:00,488.2373352050781
2025-04-16 04:00:00+00:00,477.5059814453125
2025-04-17 04:00:00+00:00,478.1680603027344
2025-04-21 04:00:00+00:00,466.77459716796875
2025-04-22 04:00:00+00:00,478.5534362792969
2025-04-23 04:00:00+00:00,486.24127197265625
2025-04-24 04:00:00+00:00,496.4588317871094
2025-04-25 04:00:00+00:00,500.1149597167969
2025-04-28 04:00:00+00:00,500.4212646484375
2025-04-29 04:00:00+00:00,503.4549255371094
2025-04-30 04:00:00+00:00,503.70196533203125
2025-05-01 04:00:00+00:00,507.2691955566406
2025-05-02 04:00:00+00:00,514.5419921875
2025-05-05 04:00:00+00:00,511.8542175292969
2025-05-06 04:00:00+00:00,507.4964904785156
2025-05-07 04:00:00+00:00,509.78900146484375
2025-05-08 04:00:00+00:00,513.1882934570312
2025-05-09 04:00:00+00:00,512.5064697265625
2025-05-12 04:00:00+00:00,529.5718383789062
2025-05-13 04:00:00+00:00,533.0501098632812
2025-05-14 04:00:00+00:00,533.712158203125
2025-05-15 04:00:00+00:00,536.3308715820312
2025-05-16 04:00:00+00:00,539.7893676757812
2025-05-19 04:00:00+00:00,540.3427734375
2025-05-20 04:00:00+00:00,538.4256591796875
2025-05-21 04:00:00+00:00,529.4236450195312
2025-05-22 04:00:00+00:00,529.6707153320312
2025-05-23 04:00:00+00:00,526.0935668945312
2025-05-27 04:00:00+00:00,536.9039916992188
2025-05-28 04:00:00+00:00,533.8406982421875
2025-05-29 04:00:00+00:00,535.8960571289062
2025-05-30 04:00:00+00:00,535.3427124023438
2025-06-02 04:00:00+00:00,538.455322265625
2025-06-03 04:00:00+00:00,541.5087890625
2025-06-04 04:00:00+00:00,541.1629028320312
2025-06-05 04:00:00+00:00,538.63330078125
2025-06-06 04:00:00+00:00,544.1372680664062
2025-06-09 04:00:00+00:00,544.72021484375
2025-06-10 04:00:00+00:00,547.8230590820312
2025-06-11 04:00:00+00:00,546.3111572265625
2025-06-12 04:00:00+00:00,548.37646484375
2025-06-13 04:00:00+00:00,542.2696533203125
2025-06-16 04:00:00+00:00,547.5068359375
2025-06-17 04:00:00+00:00,542.8427124023438
2025-06-18 04:00:00+00:00,542.7340698242188
2025-06-20 04:00:00+00:00,541.2320556640625
2025-06-23 04:00:00+00:00,546.8052978515625
2025-06-24 04:00:00+00:00,552.8131713867188
2025-06-25 04:00:00+00:00,553.08984375
2025-06-26 04:00:00+00:00,557.4674682617188
2025-06-27 04:00:00+00:00,560.2343139648438
2025-06-30 04:00:00+00:00,563.034423828125
2025-07-01 04:00:00+00:00,562.7767333984375
2025-07-02 04:00:00+00:00,565.2745361328125
2025-07-03 04:00:00+00:00,570.1611938476562
2025-07-07 04:00:00+00:00,565.5916748046875
2025-07-08 04:00:00+00:00,565.215087890625
2025-07-09 04:00:00+00:00,568.5653686523438
2025-07-10 04:00:00+00:00,570.2305297851562
2025-07-11 04:00:00+00:00,568.1787719726562
2025-07-14 04:00:00+00:00,569.2988891601562
2025-07-15 04:00:00+00:00,566.8306884765625
2025-07-16 04:00:00+00:00,568.6942138671875
2025-07-17 04:00:00+00:00,572.1039428710938
2025-07-18 04:00:00+00:00,571.84619140625
2025-07-21 04:00:00+00:00,572.8672485351562
2025-07-22 04:00:00+00:00,572.8672485351562
2025-07-23 04:00:00+00:00,577.7340087890625
2025-07-24 04:00:00+00:00,578.1304931640625
2025-07-25 04:00:00+00:00,580.4301147460938
2025-07-28 04:00:00+00:00,580.2913818359375
2025-07-29 04:00:00+00:00,578.78466796875
2025-07-30 04:00:00+00:00,578.0809326171875
2025-07-31 04:00:00+00:00,575.9102172851562
2025-08-01 04:00:00+00:00,566.42431640625
2025-08-04 04:00:00+00:00,575.0379638671875
2025-08-05 04:00:00+00:00,572.2723999023438
2025-08-06 04:00:00+00:00,576.5247802734375
2025-08-07 04:00:00+00:00,576.1777954101562
2025-08-08 04:00:00+00:00,580.5886840820312
2025-08-11 04:00:00+00:00,579.3992309570312
2025-08-12 04:00:00+00:00,585.5844116210938
2025-08-13 04:00:00+00:00,587.6262817382812
2025-08-14 04:00:00+00:00,587.6361694335938
2025-08-15 04:00:00+00:00,586.367431640625
2025-08-18 04:00:00+00:00,586.1593017578125
2025-08-19 04:00:00+00:00,582.9577026367188
2025-08-20 04:00:00+00:00,581.4213256835938
2025-08-21 04:00:00+00:00,579.1316528320312
2025-08-22 04:00:00+00:00,587.9929809570312
2025-08-25 04:00:00+00:00,585.5050659179688
2025-08-26 04:00:00+00:00,587.8442993164062
2025-08-27 04:00:00+00:00,589.1923828125
2025-08-28 04:00:00+00:00,591.27392578125
2025-08-29 04:00:00+00:00,587.8641357421875
2025-09-02 04:00:00+00:00,583.5325927734375
2025-09-03 04:00:00+00:00,586.5160522460938
2025-09-04 04:00:00+00:00,591.3433227539062
2025-09-05 04:00:00+00:00,589.7276611328125
2025-09-08 04:00:00+00:00,591.2540893554688
2025-09-09 04:00:00+00:00,592.6913452148438
2025-09-10 04:00:00+00:00,594.4060668945312
2025-09-11 04:00:00+00:00,599.2531127929688
2025-09-12 04:00:00+00:00,599.1242065429688
2025-09-15 04:00:00+00:00,602.24658203125
2025-09-16 04:00:00+00:00,601.4535522460938
2025-09-17 04:00:00+00:00,600.759765625
2025-09-18 04:00:00+00:00,603.5845947265625
2025-09-19 04:00:00+00:00,606.3997192382812
2025-09-22 04:00:00+00:00,609.3534545898438
2025-09-23 04:00:00+00:00,606.1618041992188
2025-09-24 04:00:00+00:00,604.1397094726562
2025-09-25 04:00:00+00:00,601.2553100585938
2025-09-26 04:00:00+00:00,604.7938842773438
2025-09-29 04:00:00+00:00,606.4937744140625
2025-09-30 04:00:00+00:00,608.7303466796875
2025-10-01 04:00:00+00:00,610.9072875976562
2025-10-02 04:00:00+00:00,611.583251953125
2025-10-03 04:00:00+00:00,611.6328735351562
2025-10-06 04:00:00+00:00,613.720458984375
2025-10-07 04:00:00+00:00,611.5335693359375
2025-10-08 04:00:00+00:00,615.082275390625
2025-10-09 04:00:00+00:00,613.4221801757812
2025-10-10 04:00:00+00:00,596.9310913085938
2025-10-13 04:00:00+00:00,605.9768676757812
2025-10-14 04:00:00+00:00,605.1219482421875
2025-10-15 04:00:00+00:00,607.7860107421875
2025-10-16 04:00:00+00:00,603.7700805664062
2025-10-17 04:00:00+00:00,607.1199951171875
2025-10-20 04:00:00+00:00,613.4917602539062
2025-10-21 04:00:00+00:00,613.4122924804688
2025-10-22 04:00:00+00:00,610.3108520507812
2025-10-23 04:00:00+00:00,613.7601928710938
2025-10-24 04:00:00+00:00,618.8397216796875
2025-10-27 04:00:00+00:00,626.245361328125
2025-10-28 04:00:00+00:00,627.9252319335938
2025-10-29 04:00:00+00:00,628.1837158203125
2025-10-30 04:00:00+00:00,621.513671875
2025-10-31 04:00:00+00:00,623.3029174804688
2025-11-03 05:00:00+00:00,624.5256958007812
2025-11-04 05:00:00+00:00,617.2890014648438
2025-11-05 05:00:00+00:00,619.1478881835938
2025-11-06 05:00:00+00:00,612.5673217773438
2025-11-07 05:00:00+00:00,613.2134399414062
2025-11-10 05:00:00+00:00,622.736328125
2025-11-11 05:00:00+00:00,624.167724609375
2025-11-12 05:00:00+00:00,624.4758911132812
2025-11-13 05:00:00+00:00,614.306884765625
2025-11-14 05:00:00+00:00,614.1478881835938
2025-11-17 05:00:00+00:00,608.392333984375
2025-11-18 05:00:00+00:00,603.3823852539062
2025-11-19 05:00:00+00:00,605.5692749023438
2025-11-20 05:00:00+00:00,596.3843383789062
2025-11-21 05:00:00+00:00,602.3187255859375
2025-11-24 05:00:00+00:00,611.2750854492188
2025-11-25 05:00:00+00:00,616.9609375
2025-11-26 05:00:00+00:00,621.2254638671875
2025-11-28 05:00:00+00:00,624.664794921875
2025-12-01 05:00:00+00:00,621.7920532226562
2025-12-02 05:00:00+00:00,622.845703125
2025-12-03 05:00:00+00:00,625.0226440429688
2025-12-04 05:00:00+00:00,625.5494995117188
2025-12-05 05:00:00+00:00,626.7224731445312
2025-12-08 05:00:00+00:00,624.8635864257812
2025-12-09 05:00:00+00:00,624.3566284179688
2025-12-10 05:00:00+00:00,628.3923950195312
2025-12-11 05:00:00+00:00,629.9332275390625
2025-12-12 05:00:00+00:00,623.1339721679688
2025-12-15 05:00:00+00:00,622.2294311523438
2025-12-16 05:00:00+00:00,620.4898681640625
2025-12-17 05:00:00+00:00,613.6707153320312
2025-12-18 05:00:00+00:00,618.3029174804688
2025-12-19 05:00:00+00:00,623.81982421875
2025-12-22 05:00:00+00:00,627.7484130859375
2025-12-23 05:00:00+00:00,630.67919921875
2025-12-24 05:00:00+00:00,632.7825927734375
2025-12-26 05:00:00+00:00,632.8424072265625
2025-12-29 05:00:00+00:00,630.6094360351562
2025-12-30 05:00:00+00:00,629.732177734375
2025-12-31 05:00:00+00:00,625.1566772460938
2026-01-02 05:00:00+00:00,626.3229370117188
2026-01-05 05:00:00+00:00,630.4699096679688
2026-01-06 05:00:00+00:00,634.2080688476562
2026-01-07 05:00:00+00:00,632.1744995117188
2026-01-08 05:00:00+00:00,632.0648193359375
2026-01-09 05:00:00+00:00,636.3014526367188
2026-01-12 05:00:00+00:00,637.3282470703125
2026-01-13 05:00:00+00:00,636.0223999023438
2026-01-14 05:00:00+00:00,632.9420776367188
2026-01-15 05:00:00+00:00,634.6167602539062
2026-01-16 05:00:00+00:00,634.0885009765625
2026-01-20 05:00:00+00:00,621.189208984375
2026-01-21 05:00:00+00:00,628.3067016601562
2026-01-22 05:00:00+00:00,631.5763549804688
2026-01-23 05:00:00+00:00,631.8355712890625
2026-01-26 05:00:00+00:00,635.0853271484375
2026-01-27 05:00:00+00:00,637.6870727539062
2026-01-28 05:00:00+00:00,637.58740234375
2026-01-29 05:00:00+00:00,636.2615966796875
2026-01-30 05:00:00+00:00,634.218017578125
2026-02-02 05:00:00+00:00,637.6671142578125
2026-02-03 05:00:00+00:00,632.1546020507812
2026-02-04 05:00:00+00:00,628.9247436523438
2026-02-05 05:00:00+00:00,621.1392822265625
2026-02-06 05:00:00+00:00,633.2410888671875
2026-02-09 05:00:00+00:00,636.2216796875
2026-02-10 05:00:00+00:00,634.4373779296875
2026-02-11 05:00:00+00:00,634.3475952148438
2026-02-12 05:00:00+00:00,624.5186767578125
2026-02-13 05:00:00+00:00,624.9174194335938
2026-02-17 05:00:00+00:00,626.013916015625
2026-02-18 05:00:00+00:00,629.1640014648438
2026-02-19 05:00:00+00:00,627.5491333007812
2026-02-20 05:00:00+00:00,632.0249633789062
2026-02-23 05:00:00+00:00,625.6550903320312
2026-02-24 05:00:00+00:00,630.220703125
2026-02-25 05:00:00+00:00,635.52392578125
2026-02-26 05:00:00+00:00,631.9552001953125
2026-02-27 05:00:00+00:00,629.0543212890625
2026-03-02 05:00:00+00:00,629.2936401367188
2026-03-03 05:00:00+00:00,623.7510375976562
2026-03-04 05:00:00+00:00,628.197021484375
2026-03-05 05:00:00+00:00,624.837646484375
2026-03-06 05:00:00+00:00,616.4840087890625
2026-03-09 04:00:00+00:00,621.8370971679688
2026-03-10 04:00:00+00:00,620.760498046875
2026-03-11 04:00:00+00:00,620.0726928710938
2026-03-12 04:00:00+00:00,610.5726928710938
2026-03-13 04:00:00+00:00,607.1734619140625
2026-03-16 04:00:00+00:00,613.2542114257812
2026-03-17 04:00:00+00:00,614.9488525390625
2026-03-18 04:00:00+00:00,606.4656372070312
2026-03-19 04:00:00+00:00,604.8407592773438
2026-03-20 04:00:00+00:00,596.0584716796875
2026-03-23 04:00:00+00:00,602.528076171875
2026-03-24 04:00:00+00:00,600.4844970703125
2026-03-25 04:00:00+00:00,603.754150390625
2026-03-26 04:00:00+00:00,593.0479736328125
2026-03-27 04:00:00+00:00,582.9600219726562
2026-03-30 04:00:00+00:00,580.9299926757812
2026-03-31 04:00:00+00:00,597.5499877929688
2026-04-01 04:00:00+00:00,602.2999877929688
2026-04-02 04:00:00+00:00,602.989990234375
2026-04-06 04:00:00+00:00,605.6699829101562
2026-04-07 04:00:00+00:00,606.0399780273438
2026-04-08 04:00:00+00:00,621.3400268554688
2026-04-09 04:00:00+00:00,625.02001953125
2026-04-10 04:00:00+00:00,624.5999755859375
2026-04-13 04:00:00+00:00,630.719970703125
2026-04-14 04:00:00+00:00,638.3499755859375
2026-04-15 04:00:00+00:00,643.4500122070312
2026-04-16 04:00:00+00:00,644.8599853515625
2026-04-17 04:00:00+00:00,652.780029296875
2026-04-20 04:00:00+00:00,651.5399780273438
2026-04-21 04:00:00+00:00,647.25
2026-04-22 04:00:00+00:00,653.9000244140625
2026-04-23 04:00:00+00:00,651.260009765625
2026-04-24 04:00:00+00:00,656.4199829101562
2026-04-27 04:00:00+00:00,657.5
2026-04-28 04:00:00+00:00,654.260009765625
2026-04-29 04:00:00+00:00,654.239990234375
2026-04-30 04:00:00+00:00,660.5800170898438
2026-05-01 04:00:00+00:00,662.52001953125
2026-05-04 04:00:00+00:00,660.1199951171875
2026-05-05 04:00:00+00:00,665.2999877929688
2026-05-06 04:00:00+00:00,674.6599731445312
2026-05-07 04:00:00+00:00,672.5399780273438
2026-05-08 04:00:00+00:00,678.0399780273438
2026-05-11 04:00:00+00:00,679.52001953125
2026-05-12 04:00:00+00:00,678.6699829101562
2026-05-13 04:00:00+00:00,682.4099731445312
2026-05-14 04:00:00+00:00,687.72998046875
2026-05-15 04:00:00+00:00,679.4400024414062
2026-05-18 04:00:00+00:00,678.9099731445312
2026-05-19 04:00:00+00:00,674.5900268554688
2026-05-20 04:00:00+00:00,681.5700073242188
2026-05-21 04:00:00+00:00,682.8400268554688
2026-05-22 04:00:00+00:00,685.5499877929688
2026-05-26 04:00:00+00:00,690.010009765625
2026-05-27 04:00:00+00:00,689.9600219726562
2026-05-28 04:00:00+00:00,693.9099731445312
