signal_time,entry_time,exit_time,gross_return,net_return,round_trip_cost,weight_BTC,weight_ETH,weight_SOL,weight_BNB,weight_XRP,weight_ADA,weight_AVAX,weight_DOT,weight_LINK
2023-01-27 22:00:00+00:00,2023-01-28 00:00:00+00:00,2023-01-29 00:00:00+00:00,0.005643002554889892,0.004378488985771395,0.0012645135691184972,0.0,0.25,0.25,0.0,0.0,0.0,-0.25,0.0,-0.25
2023-02-02 02:00:00+00:00,2023-02-02 04:00:00+00:00,2023-02-03 04:00:00+00:00,0.014959867027169282,0.013664349863559293,0.0012955171636099896,0.0,0.0,-0.25,0.25,0.25,0.0,-0.25,0.0,0.0
2023-02-09 08:00:00+00:00,2023-02-09 10:00:00+00:00,2023-02-10 10:00:00+00:00,0.003006830895289414,0.001542079804701788,0.001464751090587626,0.0,0.0,0.25,0.0,0.0,0.0,0.25,-0.25,-0.25
2023-02-10 08:00:00+00:00,2023-02-10 10:00:00+00:00,2023-02-11 10:00:00+00:00,0.0004516902517199828,-0.0008652640049515335,0.0013169542566715162,-0.25,0.0,0.0,0.0,-0.25,0.0,0.0,0.25,0.25
2023-02-12 18:00:00+00:00,2023-02-12 20:00:00+00:00,2023-02-13 20:00:00+00:00,0.010330846723403952,0.009031291222101865,0.0012995555013020875,0.0,0.0,-0.25,0.0,0.25,0.0,-0.25,0.0,0.25
2023-02-14 16:00:00+00:00,2023-02-14 18:00:00+00:00,2023-02-15 18:00:00+00:00,0.0006499552669052,-0.0007635023599473019,0.0014134576268525019,0.0,0.0,-0.25,0.0,0.25,-0.25,0.0,0.0,0.25
2023-02-16 07:00:00+00:00,2023-02-16 09:00:00+00:00,2023-02-17 09:00:00+00:00,0.004742498318573457,0.003319736822324463,0.001422761496248994,-0.25,0.0,0.0,0.0,0.25,0.25,-0.25,0.0,0.0
2023-02-17 13:00:00+00:00,2023-02-17 15:00:00+00:00,2023-02-18 15:00:00+00:00,-0.031249888862643682,-0.03257975127689742,0.0013298624142537366,0.25,0.0,0.25,0.0,0.0,0.0,0.0,-0.25,-0.25
2023-02-19 07:00:00+00:00,2023-02-19 09:00:00+00:00,2023-02-20 09:00:00+00:00,-0.0011183025026589855,-0.002507404896560329,0.0013891023939013435,0.0,0.0,0.0,0.25,0.25,0.0,0.0,-0.25,-0.25
2023-02-20 18:00:00+00:00,2023-02-20 20:00:00+00:00,2023-02-21 20:00:00+00:00,0.0012679715444171291,-0.00019274120847839944,0.0014607127528955286,0.0,0.0,-0.25,0.25,0.0,0.0,-0.25,0.25,0.0
2023-02-22 03:00:00+00:00,2023-02-22 05:00:00+00:00,2023-02-23 05:00:00+00:00,0.01701593118118805,0.01571637567988596,0.0012995555013020875,0.0,0.0,0.25,0.0,-0.25,0.0,-0.25,0.0,0.25
2023-02-23 12:00:00+00:00,2023-02-23 14:00:00+00:00,2023-02-24 14:00:00+00:00,0.009260652559079624,0.007845299800507473,0.0014153527585721512,0.25,0.0,0.0,0.0,0.0,0.0,0.25,-0.25,-0.25
2023-03-08 07:00:00+00:00,2023-03-08 09:00:00+00:00,2023-03-09 09:00:00+00:00,-0.025316901281371124,-0.026679215532366015,0.0013623142509948914,0.0,0.0,0.25,-0.25,-0.25,0.0,0.0,0.25,0.0
2023-03-10 22:00:00+00:00,2023-03-11 00:00:00+00:00,2023-03-12 00:00:00+00:00,0.004043484104289563,0.0027533179905244974,0.0012901661137650657,0.25,0.0,-0.25,0.0,0.25,0.0,0.0,-0.25,0.0
2023-03-12 21:00:00+00:00,2023-03-12 23:00:00+00:00,2023-03-13 23:00:00+00:00,0.010833225063103802,0.009537707899493812,0.0012955171636099896,0.0,0.0,-0.25,0.25,0.25,0.0,-0.25,0.0,0.0
2023-03-15 15:00:00+00:00,2023-03-15 17:00:00+00:00,2023-03-16 17:00:00+00:00,-0.012237792131805425,-0.013610721246532575,0.0013729291147271498,-0.25,0.0,0.25,-0.25,0.0,0.25,0.0,0.0,0.0
2023-03-17 22:00:00+00:00,2023-03-18 00:00:00+00:00,2023-03-19 00:00:00+00:00,0.004135745257071888,0.0028896264254773727,0.001246118831594515,-0.25,0.0,0.0,0.25,0.25,0.0,-0.25,0.0,0.0
2023-03-20 08:00:00+00:00,2023-03-20 10:00:00+00:00,2023-03-21 10:00:00+00:00,-0.0022090255130927383,-0.003464149694674215,0.0012551241815814767,-0.25,0.25,-0.25,0.0,0.0,0.0,0.0,0.25,0.0
2023-03-21 13:00:00+00:00,2023-03-21 15:00:00+00:00,2023-03-22 15:00:00+00:00,-0.029384281629780795,-0.03092323854543017,0.0015389569156493733,0.0,0.0,0.25,0.0,-0.25,-0.25,0.0,0.25,0.0
2023-03-22 19:00:00+00:00,2023-03-22 21:00:00+00:00,2023-03-23 21:00:00+00:00,-0.0034677665005651837,-0.004881224127417686,0.001413457626852502,0.0,0.0,0.25,0.0,0.25,-0.25,0.0,0.0,-0.25
2023-03-25 04:00:00+00:00,2023-03-25 06:00:00+00:00,2023-03-26 06:00:00+00:00,0.0011305354309622817,-0.0002829221958902202,0.0014134576268525019,0.0,0.0,0.25,0.0,-0.25,-0.25,0.0,0.0,0.25
2023-03-27 13:00:00+00:00,2023-03-27 15:00:00+00:00,2023-03-28 15:00:00+00:00,-0.010826235882453683,-0.012121753046063673,0.0012955171636099896,0.0,0.0,0.25,-0.25,-0.25,0.0,0.25,0.0,0.0
2023-03-28 14:00:00+00:00,2023-03-28 16:00:00+00:00,2023-03-29 16:00:00+00:00,-0.0194014400420483,-0.020837647474115158,0.0014362074320668564,0.0,0.0,0.0,0.25,-0.25,-0.25,0.0,0.0,0.25
2023-03-31 17:00:00+00:00,2023-03-31 19:00:00+00:00,2023-04-01 19:00:00+00:00,-0.003310958790348234,-0.004747166222415089,0.0014362074320668546,0.0,0.0,0.0,0.25,0.25,-0.25,0.0,0.0,-0.25
2023-04-11 14:00:00+00:00,2023-04-11 16:00:00+00:00,2023-04-12 16:00:00+00:00,-0.004622662578479264,-0.005752287471263871,0.0011296248927846067,-0.25,0.25,-0.25,0.0,0.0,0.0,0.0,0.0,0.25
2023-04-14 02:00:00+00:00,2023-04-14 04:00:00+00:00,2023-04-15 04:00:00+00:00,-0.00040799974503399894,-0.001697320807198768,0.0012893210621647692,0.25,-0.25,0.0,0.0,0.25,-0.25,0.0,0.0,0.0
2023-04-16 21:00:00+00:00,2023-04-16 23:00:00+00:00,2023-04-17 23:00:00+00:00,-0.01296102566797136,-0.014396695321802573,0.0014356696538312137,0.25,0.0,-0.25,0.0,0.0,0.25,-0.25,0.0,0.0
2023-04-18 11:00:00+00:00,2023-04-18 13:00:00+00:00,2023-04-19 13:00:00+00:00,0.01555366409478437,0.014019058160816878,0.0015346059339674915,0.0,0.0,0.0,0.25,0.0,0.25,-0.25,0.0,-0.25
2023-04-21 19:00:00+00:00,2023-04-21 21:00:00+00:00,2023-04-22 21:00:00+00:00,-0.004965594356734937,-0.006300807820833596,0.0013352134640986588,0.0,0.0,-0.25,-0.25,0.0,0.0,0.25,0.0,0.25
2023-04-28 09:00:00+00:00,2023-04-28 11:00:00+00:00,2023-04-29 11:00:00+00:00,-0.005952945328065007,-0.0073152595790599,0.0013623142509948932,0.0,0.0,-0.25,0.25,-0.25,0.0,0.0,0.25,0.0
2023-04-30 21:00:00+00:00,2023-04-30 23:00:00+00:00,2023-05-01 23:00:00+00:00,0.0003521538377034006,-0.0010004583817646876,0.0013526122194680882,-0.25,0.0,0.0,-0.25,0.0,0.0,0.0,0.25,0.25
2023-05-08 17:00:00+00:00,2023-05-08 19:00:00+00:00,2023-05-09 19:00:00+00:00,-0.0002817183407164692,-0.0014437950702422336,0.0011620767295257644,0.0,-0.25,0.25,-0.25,0.25,0.0,0.0,0.0,0.0
2023-05-12 12:00:00+00:00,2023-05-12 14:00:00+00:00,2023-05-13 14:00:00+00:00,0.009313962463482706,0.008024641401317936,0.0012893210621647694,0.25,0.25,0.0,0.0,-0.25,-0.25,0.0,0.0,0.0
2023-05-17 00:00:00+00:00,2023-05-17 02:00:00+00:00,2023-05-18 02:00:00+00:00,0.009422046739017365,0.008197229470387537,0.001224817268629828,0.0,-0.25,0.25,0.0,-0.25,0.0,0.25,0.0,0.0
2023-05-18 16:00:00+00:00,2023-05-18 18:00:00+00:00,2023-05-19 18:00:00+00:00,-0.005661518206467431,-0.007086572996566388,0.001425054790098957,0.0,0.0,0.25,0.0,-0.25,0.0,0.25,-0.25,0.0
2023-05-27 22:00:00+00:00,2023-05-28 00:00:00+00:00,2023-05-29 00:00:00+00:00,0.003717574924883782,0.002390302606072478,0.0013272723188113037,0.0,0.25,-0.25,0.25,0.0,0.0,0.0,-0.25,0.0
2023-05-29 22:00:00+00:00,2023-05-30 00:00:00+00:00,2023-05-31 00:00:00+00:00,-0.004500752506819611,-0.0058003080081216974,0.0012995555013020866,0.0,0.0,0.25,0.0,-0.25,0.0,0.25,0.0,-0.25
2023-05-31 10:00:00+00:00,2023-05-31 12:00:00+00:00,2023-06-01 12:00:00+00:00,0.0021392376894738274,0.0006873947564684205,0.001451842933005407,0.0,0.0,0.0,0.0,-0.25,0.0,0.25,0.25,-0.25
2023-06-04 15:00:00+00:00,2023-06-04 17:00:00+00:00,2023-06-05 17:00:00+00:00,0.002434826706565807,0.0012741982192897084,0.0011606284872760985,0.25,0.0,-0.25,0.25,-0.25,0.0,0.0,0.0,0.0
2023-06-05 15:00:00+00:00,2023-06-05 17:00:00+00:00,2023-06-06 17:00:00+00:00,-0.009779457669029712,-0.010905044224122222,0.0011255865550925098,-0.25,-0.25,0.25,0.25,0.0,0.0,0.0,0.0,0.0
2023-06-06 20:00:00+00:00,2023-06-06 22:00:00+00:00,2023-06-07 22:00:00+00:00,-0.02612964584430627,-0.027565315498137483,0.001435669653831212,-0.25,0.0,0.25,0.0,0.0,0.25,-0.25,0.0,0.0
2023-06-08 14:00:00+00:00,2023-06-08 16:00:00+00:00,2023-06-09 16:00:00+00:00,0.0028273583181834816,0.0015683313290067475,0.0012590269891767341,-0.25,0.0,0.25,-0.25,0.0,0.0,0.25,0.0,0.0
2023-06-11 16:00:00+00:00,2023-06-11 18:00:00+00:00,2023-06-12 18:00:00+00:00,-0.014884562029171405,-0.016246031228566,0.0013614691993945952,0.0,0.25,0.0,0.25,-0.25,-0.25,0.0,0.0,0.0
2023-06-12 18:00:00+00:00,2023-06-12 20:00:00+00:00,2023-06-13 20:00:00+00:00,0.005590681534082931,0.004016066655636987,0.0015746148784459438,0.0,0.0,0.25,0.25,0.0,-0.25,0.0,-0.25,0.0
2023-06-13 20:00:00+00:00,2023-06-13 22:00:00+00:00,2023-06-14 22:00:00+00:00,-0.01428636318844928,-0.015860978066895223,0.001574614878445943,0.0,0.0,0.25,-0.25,0.0,0.25,0.0,-0.25,0.0
2023-06-15 02:00:00+00:00,2023-06-15 04:00:00+00:00,2023-06-16 04:00:00+00:00,0.01356216885992817,0.011996423801372348,0.001565745058555822,0.0,0.0,0.0,0.0,0.25,0.25,0.0,-0.25,-0.25
2023-06-17 05:00:00+00:00,2023-06-17 07:00:00+00:00,2023-06-18 07:00:00+00:00,0.0018581575966473973,0.0006920425294295355,0.0011661150672178618,0.0,-0.25,-0.25,0.0,0.25,0.0,0.0,0.0,0.25
2023-06-20 21:00:00+00:00,2023-06-20 23:00:00+00:00,2023-06-21 23:00:00+00:00,-0.024972483072750074,-0.02621860190434459,0.0012461188315945164,-0.25,0.0,0.0,0.25,0.25,0.0,-0.25,0.0,0.0
2023-06-22 07:00:00+00:00,2023-06-22 09:00:00+00:00,2023-06-23 09:00:00+00:00,-0.016351524055009586,-0.017787731487076443,0.0014362074320668564,0.0,0.0,0.0,0.25,0.25,-0.25,0.0,0.0,-0.25
2023-06-23 13:00:00+00:00,2023-06-23 15:00:00+00:00,2023-06-24 15:00:00+00:00,-1.8514119493051595e-05,-0.0013848667081800417,0.0013663525886869901,0.0,0.0,0.25,0.0,0.25,0.0,0.0,-0.25,-0.25
2023-06-29 09:00:00+00:00,2023-06-29 11:00:00+00:00,2023-06-30 11:00:00+00:00,0.002479043241847223,0.0012159779149783915,0.0012630653268688315,-0.25,0.0,-0.25,0.0,0.0,0.0,0.25,0.0,0.25
2023-06-30 12:00:00+00:00,2023-06-30 14:00:00+00:00,2023-07-01 14:00:00+00:00,-0.00823273593891205,-0.009570007090842627,0.0013372711519305767,0.25,0.0,-0.25,0.0,0.25,-0.25,0.0,0.0,0.0
2023-07-01 12:00:00+00:00,2023-07-01 14:00:00+00:00,2023-07-02 14:00:00+00:00,0.009148293982286337,0.007573679103840394,0.0015746148784459438,0.0,0.0,0.25,-0.25,0.0,0.25,0.0,-0.25,0.0
2023-07-03 03:00:00+00:00,2023-07-03 05:00:00+00:00,2023-07-04 05:00:00+00:00,0.010890812546114431,0.00951515608803095,0.001375656458083482,0.25,0.0,0.0,0.0,0.25,0.0,-0.25,-0.25,0.0
2023-07-06 10:00:00+00:00,2023-07-06 12:00:00+00:00,2023-07-07 12:00:00+00:00,-0.011015177275052468,-0.012239994543682296,0.001224817268629828,0.0,0.25,-0.25,0.0,0.25,0.0,-0.25,0.0,0.0
2023-07-07 12:00:00+00:00,2023-07-07 14:00:00+00:00,2023-07-08 14:00:00+00:00,-0.029108570234550823,-0.030369045465977223,0.0012604752314263994,0.0,0.25,-0.25,0.25,0.0,0.0,-0.25,0.0,0.0
2023-07-09 02:00:00+00:00,2023-07-09 04:00:00+00:00,2023-07-10 04:00:00+00:00,0.008522167836102323,0.006884812418552316,0.0016373554175500077,0.0,0.0,0.25,0.0,0.0,-0.25,-0.25,0.25,0.0
2023-07-10 09:00:00+00:00,2023-07-10 11:00:00+00:00,2023-07-11 11:00:00+00:00,0.01094593407205513,0.00965041690844514,0.0012955171636099896,0.0,0.0,0.25,-0.25,-0.25,0.0,0.25,0.0,0.0
2023-07-13 15:00:00+00:00,2023-07-13 17:00:00+00:00,2023-07-14 17:00:00+00:00,-0.07037780644309433,-0.07146773503539026,0.0010899285922959384,0.25,0.25,-0.25,0.0,-0.25,0.0,0.0,0.0,0.0
2023-07-15 02:00:00+00:00,2023-07-15 04:00:00+00:00,2023-07-16 04:00:00+00:00,-0.00749975002021111,-0.009124197280178898,0.001624447259967788,0.0,0.0,0.0,0.0,0.25,0.25,-0.25,-0.25,0.0
2023-07-16 11:00:00+00:00,2023-07-16 13:00:00+00:00,2023-07-17 13:00:00+00:00,-0.01042075240873086,-0.011644121435111022,0.0012233690263801621,-0.25,0.0,0.25,0.0,-0.25,0.0,0.25,0.0,0.0
2023-07-17 17:00:00+00:00,2023-07-17 19:00:00+00:00,2023-07-18 19:00:00+00:00,0.0017816296455847036,0.0006169628206165077,0.001164666824968196,-0.25,0.0,0.25,0.0,0.25,0.0,0.0,0.0,-0.25
2023-07-18 22:00:00+00:00,2023-07-19 00:00:00+00:00,2023-07-20 00:00:00+00:00,-0.0017341552544802574,-0.0029589725231100854,0.001224817268629828,0.0,-0.25,0.25,0.0,-0.25,0.0,0.25,0.0,0.0
2023-07-20 08:00:00+00:00,2023-07-20 10:00:00+00:00,2023-07-21 10:00:00+00:00,0.005323467348262861,0.0042067506130604735,0.001116716735202388,0.25,0.25,0.0,0.0,-0.25,0.0,0.0,0.0,-0.25
2023-07-26 19:00:00+00:00,2023-07-26 21:00:00+00:00,2023-07-27 21:00:00+00:00,-0.009422015029898034,-0.010685080356766866,0.0012630653268688313,0.25,0.0,-0.25,0.0,0.0,0.0,0.25,0.0,-0.25
2023-08-16 07:00:00+00:00,2023-08-16 09:00:00+00:00,2023-08-17 09:00:00+00:00,-0.0007000735237592537,-0.0018296984165438604,0.0011296248927846067,-0.25,-0.25,0.25,0.0,0.0,0.0,0.0,0.0,0.25
2023-08-17 20:00:00+00:00,2023-08-17 22:00:00+00:00,2023-08-18 22:00:00+00:00,-0.006444865643095515,-0.0076999898246769925,0.001255124181581477,0.25,0.25,-0.25,0.0,0.0,0.0,0.0,-0.25,0.0
2023-08-19 02:00:00+00:00,2023-08-19 04:00:00+00:00,2023-08-20 04:00:00+00:00,-0.004288208132348481,-0.0055304241563477385,0.0012422160239992574,0.25,0.25,0.0,0.0,-0.25,0.0,0.0,-0.25,0.0
2023-08-20 09:00:00+00:00,2023-08-20 11:00:00+00:00,2023-08-21 11:00:00+00:00,0.002581409187398853,0.0011452017553319983,0.0014362074320668548,0.0,0.0,0.0,0.25,-0.25,-0.25,0.0,0.0,0.25
2023-08-21 10:00:00+00:00,2023-08-21 12:00:00+00:00,2023-08-22 12:00:00+00:00,-0.006469533666034283,-0.00755946225833022,0.0010899285922959375,-0.25,-0.25,0.25,0.0,0.25,0.0,0.0,0.0,0.0
2023-08-24 00:00:00+00:00,2023-08-24 02:00:00+00:00,2023-08-25 02:00:00+00:00,0.006585686562032372,0.005176267272871968,0.0014094192891604043,0.0,0.0,-0.25,0.25,0.25,-0.25,0.0,0.0,0.0
2023-08-25 00:00:00+00:00,2023-08-25 02:00:00+00:00,2023-08-26 02:00:00+00:00,-0.0068205482587001265,-0.008020873046464894,0.0012003247877647675,-0.25,0.0,0.25,-0.25,0.0,0.0,0.0,0.0,0.25
2023-08-26 01:00:00+00:00,2023-08-26 03:00:00+00:00,2023-08-27 03:00:00+00:00,-0.0024340568751229363,-0.003973013790772308,0.0015389569156493716,0.0,0.0,0.25,0.0,-0.25,0.25,0.0,-0.25,0.0
2023-08-29 01:00:00+00:00,2023-08-29 03:00:00+00:00,2023-08-30 03:00:00+00:00,0.012213222490452758,0.010837566032369276,0.001375656458083482,0.25,0.0,0.0,0.0,0.25,0.0,-0.25,-0.25,0.0
2023-09-01 01:00:00+00:00,2023-09-01 03:00:00+00:00,2023-09-02 03:00:00+00:00,-0.004065426636406827,-0.005418038855874915,0.0013526122194680882,0.25,0.0,0.0,-0.25,0.0,0.0,0.0,0.25,-0.25
2023-09-05 15:00:00+00:00,2023-09-05 17:00:00+00:00,2023-09-06 17:00:00+00:00,0.004948615138491291,0.003783948313523095,0.0011646668249681962,0.25,0.0,-0.25,0.0,0.25,0.0,0.0,0.0,-0.25
2023-09-06 15:00:00+00:00,2023-09-06 17:00:00+00:00,2023-09-07 17:00:00+00:00,-2.2588299225578812e-05,-0.0014873393898132048,0.001464751090587626,0.0,0.0,0.25,0.0,0.0,0.0,-0.25,0.25,-0.25
2023-09-10 04:00:00+00:00,2023-09-10 06:00:00+00:00,2023-09-11 06:00:00+00:00,0.0009622090318115173,-0.00022611806238505565,0.001188327094196573,-0.25,-0.25,0.25,0.0,0.0,0.0,0.25,0.0,0.0
2023-09-14 03:00:00+00:00,2023-09-14 05:00:00+00:00,2023-09-15 05:00:00+00:00,-0.0010360339206639257,-0.0023633062394752295,0.0013272723188113037,0.0,-0.25,-0.25,0.25,0.0,0.0,0.0,0.25,0.0
2023-09-18 03:00:00+00:00,2023-09-18 05:00:00+00:00,2023-09-19 05:00:00+00:00,-0.008451103790371617,-0.009938604686173596,0.0014875008958019787,0.0,0.0,0.0,-0.25,0.0,0.0,0.25,0.25,-0.25
2023-09-19 08:00:00+00:00,2023-09-19 10:00:00+00:00,2023-09-20 10:00:00+00:00,-0.004476684028094674,-0.005807994684598075,0.0013313106565034007,0.0,0.25,-0.25,0.0,0.0,0.0,0.0,0.25,-0.25
2023-09-20 21:00:00+00:00,2023-09-20 23:00:00+00:00,2023-09-21 23:00:00+00:00,0.005025722478560507,0.003553562650296039,0.001472159828264468,0.0,0.0,-0.25,0.0,-0.25,0.25,0.25,0.0,0.0
2023-09-23 00:00:00+00:00,2023-09-23 02:00:00+00:00,2023-09-24 02:00:00+00:00,-0.0021942826983804564,-0.0035583419932174844,0.001364059294837028,0.25,0.0,0.0,0.0,-0.25,0.25,0.0,0.0,-0.25
2023-09-25 11:00:00+00:00,2023-09-25 13:00:00+00:00,2023-09-26 13:00:00+00:00,0.0017937376436805985,0.0006290708187124026,0.001164666824968196,0.25,0.0,-0.25,0.0,0.25,0.0,0.0,0.0,-0.25
2023-09-27 13:00:00+00:00,2023-09-27 15:00:00+00:00,2023-09-28 15:00:00+00:00,-0.005848251418598849,-0.0072266671132677615,0.0013784156946689127,0.0,-0.25,0.25,0.0,0.0,0.25,0.0,0.0,-0.25
2023-09-29 07:00:00+00:00,2023-09-29 09:00:00+00:00,2023-09-30 09:00:00+00:00,0.006014531226834735,0.004812758196820302,0.0012017730300144334,0.0,-0.25,-0.25,0.25,0.0,0.0,0.0,0.0,0.25
2023-10-03 23:00:00+00:00,2023-10-04 01:00:00+00:00,2023-10-05 01:00:00+00:00,-0.015303421728630695,-0.016755264661636102,0.0014518429330054074,0.0,0.0,0.0,0.0,-0.25,0.0,-0.25,0.25,0.25
2023-10-05 09:00:00+00:00,2023-10-05 11:00:00+00:00,2023-10-06 11:00:00+00:00,-0.007083180790213667,-0.008382736291515754,0.0012995555013020875,0.0,0.0,0.25,0.0,0.25,0.0,-0.25,0.0,-0.25
2023-10-06 12:00:00+00:00,2023-10-06 14:00:00+00:00,2023-10-07 14:00:00+00:00,0.01717761410440624,0.015665757975653102,0.001511856128753139,0.0,0.0,0.25,0.0,0.0,-0.25,-0.25,0.0,0.25
2023-10-08 04:00:00+00:00,2023-10-08 06:00:00+00:00,2023-10-09 06:00:00+00:00,-0.009762819981075976,-0.011025885307944808,0.0012630653268688313,-0.25,0.0,0.25,0.0,0.0,0.0,0.25,0.0,-0.25
2023-10-09 20:00:00+00:00,2023-10-09 22:00:00+00:00,2023-10-10 22:00:00+00:00,0.004287757382957447,0.002825299586219783,0.0014624577967376636,-0.25,0.0,0.0,0.0,0.0,-0.25,0.25,0.0,0.25
2023-10-16 13:00:00+00:00,2023-10-16 15:00:00+00:00,2023-10-17 15:00:00+00:00,-0.013653384736275559,-0.014908508917857036,0.001255124181581477,-0.25,0.25,-0.25,0.0,0.0,0.0,0.0,0.25,0.0
2023-10-19 16:00:00+00:00,2023-10-19 18:00:00+00:00,2023-10-20 18:00:00+00:00,-0.02077045043384179,-0.02209627451040343,0.0013258240765616387,-0.25,0.0,-0.25,0.25,0.0,0.0,0.0,0.25,0.0
2023-10-20 22:00:00+00:00,2023-10-21 00:00:00+00:00,2023-10-22 00:00:00+00:00,-0.05175156660364849,-0.05308678006774715,0.001335213464098657,0.0,0.0,-0.25,0.25,0.0,0.0,0.25,0.0,-0.25
2023-10-22 16:00:00+00:00,2023-10-22 18:00:00+00:00,2023-10-23 18:00:00+00:00,0.005396940992830168,0.003932189902242542,0.0014647510905876262,0.0,0.0,0.25,0.0,0.0,0.0,-0.25,0.25,-0.25
2023-10-23 18:00:00+00:00,2023-10-23 20:00:00+00:00,2023-10-24 20:00:00+00:00,0.020363933048434896,0.01891209011542949,0.0014518429330054074,0.0,0.0,0.0,0.0,0.25,0.0,0.25,-0.25,-0.25
2023-10-24 22:00:00+00:00,2023-10-25 00:00:00+00:00,2023-10-26 00:00:00+00:00,0.0327479194536176,0.03158325262864941,0.0011646668249681927,-0.25,0.0,0.25,0.0,-0.25,0.0,0.0,0.0,0.25
2023-10-26 04:00:00+00:00,2023-10-26 06:00:00+00:00,2023-10-27 06:00:00+00:00,0.0026358330230368543,0.0013006195589381957,0.0013352134640986586,0.0,0.0,-0.25,0.25,0.0,0.0,-0.25,0.0,0.25
2023-10-27 17:00:00+00:00,2023-10-27 19:00:00+00:00,2023-10-28 19:00:00+00:00,0.0035450430835505253,0.002178690494863535,0.0013663525886869901,0.0,0.0,-0.25,0.0,0.25,0.0,0.0,0.25,-0.25
2023-10-31 00:00:00+00:00,2023-10-31 02:00:00+00:00,2023-11-01 02:00:00+00:00,-0.013805965571366569,-0.015131789647928207,0.0013258240765616387,0.25,0.0,-0.25,0.25,0.0,0.0,0.0,-0.25,0.0
2023-11-02 00:00:00+00:00,2023-11-02 02:00:00+00:00,2023-11-03 02:00:00+00:00,0.014500363625554819,0.01316515016145616,0.0013352134640986588,0.0,0.0,-0.25,0.25,0.0,0.0,-0.25,0.0,0.25
2023-11-03 13:00:00+00:00,2023-11-03 15:00:00+00:00,2023-11-04 15:00:00+00:00,0.013148610838744745,0.011511255421194739,0.0016373554175500068,0.0,0.0,0.25,0.0,0.0,-0.25,-0.25,0.25,0.0
2023-11-05 23:00:00+00:00,2023-11-06 01:00:00+00:00,2023-11-07 01:00:00+00:00,-0.011747596122527348,-0.012912262947495545,0.0011646668249681962,0.25,0.0,0.25,0.0,-0.25,0.0,0.0,0.0,-0.25
2023-11-07 16:00:00+00:00,2023-11-07 18:00:00+00:00,2023-11-08 18:00:00+00:00,-0.0014751473403913085,-0.0028886049672438106,0.001413457626852502,0.0,0.0,-0.25,0.0,0.25,0.25,0.0,0.0,-0.25
2023-11-08 19:00:00+00:00,2023-11-08 21:00:00+00:00,2023-11-09 21:00:00+00:00,0.01878242181848383,0.017380411267000268,0.0014020105514835624,0.0,0.0,0.25,0.25,0.0,0.0,0.0,-0.25,-0.25
2023-11-11 12:00:00+00:00,2023-11-11 14:00:00+00:00,2023-11-12 14:00:00+00:00,-0.06048242243213495,-0.06174289766356135,0.0012604752314264028,0.0,0.25,-0.25,0.25,0.0,0.0,-0.25,0.0,0.0
2023-11-13 20:00:00+00:00,2023-11-13 22:00:00+00:00,2023-11-14 22:00:00+00:00,0.025514305325823272,0.024262699914286992,0.0012516054115362801,0.0,-0.25,0.0,0.0,-0.25,0.0,0.25,0.0,0.25
2023-11-14 20:00:00+00:00,2023-11-14 22:00:00+00:00,2023-11-15 22:00:00+00:00,-0.06976262635612185,-0.07098744362475168,0.0012248172686298298,0.0,0.25,-0.25,0.0,0.25,0.0,-0.25,0.0,0.0
2023-11-16 21:00:00+00:00,2023-11-16 23:00:00+00:00,2023-11-17 23:00:00+00:00,0.002023701705426567,0.0005118455766734294,0.0015118561287531377,0.0,0.0,0.25,0.0,0.0,-0.25,-0.25,0.0,0.25
2023-11-21 00:00:00+00:00,2023-11-21 02:00:00+00:00,2023-11-22 02:00:00+00:00,0.011790616968850087,0.010530141737423688,0.0012604752314263994,0.0,-0.25,0.25,-0.25,0.0,0.0,0.25,0.0,0.0
2023-11-22 15:00:00+00:00,2023-11-22 17:00:00+00:00,2023-11-23 17:00:00+00:00,0.004530609945086694,0.0032433465707538437,0.0012872633743328506,0.0,-0.25,0.0,0.25,0.0,0.0,0.25,0.0,-0.25
2023-12-06 00:00:00+00:00,2023-12-06 02:00:00+00:00,2023-12-07 02:00:00+00:00,0.003769578676219465,0.00252345984462495,0.001246118831594515,-0.25,0.0,0.0,0.25,0.25,0.0,-0.25,0.0,0.0
2023-12-08 06:00:00+00:00,2023-12-08 08:00:00+00:00,2023-12-09 08:00:00+00:00,-0.07227544049542,-0.07361271164735059,0.0013372711519305802,0.25,0.0,-0.25,0.0,0.25,-0.25,0.0,0.0,0.0
2023-12-09 18:00:00+00:00,2023-12-09 20:00:00+00:00,2023-12-10 20:00:00+00:00,-0.03526427056498718,-0.036726728361724845,0.0014624577967376623,0.25,0.0,0.0,0.0,0.0,-0.25,-0.25,0.0,0.25
2023-12-10 20:00:00+00:00,2023-12-10 22:00:00+00:00,2023-12-11 22:00:00+00:00,-0.03942420719230608,-0.040923155163477,0.001498947971170922,0.0,0.0,0.0,0.0,0.25,-0.25,-0.25,0.0,0.25
2023-12-11 21:00:00+00:00,2023-12-11 23:00:00+00:00,2023-12-12 23:00:00+00:00,0.003941081837554039,0.0024535809417520604,0.0014875008958019787,0.0,0.0,0.0,-0.25,0.0,0.0,-0.25,0.25,0.25
2023-12-13 01:00:00+00:00,2023-12-13 03:00:00+00:00,2023-12-14 03:00:00+00:00,-0.02858581523442566,-0.03022317065197567,0.0016373554175500085,0.0,0.0,0.25,0.0,0.0,-0.25,0.25,-0.25,0.0
2023-12-14 01:00:00+00:00,2023-12-14 03:00:00+00:00,2023-12-15 03:00:00+00:00,0.017264453130530655,0.015769543497051834,0.0014949096334788206,0.0,0.0,0.0,0.25,0.25,-0.25,-0.25,0.0,0.0
2023-12-16 16:00:00+00:00,2023-12-16 18:00:00+00:00,2023-12-17 18:00:00+00:00,0.007810785376916762,0.0064755719128181035,0.0013352134640986588,0.0,0.0,-0.25,0.25,0.0,0.0,-0.25,0.0,0.25
2023-12-20 17:00:00+00:00,2023-12-20 19:00:00+00:00,2023-12-21 19:00:00+00:00,-0.033281030049181926,-0.034576547212791915,0.0012955171636099896,0.0,0.0,-0.25,0.25,0.25,0.0,-0.25,0.0,0.0
2023-12-23 22:00:00+00:00,2023-12-24 00:00:00+00:00,2023-12-25 00:00:00+00:00,-0.03060718642591459,-0.03214614334156396,0.0015389569156493699,0.0,0.0,-0.25,0.0,0.25,0.25,0.0,-0.25,0.0
2023-12-26 13:00:00+00:00,2023-12-26 15:00:00+00:00,2023-12-27 15:00:00+00:00,-0.015508997243074446,-0.016967416702120014,0.001458419459045568,0.25,0.0,0.0,-0.25,0.0,-0.25,0.25,0.0,0.0
2023-12-27 16:00:00+00:00,2023-12-27 18:00:00+00:00,2023-12-28 18:00:00+00:00,-0.03798987945941992,-0.03925439302853842,0.0012645135691184972,0.0,-0.25,0.25,0.0,0.0,0.0,0.25,0.0,-0.25
2024-01-09 03:00:00+00:00,2024-01-09 05:00:00+00:00,2024-01-10 05:00:00+00:00,0.02740241126943846,0.02610689410582847,0.0012955171636099896,0.0,0.0,-0.25,0.25,0.25,0.0,-0.25,0.0,0.0
2024-01-10 14:00:00+00:00,2024-01-10 16:00:00+00:00,2024-01-11 16:00:00+00:00,0.019824494747896992,0.018559981178778495,0.0012645135691184972,0.0,-0.25,0.25,0.0,0.0,0.0,0.25,0.0,-0.25
2024-01-14 16:00:00+00:00,2024-01-14 18:00:00+00:00,2024-01-15 18:00:00+00:00,0.007921841319921852,0.006590530663418451,0.0013313106565034007,0.0,0.25,-0.25,0.0,0.0,0.0,0.0,0.25,-0.25
2024-01-19 23:00:00+00:00,2024-01-20 01:00:00+00:00,2024-01-21 01:00:00+00:00,0.00828839489951319,0.006871593898691373,0.001416801000821818,0.0,-0.25,0.0,0.0,0.0,0.0,0.25,0.25,-0.25
2024-01-24 07:00:00+00:00,2024-01-24 09:00:00+00:00,2024-01-25 09:00:00+00:00,-0.0041401099990693024,-0.005400585230495703,0.0012604752314264002,0.0,0.25,-0.25,0.25,0.0,0.0,-0.25,0.0,0.0
2024-01-28 03:00:00+00:00,2024-01-28 05:00:00+00:00,2024-01-29 05:00:00+00:00,-0.0013260125730317207,-0.00262152973664171,0.0012955171636099892,0.0,0.0,-0.25,0.25,0.25,0.0,-0.25,0.0,0.0
2024-01-30 11:00:00+00:00,2024-01-30 13:00:00+00:00,2024-01-31 13:00:00+00:00,0.007400047901104184,0.00599062861194378,0.0014094192891604043,0.0,0.0,-0.25,0.25,0.25,-0.25,0.0,0.0,0.0
2024-02-01 14:00:00+00:00,2024-02-01 16:00:00+00:00,2024-02-02 16:00:00+00:00,-0.002103146979622106,-0.003567898070209732,0.0014647510905876262,0.0,0.0,0.25,0.0,0.0,0.0,0.25,-0.25,-0.25
2024-02-05 10:00:00+00:00,2024-02-05 12:00:00+00:00,2024-02-06 12:00:00+00:00,0.012979474954272124,0.011413729895716302,0.001565745058555822,0.0,0.0,0.0,0.0,0.25,0.25,0.0,-0.25,-0.25
2024-02-08 10:00:00+00:00,2024-02-08 12:00:00+00:00,2024-02-09 12:00:00+00:00,-0.015160545427290256,-0.016574003054142757,0.0014134576268525004,0.0,0.0,-0.25,0.0,0.25,-0.25,0.0,0.0,0.25
2024-02-10 03:00:00+00:00,2024-02-10 05:00:00+00:00,2024-02-11 05:00:00+00:00,0.008599434814539286,0.007091617023478246,0.0015078177910610403,0.0,0.0,-0.25,0.25,0.0,0.25,-0.25,0.0,0.0
2024-02-11 05:00:00+00:00,2024-02-11 07:00:00+00:00,2024-02-12 07:00:00+00:00,-0.0008198536802073997,-0.002268969269856474,0.0014491155896490743,0.0,0.0,0.25,0.25,0.0,-0.25,0.0,0.0,-0.25
2024-02-13 10:00:00+00:00,2024-02-13 12:00:00+00:00,2024-02-14 12:00:00+00:00,-0.006573162102941177,-0.007739277170159039,0.001166115067217862,0.0,-0.25,-0.25,0.0,0.25,0.0,0.0,0.0,0.25
2024-02-15 14:00:00+00:00,2024-02-15 16:00:00+00:00,2024-02-16 16:00:00+00:00,-0.008308415949875886,-0.00975753153952496,0.0014491155896490734,0.0,0.0,0.25,-0.25,0.0,-0.25,0.0,0.0,0.25
2024-02-21 09:00:00+00:00,2024-02-21 11:00:00+00:00,2024-02-22 11:00:00+00:00,-0.006379525663097241,-0.0077539030200740565,0.0013743773569768157,0.0,-0.25,0.25,-0.25,0.0,0.25,0.0,0.0,0.0
2024-02-27 13:00:00+00:00,2024-02-27 15:00:00+00:00,2024-02-28 15:00:00+00:00,-0.0013368795004993217,-0.0025372042882640896,0.001200324787764768,-0.25,0.0,-0.25,0.25,0.0,0.0,0.0,0.0,0.25
2024-02-28 17:00:00+00:00,2024-02-28 19:00:00+00:00,2024-02-29 19:00:00+00:00,0.006098759734097847,0.004875390707717685,0.0012233690263801621,-0.25,0.0,-0.25,0.0,0.25,0.0,0.25,0.0,0.0
2024-03-02 00:00:00+00:00,2024-03-02 02:00:00+00:00,2024-03-03 02:00:00+00:00,-0.009501970141654131,-0.011004436882870249,0.0015024667412161172,0.25,0.0,0.25,0.0,0.0,-0.25,0.0,-0.25,0.0
2024-03-03 17:00:00+00:00,2024-03-03 19:00:00+00:00,2024-03-04 19:00:00+00:00,1.107012365308968e-05,-0.0013552824650339005,0.0013663525886869901,0.0,0.0,-0.25,0.0,0.25,0.0,0.0,-0.25,0.25
2024-03-04 22:00:00+00:00,2024-03-05 00:00:00+00:00,2024-03-06 00:00:00+00:00,0.009090940912261314,0.007713973459842067,0.0013769674524192468,-0.25,0.0,0.25,0.0,0.0,-0.25,0.0,0.0,0.25
2024-03-06 05:00:00+00:00,2024-03-06 07:00:00+00:00,2024-03-07 07:00:00+00:00,0.013370899346689558,0.012155784109586534,0.001215115237103024,-0.25,-0.25,0.0,0.0,0.0,0.0,0.25,0.0,0.25
2024-03-07 12:00:00+00:00,2024-03-07 14:00:00+00:00,2024-03-08 14:00:00+00:00,0.006529868279975204,0.005341541185778631,0.0011883270941965727,0.25,0.25,-0.25,0.0,0.0,0.0,-0.25,0.0,0.0
2024-03-10 10:00:00+00:00,2024-03-10 12:00:00+00:00,2024-03-11 12:00:00+00:00,0.010083145129209575,0.008757321052647937,0.0013258240765616387,-0.25,0.0,0.25,-0.25,0.0,0.0,0.0,0.25,0.0
2024-03-11 11:00:00+00:00,2024-03-11 13:00:00+00:00,2024-03-12 13:00:00+00:00,0.03291877456995046,0.03159646926343402,0.00132230530651644,0.0,0.0,0.0,0.25,0.25,0.0,-0.25,0.0,-0.25
2024-03-13 03:00:00+00:00,2024-03-13 05:00:00+00:00,2024-03-14 05:00:00+00:00,0.021045623355471554,0.019573463527207086,0.001472159828264468,0.0,0.0,0.25,0.0,-0.25,0.25,-0.25,0.0,0.0
2024-03-15 01:00:00+00:00,2024-03-15 03:00:00+00:00,2024-03-16 03:00:00+00:00,0.009871646192571942,0.008544373873760638,0.0013272723188113046,0.0,0.25,-0.25,0.25,0.0,0.0,0.0,-0.25,0.0
2024-03-16 05:00:00+00:00,2024-03-16 07:00:00+00:00,2024-03-17 07:00:00+00:00,-0.007285587540291488,-0.008750338630879114,0.0014647510905876262,0.0,0.0,-0.25,0.0,0.0,0.0,-0.25,0.25,0.25
2024-03-18 02:00:00+00:00,2024-03-18 04:00:00+00:00,2024-03-19 04:00:00+00:00,0.002575519118002134,0.0010677013269410939,0.0015078177910610403,0.0,0.0,-0.25,0.25,0.0,0.25,-0.25,0.0,0.0
2024-04-12 17:00:00+00:00,2024-04-12 19:00:00+00:00,2024-04-13 19:00:00+00:00,-0.002137936401228474,-0.0035963558602740402,0.0014584194590455662,-0.25,0.0,0.0,-0.25,0.0,0.25,0.25,0.0,0.0
2024-04-14 03:00:00+00:00,2024-04-14 05:00:00+00:00,2024-04-15 05:00:00+00:00,0.008253530087632188,0.0070661134574496395,0.0011874166301825487,-0.25,0.0,0.0,-0.25,0.25,0.0,0.0,0.0,0.25
2024-04-16 05:00:00+00:00,2024-04-16 07:00:00+00:00,2024-04-17 07:00:00+00:00,0.008399443115786859,0.006927283287522391,0.001472159828264468,0.0,0.0,0.25,0.0,-0.25,-0.25,0.25,0.0,0.0
2024-04-19 06:00:00+00:00,2024-04-19 08:00:00+00:00,2024-04-20 08:00:00+00:00,0.004003029008446624,0.0027662140462486008,0.0012368149621980228,0.0,0.0,-0.25,0.25,0.25,0.0,0.0,0.0,-0.25
2024-04-20 17:00:00+00:00,2024-04-20 19:00:00+00:00,2024-04-21 19:00:00+00:00,0.0068989225432047885,0.005499205285571188,0.0013997172576336002,0.25,0.0,0.0,0.25,0.0,-0.25,0.0,0.0,-0.25
2024-04-25 01:00:00+00:00,2024-04-25 03:00:00+00:00,2024-04-26 03:00:00+00:00,-0.010504327713983158,-0.011764802945409557,0.0012604752314263994,0.0,-0.25,0.25,-0.25,0.0,0.0,0.25,0.0,0.0
2024-04-30 23:00:00+00:00,2024-05-01 01:00:00+00:00,2024-05-02 01:00:00+00:00,0.008637742111125696,0.0071770293582301675,0.0014607127528955283,0.0,0.0,0.25,-0.25,0.0,0.0,0.25,-0.25,0.0
2024-05-05 01:00:00+00:00,2024-05-05 03:00:00+00:00,2024-05-06 03:00:00+00:00,0.004648200895940091,0.002984057335483633,0.001664143560456458,0.0,0.0,0.0,0.0,0.0,0.25,-0.25,0.25,-0.25
2024-05-06 15:00:00+00:00,2024-05-06 17:00:00+00:00,2024-05-07 17:00:00+00:00,0.0013482912503966216,0.00025836265810068424,0.0010899285922959373,0.25,0.25,-0.25,0.0,-0.25,0.0,0.0,0.0,0.0
2024-05-08 15:00:00+00:00,2024-05-08 17:00:00+00:00,2024-05-09 17:00:00+00:00,0.00805090696226507,0.006413551544715062,0.0016373554175500077,0.0,0.0,0.25,0.0,0.0,-0.25,0.25,-0.25,0.0
2024-05-10 03:00:00+00:00,2024-05-10 05:00:00+00:00,2024-05-11 05:00:00+00:00,0.01978121847587458,0.01848570131226459,0.0012955171636099896,0.0,0.0,-0.25,0.25,0.25,0.0,-0.25,0.0,0.0
2024-05-15 20:00:00+00:00,2024-05-15 22:00:00+00:00,2024-05-16 22:00:00+00:00,-0.011223681075654551,-0.012519198239264541,0.0012955171636099896,0.0,0.0,-0.25,0.25,0.25,0.0,-0.25,0.0,0.0
2024-05-18 02:00:00+00:00,2024-05-18 04:00:00+00:00,2024-05-19 04:00:00+00:00,-0.001709441644596299,-0.003004958808206288,0.0012955171636099892,0.0,0.0,-0.25,0.25,0.25,0.0,-0.25,0.0,0.0
2024-05-19 17:00:00+00:00,2024-05-19 19:00:00+00:00,2024-05-20 19:00:00+00:00,0.010294558657718528,0.008832100860980864,0.001462457796737664,-0.25,0.0,0.0,0.0,0.0,0.25,0.25,0.0,-0.25
2024-05-20 17:00:00+00:00,2024-05-20 19:00:00+00:00,2024-05-21 19:00:00+00:00,-0.0006213190560397375,-0.002133175184792875,0.0015118561287531377,0.0,0.0,-0.25,0.0,0.0,0.25,-0.25,0.0,0.25
2024-05-24 01:00:00+00:00,2024-05-24 03:00:00+00:00,2024-05-25 03:00:00+00:00,0.003835964568005834,0.002419163567184016,0.001416801000821818,0.0,-0.25,0.0,0.0,0.0,0.0,0.25,0.25,-0.25
2024-05-27 18:00:00+00:00,2024-05-27 20:00:00+00:00,2024-05-28 20:00:00+00:00,-0.00396161110833132,-0.005198426070529343,0.0012368149621980228,0.0,0.0,-0.25,0.25,0.25,0.0,0.0,0.0,-0.25
2024-06-04 21:00:00+00:00,2024-06-04 23:00:00+00:00,2024-06-05 23:00:00+00:00,-0.009463868483476828,-0.010912984073125902,0.0014491155896490734,0.0,0.0,-0.25,-0.25,0.0,0.25,0.0,0.0,0.25
2024-06-07 18:00:00+00:00,2024-06-07 20:00:00+00:00,2024-06-08 20:00:00+00:00,-0.008579794185653189,-0.010167751271187722,0.0015879570855345335,-0.25,0.0,0.0,0.0,0.0,-0.25,0.25,0.25,0.0
2024-06-10 20:00:00+00:00,2024-06-10 22:00:00+00:00,2024-06-11 22:00:00+00:00,-0.005141300062893123,-0.006493912282361211,0.0013526122194680882,-0.25,0.0,0.0,0.25,0.0,0.0,0.0,-0.25,0.25
2024-06-17 12:00:00+00:00,2024-06-17 14:00:00+00:00,2024-06-18 14:00:00+00:00,-0.014251624936538476,-0.015703467869543884,0.0014518429330054074,0.0,0.0,0.0,0.0,-0.25,0.0,0.25,-0.25,0.25
2024-06-18 17:00:00+00:00,2024-06-18 19:00:00+00:00,2024-06-19 19:00:00+00:00,0.013178525434909438,0.011790805870844034,0.0013877195640654046,-0.25,-0.25,0.0,0.0,0.0,0.25,0.25,0.0,0.0
2024-06-22 03:00:00+00:00,2024-06-22 05:00:00+00:00,2024-06-23 05:00:00+00:00,0.006694634561994539,0.0052575166659136596,0.0014371178960808795,0.0,-0.25,-0.25,0.0,0.0,0.25,0.25,0.0,0.0
2024-06-24 13:00:00+00:00,2024-06-24 15:00:00+00:00,2024-06-25 15:00:00+00:00,-0.014099406461486663,-0.015314521698589687,0.001215115237103024,0.25,0.25,0.0,0.0,0.0,0.0,-0.25,0.0,-0.25
2024-06-25 19:00:00+00:00,2024-06-25 21:00:00+00:00,2024-06-26 21:00:00+00:00,-0.0009994712583438758,-0.0022362862205418986,0.0012368149621980228,0.0,0.0,-0.25,0.25,0.25,0.0,0.0,0.0,-0.25
2024-06-27 13:00:00+00:00,2024-06-27 15:00:00+00:00,2024-06-28 15:00:00+00:00,0.012468557233510758,0.01099639740524629,0.001472159828264468,0.0,0.0,-0.25,0.0,0.25,0.25,-0.25,0.0,0.0
2024-07-02 03:00:00+00:00,2024-07-02 05:00:00+00:00,2024-07-03 05:00:00+00:00,-0.009951299937920488,-0.011540705265704687,0.0015894053277841994,0.0,0.25,0.0,0.0,0.0,-0.25,0.25,-0.25,0.0
2024-07-03 22:00:00+00:00,2024-07-04 00:00:00+00:00,2024-07-05 00:00:00+00:00,-0.004090165375038229,-0.005592632116254347,0.0015024667412161172,-0.25,0.0,0.25,0.0,0.0,-0.25,0.0,0.25,0.0
2024-07-05 00:00:00+00:00,2024-07-05 02:00:00+00:00,2024-07-06 02:00:00+00:00,0.026816955596279918,0.025362438944829608,0.0014545166514503098,-0.25,-0.25,0.0,0.0,0.0,0.25,0.0,0.25,0.0
2024-07-06 08:00:00+00:00,2024-07-06 10:00:00+00:00,2024-07-07 10:00:00+00:00,-0.0044409296912648055,-0.005629256785461378,0.0011883270941965727,0.25,0.25,-0.25,0.0,0.0,0.0,-0.25,0.0,0.0
2024-07-08 21:00:00+00:00,2024-07-08 23:00:00+00:00,2024-07-09 23:00:00+00:00,0.01800010184214057,0.01633595828168411,0.001664143560456459,0.0,0.0,0.0,0.0,0.0,-0.25,0.25,0.25,-0.25
2024-07-11 03:00:00+00:00,2024-07-11 05:00:00+00:00,2024-07-12 05:00:00+00:00,-0.006164143721438198,-0.0076987496554056884,0.0015346059339674907,0.0,0.0,0.0,-0.25,0.0,-0.25,0.25,0.0,0.25
2024-07-12 07:00:00+00:00,2024-07-12 09:00:00+00:00,2024-07-13 09:00:00+00:00,-0.01766679178247188,-0.019205748698121253,0.0015389569156493733,0.0,0.0,0.25,0.0,-0.25,-0.25,0.0,0.25,0.0
2024-07-13 13:00:00+00:00,2024-07-13 15:00:00+00:00,2024-07-14 15:00:00+00:00,0.005097945092395972,0.0037356308414010797,0.0013623142509948927,0.0,0.0,0.25,0.25,-0.25,0.0,0.0,-0.25,0.0
2024-07-14 19:00:00+00:00,2024-07-14 21:00:00+00:00,2024-07-15 21:00:00+00:00,-0.02944708737509244,-0.030784358527023017,0.0013372711519305767,-0.25,0.0,-0.25,0.0,0.25,0.25,0.0,0.0,0.0
2024-07-15 22:00:00+00:00,2024-07-16 00:00:00+00:00,2024-07-17 00:00:00+00:00,0.015018726320237707,0.013652373731550718,0.0013663525886869893,0.0,0.0,-0.25,0.0,0.25,0.0,0.0,0.25,-0.25
2024-07-17 04:00:00+00:00,2024-07-17 06:00:00+00:00,2024-07-18 06:00:00+00:00,0.00583867933632265,0.00451637402980621,0.00132230530651644,0.0,0.0,0.0,0.25,-0.25,0.0,-0.25,0.0,0.25
2024-07-18 18:00:00+00:00,2024-07-18 20:00:00+00:00,2024-07-19 20:00:00+00:00,-0.014294867191634753,-0.015633586585814995,0.0013387193941802426,0.0,-0.25,-0.25,0.0,0.25,0.25,0.0,0.0,0.0
2024-07-21 14:00:00+00:00,2024-07-21 16:00:00+00:00,2024-07-22 16:00:00+00:00,0.004430340726107568,0.002978497793102161,0.001451842933005407,0.0,0.0,0.0,0.0,0.25,0.0,-0.25,0.25,-0.25
2024-07-24 01:00:00+00:00,2024-07-24 03:00:00+00:00,2024-07-25 03:00:00+00:00,0.011547211323223866,0.010087343621928634,0.001459867701295232,0.0,-0.25,0.0,-0.25,0.0,0.25,0.25,0.0,0.0
2024-07-25 12:00:00+00:00,2024-07-25 14:00:00+00:00,2024-07-26 14:00:00+00:00,0.008093685343644408,0.006918266407030054,0.001175418936614354,-0.25,0.25,0.0,0.0,-0.25,0.0,0.25,0.0,0.0
2024-07-26 12:00:00+00:00,2024-07-26 14:00:00+00:00,2024-07-27 14:00:00+00:00,-0.004472913941482193,-0.0057630800552472584,0.0012901661137650657,-0.25,0.0,-0.25,0.0,0.25,0.0,0.0,0.25,0.0
2024-07-30 11:00:00+00:00,2024-07-30 13:00:00+00:00,2024-07-31 13:00:00+00:00,-0.013029576240073781,-0.01425439350870361,0.001224817268629828,0.0,-0.25,0.25,0.0,-0.25,0.0,0.25,0.0,0.0
2024-07-31 15:00:00+00:00,2024-07-31 17:00:00+00:00,2024-08-01 17:00:00+00:00,0.004306990642222341,0.002917888248320998,0.0013891023939013435,0.0,0.0,0.0,-0.25,-0.25,0.0,0.0,0.25,0.25
2024-08-05 01:00:00+00:00,2024-08-05 03:00:00+00:00,2024-08-06 03:00:00+00:00,0.009228208466674048,0.007973084285092571,0.001255124181581477,-0.25,0.25,-0.25,0.0,0.0,0.0,0.0,0.25,0.0
2024-08-06 04:00:00+00:00,2024-08-06 06:00:00+00:00,2024-08-07 06:00:00+00:00,-0.01914503985392957,-0.020647506595145686,0.0015024667412161172,0.25,0.0,-0.25,0.0,0.0,0.25,0.0,-0.25,0.0
2024-08-07 08:00:00+00:00,2024-08-07 10:00:00+00:00,2024-08-08 10:00:00+00:00,0.032575118578538814,0.031283504222524086,0.001291614356014728,0.0,0.25,-0.25,0.0,0.25,0.0,0.0,-0.25,0.0
2024-08-08 21:00:00+00:00,2024-08-08 23:00:00+00:00,2024-08-09 23:00:00+00:00,0.0027960932653313675,0.0014189885649982192,0.0013771047003331483,0.0,-0.25,0.0,0.0,0.25,0.0,-0.25,0.25,0.0
2024-08-19 18:00:00+00:00,2024-08-19 20:00:00+00:00,2024-08-20 20:00:00+00:00,-0.004221820983125818,-0.0054106858555580326,0.0011888648724322146,0.0,0.25,0.0,-0.25,-0.25,0.0,0.0,0.0,0.25
2024-08-20 18:00:00+00:00,2024-08-20 20:00:00+00:00,2024-08-21 20:00:00+00:00,-0.006072739992949938,-0.007320307066794119,0.0012475670738441805,0.0,0.25,0.0,-0.25,0.25,0.0,-0.25,0.0,0.0
2024-08-22 11:00:00+00:00,2024-08-22 13:00:00+00:00,2024-08-23 13:00:00+00:00,-0.010859765626090756,-0.012273223252943258,0.001413457626852502,0.0,0.0,0.25,0.0,0.25,-0.25,0.0,0.0,-0.25
2024-08-24 15:00:00+00:00,2024-08-24 17:00:00+00:00,2024-08-25 17:00:00+00:00,-0.0016805352329686274,-0.0031883530240296677,0.0015078177910610403,0.0,0.0,-0.25,0.25,0.0,0.25,-0.25,0.0,0.0
2024-09-08 05:00:00+00:00,2024-09-08 07:00:00+00:00,2024-09-09 07:00:00+00:00,-0.01158002968615579,-0.012830186855442403,0.0012501571692866125,0.25,0.0,0.0,0.0,0.25,0.0,-0.25,0.0,-0.25
2024-09-10 08:00:00+00:00,2024-09-10 10:00:00+00:00,2024-09-11 10:00:00+00:00,0.00272820442057059,0.0014651390937017587,0.0012630653268688315,-0.25,0.0,-0.25,0.0,0.0,0.0,0.25,0.0,0.25
2024-09-11 19:00:00+00:00,2024-09-11 21:00:00+00:00,2024-09-12 21:00:00+00:00,0.0015394993012690095,3.168151020796917e-05,0.0015078177910610403,0.0,0.0,0.25,-0.25,0.0,-0.25,0.25,0.0,0.0
2024-09-13 04:00:00+00:00,2024-09-13 06:00:00+00:00,2024-09-14 06:00:00+00:00,0.0049859511012979585,0.003694336745283227,0.0012916143560147315,0.0,0.25,0.25,0.0,-0.25,0.0,0.0,-0.25,0.0
2024-09-14 17:00:00+00:00,2024-09-14 19:00:00+00:00,2024-09-15 19:00:00+00:00,0.008167363365397085,0.0065429161054292966,0.001624447259967788,0.0,0.0,0.0,0.0,-0.25,0.25,-0.25,0.25,0.0
2024-09-15 20:00:00+00:00,2024-09-15 22:00:00+00:00,2024-09-16 22:00:00+00:00,0.01482400666528752,0.01316390144252316,0.001660105222764361,0.0,0.0,0.0,-0.25,0.0,0.25,0.25,-0.25,0.0
2024-09-16 21:00:00+00:00,2024-09-16 23:00:00+00:00,2024-09-17 23:00:00+00:00,0.0036046908337923067,0.002242376582797414,0.0013623142509948927,0.0,0.0,-0.25,0.25,-0.25,0.0,0.0,0.25,0.0
2024-09-19 00:00:00+00:00,2024-09-19 02:00:00+00:00,2024-09-20 02:00:00+00:00,-0.007275071103948011,-0.008899518363915799,0.001624447259967788,0.0,0.0,0.0,0.0,0.25,-0.25,-0.25,0.25,0.0
2024-09-20 03:00:00+00:00,2024-09-20 05:00:00+00:00,2024-09-21 05:00:00+00:00,0.0032191721567101927,0.0019716050828660118,0.001247567073844181,0.0,-0.25,0.0,0.25,0.25,0.0,-0.25,0.0,0.0
2024-09-23 16:00:00+00:00,2024-09-23 18:00:00+00:00,2024-09-24 18:00:00+00:00,0.009644610759409783,0.008482534029884019,0.0011620767295257642,0.0,-0.25,0.25,-0.25,0.25,0.0,0.0,0.0,0.0
2024-09-26 23:00:00+00:00,2024-09-27 01:00:00+00:00,2024-09-28 01:00:00+00:00,-0.007556293268557807,-0.009051202902036627,0.0014949096334788206,0.0,0.0,0.0,0.25,0.25,-0.25,-0.25,0.0,0.0
2024-09-28 11:00:00+00:00,2024-09-28 13:00:00+00:00,2024-09-29 13:00:00+00:00,-0.015096561877099707,-0.016473666577432856,0.0013771047003331496,0.0,-0.25,0.0,0.0,-0.25,0.0,0.25,0.25,0.0
2024-09-29 14:00:00+00:00,2024-09-29 16:00:00+00:00,2024-09-30 16:00:00+00:00,0.0032869742299417304,0.002036817060655118,0.0012501571692866125,-0.25,0.0,0.0,0.0,-0.25,0.0,0.25,0.0,0.25
2024-10-01 18:00:00+00:00,2024-10-01 20:00:00+00:00,2024-10-02 20:00:00+00:00,0.007908275237213713,0.006532618779130231,0.001375656458083482,-0.25,0.0,0.0,0.0,-0.25,0.0,0.25,0.25,0.0
2024-10-02 21:00:00+00:00,2024-10-02 23:00:00+00:00,2024-10-03 23:00:00+00:00,-0.00920392344043064,-0.010391340070613188,0.0011874166301825487,-0.25,0.0,0.0,-0.25,0.25,0.0,0.0,0.0,0.25
2024-10-04 15:00:00+00:00,2024-10-04 17:00:00+00:00,2024-10-05 17:00:00+00:00,0.0043125577023298,0.0030624005330431876,0.0012501571692866125,0.25,0.0,0.0,0.0,0.25,0.0,-0.25,0.0,-0.25
2024-10-12 01:00:00+00:00,2024-10-12 03:00:00+00:00,2024-10-13 03:00:00+00:00,-0.003926059151277084,-0.005150876419906912,0.001224817268629828,0.0,0.25,-0.25,0.0,0.25,0.0,-0.25,0.0,0.0
2024-10-14 23:00:00+00:00,2024-10-15 01:00:00+00:00,2024-10-16 01:00:00+00:00,0.00044121389489515384,-0.0008192613365312462,0.0012604752314264,0.0,-0.25,-0.25,0.25,0.0,0.0,0.25,0.0,0.0
2024-10-16 07:00:00+00:00,2024-10-16 09:00:00+00:00,2024-10-17 09:00:00+00:00,-0.002427884649486872,-0.003713699781570057,0.0012858151320831847,-0.25,0.0,0.0,-0.25,0.0,0.0,0.25,0.0,0.25
2024-10-21 00:00:00+00:00,2024-10-21 02:00:00+00:00,2024-10-22 02:00:00+00:00,0.0008274273032907176,-0.0005819919858696869,0.0014094192891604045,0.0,0.0,-0.25,0.25,0.25,-0.25,0.0,0.0,0.0
2024-10-22 10:00:00+00:00,2024-10-22 12:00:00+00:00,2024-10-23 12:00:00+00:00,0.010198430733064617,0.009032315665846755,0.001166115067217862,0.0,0.25,-0.25,0.0,0.25,0.0,0.0,0.0,-0.25
2024-10-23 13:00:00+00:00,2024-10-23 15:00:00+00:00,2024-10-24 15:00:00+00:00,-0.014548436184127045,-0.015811501510995876,0.0012630653268688313,-0.25,0.0,-0.25,0.0,0.0,0.0,0.25,0.0,0.25
2024-10-25 02:00:00+00:00,2024-10-25 04:00:00+00:00,2024-10-26 04:00:00+00:00,-0.005492514800973819,-0.006954972597711483,0.001462457796737664,-0.25,0.0,0.0,0.0,0.0,0.25,0.25,0.0,-0.25
2024-10-26 13:00:00+00:00,2024-10-26 15:00:00+00:00,2024-10-27 15:00:00+00:00,0.008853946947615543,0.007454229689981943,0.0013997172576336002,-0.25,0.0,0.0,-0.25,0.0,0.25,0.0,0.0,0.25
2024-10-30 03:00:00+00:00,2024-10-30 05:00:00+00:00,2024-10-31 05:00:00+00:00,-0.01874123982122078,-0.020253095949973918,0.001511856128753139,0.0,0.0,0.25,0.0,0.0,-0.25,0.25,0.0,-0.25
2024-11-01 03:00:00+00:00,2024-11-01 05:00:00+00:00,2024-11-02 05:00:00+00:00,-0.0037881310121380407,-0.004976995884570255,0.0011888648724322146,0.0,0.25,0.0,-0.25,-0.25,0.0,0.0,0.0,0.25
2024-11-06 00:00:00+00:00,2024-11-06 02:00:00+00:00,2024-11-07 02:00:00+00:00,-0.026864570613346295,-0.028160087776956284,0.0012955171636099896,0.0,0.0,-0.25,0.25,0.25,0.0,-0.25,0.0,0.0
2024-11-09 15:00:00+00:00,2024-11-09 17:00:00+00:00,2024-11-10 17:00:00+00:00,0.09149825579652587,0.09012387843954905,0.0013743773569768192,0.0,-0.25,0.25,-0.25,0.0,0.25,0.0,0.0,0.0
2024-11-11 07:00:00+00:00,2024-11-11 09:00:00+00:00,2024-11-12 09:00:00+00:00,-0.02273802348713616,-0.02409063570660425,0.001352612219468089,-0.25,0.0,0.0,0.25,0.0,0.0,0.0,-0.25,0.25
2024-11-13 22:00:00+00:00,2024-11-14 00:00:00+00:00,2024-11-15 00:00:00+00:00,-0.014233144518482899,-0.0156217091341486,0.0013885646156657008,-0.25,0.0,-0.25,0.0,0.0,0.0,0.25,0.25,0.0
2024-11-17 06:00:00+00:00,2024-11-17 08:00:00+00:00,2024-11-18 08:00:00+00:00,-0.010476605092777147,-0.011813876244707724,0.0013372711519305767,0.25,0.0,-0.25,0.0,-0.25,0.25,0.0,0.0,0.0
2024-11-18 21:00:00+00:00,2024-11-18 23:00:00+00:00,2024-11-19 23:00:00+00:00,0.012290801679257723,0.010803300783455745,0.0014875008958019787,0.0,0.0,0.0,0.25,0.0,0.0,0.25,-0.25,-0.25
2024-11-20 09:00:00+00:00,2024-11-20 11:00:00+00:00,2024-11-21 11:00:00+00:00,0.03687605268062594,0.035301437802179994,0.001574614878445943,0.0,0.0,0.25,0.25,0.0,-0.25,0.0,-0.25,0.0
2024-11-22 01:00:00+00:00,2024-11-22 03:00:00+00:00,2024-11-23 03:00:00+00:00,-0.09238721568971495,-0.09374723664685988,0.0013600209571449362,0.25,0.0,0.0,0.25,-0.25,-0.25,0.0,0.0,0.0
