instrument,signal_time,entry_time,exit_time,entry_open,exit_open,gross
ADA,2023-01-25 00:00:00+00:00,2023-01-25 04:00:00+00:00,2023-01-25 08:00:00+00:00,0.35415,0.35945,0.014965410136947632
AVAX,2023-01-25 00:00:00+00:00,2023-01-25 04:00:00+00:00,2023-01-25 08:00:00+00:00,16.98,17.3,0.018845700824499323
BNB,2023-01-25 00:00:00+00:00,2023-01-25 04:00:00+00:00,2023-01-25 08:00:00+00:00,300.15,303.27,0.010394802598700625
DOT,2023-01-25 00:00:00+00:00,2023-01-25 04:00:00+00:00,2023-01-25 08:00:00+00:00,6.189,6.261,0.011633543383422262
ETH,2023-01-25 00:00:00+00:00,2023-01-25 04:00:00+00:00,2023-01-25 08:00:00+00:00,1546.54,1553.01,0.004183532272039603
XRP,2023-01-25 00:00:00+00:00,2023-01-25 04:00:00+00:00,2023-01-25 08:00:00+00:00,0.40436,0.40916,0.011870610347215482
ADA,2023-01-30 20:00:00+00:00,2023-01-31 00:00:00+00:00,2023-01-31 04:00:00+00:00,0.37247,0.37192,-0.0014766289902543583
AVAX,2023-01-30 20:00:00+00:00,2023-01-31 00:00:00+00:00,2023-01-31 04:00:00+00:00,19.73,19.66,-0.003547896604156109
XRP,2023-01-30 20:00:00+00:00,2023-01-31 00:00:00+00:00,2023-01-31 04:00:00+00:00,0.39343,0.39159,-0.004676816714536236
AVAX,2023-02-03 00:00:00+00:00,2023-02-03 04:00:00+00:00,2023-02-03 08:00:00+00:00,21.13,21.04,-0.004259346900141958
BNB,2023-02-03 00:00:00+00:00,2023-02-03 04:00:00+00:00,2023-02-03 08:00:00+00:00,321.26,322.75,0.004637987922554876
ETH,2023-02-03 00:00:00+00:00,2023-02-03 04:00:00+00:00,2023-02-03 08:00:00+00:00,1642.41,1638.45,-0.0024110910186859735
LINK,2023-02-03 00:00:00+00:00,2023-02-03 04:00:00+00:00,2023-02-03 08:00:00+00:00,7.09,7.11,0.0028208744710860323
SOL,2023-02-03 00:00:00+00:00,2023-02-03 04:00:00+00:00,2023-02-03 08:00:00+00:00,24.319,24.308,-0.0004523212303136903
AVAX,2023-02-08 16:00:00+00:00,2023-02-08 20:00:00+00:00,2023-02-09 00:00:00+00:00,19.95,20.09,0.007017543859649145
BNB,2023-02-08 16:00:00+00:00,2023-02-08 20:00:00+00:00,2023-02-09 00:00:00+00:00,326.39,328.28,0.005790618585128193
DOT,2023-02-08 16:00:00+00:00,2023-02-08 20:00:00+00:00,2023-02-09 00:00:00+00:00,6.72,6.756,0.005357142857142838
ETH,2023-02-08 16:00:00+00:00,2023-02-08 20:00:00+00:00,2023-02-09 00:00:00+00:00,1647.63,1650.03,0.0014566377159919153
LINK,2023-02-08 16:00:00+00:00,2023-02-08 20:00:00+00:00,2023-02-09 00:00:00+00:00,7.08,7.134,0.007627118644067732
SOL,2023-02-08 16:00:00+00:00,2023-02-08 20:00:00+00:00,2023-02-09 00:00:00+00:00,23.089,23.217,0.005543765429425251
XRP,2023-02-08 16:00:00+00:00,2023-02-08 20:00:00+00:00,2023-02-09 00:00:00+00:00,0.39695,0.39763,0.0017130620985008616
ADA,2023-02-10 00:00:00+00:00,2023-02-10 04:00:00+00:00,2023-02-10 08:00:00+00:00,0.36107,0.36457,0.009693411249896089
AVAX,2023-02-10 00:00:00+00:00,2023-02-10 04:00:00+00:00,2023-02-10 08:00:00+00:00,17.77,18.16,0.0219471018570625
ETH,2023-02-10 00:00:00+00:00,2023-02-10 04:00:00+00:00,2023-02-10 08:00:00+00:00,1543.56,1551.1,0.004884811733913752
LINK,2023-02-10 00:00:00+00:00,2023-02-10 04:00:00+00:00,2023-02-10 08:00:00+00:00,6.95,6.963,0.0018705035971222639
ADA,2023-02-13 00:00:00+00:00,2023-02-13 04:00:00+00:00,2023-02-13 08:00:00+00:00,0.36226,0.3629,0.0017666869099541849
AVAX,2023-02-13 00:00:00+00:00,2023-02-13 04:00:00+00:00,2023-02-13 08:00:00+00:00,17.51,17.77,0.01484865790976575
BNB,2023-02-13 00:00:00+00:00,2023-02-13 04:00:00+00:00,2023-02-13 08:00:00+00:00,312.02,306.76,-0.016857893724761208
DOT,2023-02-13 00:00:00+00:00,2023-02-13 04:00:00+00:00,2023-02-13 08:00:00+00:00,6.173,6.219,0.007451806253037541
LINK,2023-02-13 00:00:00+00:00,2023-02-13 04:00:00+00:00,2023-02-13 08:00:00+00:00,6.724,6.775,0.007584770969661037
SOL,2023-02-13 00:00:00+00:00,2023-02-13 04:00:00+00:00,2023-02-13 08:00:00+00:00,20.918,21.178,0.012429486566593484
XRP,2023-02-13 00:00:00+00:00,2023-02-13 04:00:00+00:00,2023-02-13 08:00:00+00:00,0.37178,0.37562,0.010328689009629466
AVAX,2023-02-20 00:00:00+00:00,2023-02-20 04:00:00+00:00,2023-02-20 08:00:00+00:00,19.7,20.66,0.04873096446700509
LINK,2023-02-20 00:00:00+00:00,2023-02-20 04:00:00+00:00,2023-02-20 08:00:00+00:00,8.01,8.37,0.04494382022471899
AVAX,2023-02-23 12:00:00+00:00,2023-02-23 16:00:00+00:00,2023-02-23 20:00:00+00:00,19.83,19.78,-0.002521432173474336
XRP,2023-02-23 12:00:00+00:00,2023-02-23 16:00:00+00:00,2023-02-23 20:00:00+00:00,0.38935,0.39103,0.004314883780660139
XRP,2023-03-09 00:00:00+00:00,2023-03-09 04:00:00+00:00,2023-03-09 08:00:00+00:00,0.38862,0.39058,0.005043487211157327
ADA,2023-03-11 08:00:00+00:00,2023-03-11 12:00:00+00:00,2023-03-11 16:00:00+00:00,0.30845,0.30375,-0.01523747771113626
DOT,2023-03-11 08:00:00+00:00,2023-03-11 12:00:00+00:00,2023-03-11 16:00:00+00:00,5.321,5.265,-0.010524337530539385
XRP,2023-03-11 08:00:00+00:00,2023-03-11 12:00:00+00:00,2023-03-11 16:00:00+00:00,0.36194,0.36182,-0.0003315466651931942
ADA,2023-03-20 16:00:00+00:00,2023-03-20 20:00:00+00:00,2023-03-21 00:00:00+00:00,0.33338,0.33199,-0.004169416281720517
AVAX,2023-03-20 16:00:00+00:00,2023-03-20 20:00:00+00:00,2023-03-21 00:00:00+00:00,16.8,16.63,-0.010119047619047694
BNB,2023-03-20 16:00:00+00:00,2023-03-20 20:00:00+00:00,2023-03-21 00:00:00+00:00,335.9,332.17,-0.011104495385531266
DOT,2023-03-20 16:00:00+00:00,2023-03-20 20:00:00+00:00,2023-03-21 00:00:00+00:00,6.153,6.091,-0.010076385503006602
ETH,2023-03-20 16:00:00+00:00,2023-03-20 20:00:00+00:00,2023-03-21 00:00:00+00:00,1752.81,1733.03,-0.011284737079318319
LINK,2023-03-20 16:00:00+00:00,2023-03-20 20:00:00+00:00,2023-03-21 00:00:00+00:00,7.11,7.053,-0.008016877637130881
SOL,2023-03-20 16:00:00+00:00,2023-03-20 20:00:00+00:00,2023-03-21 00:00:00+00:00,22.145,22.14,-0.00022578460149014212
XRP,2023-03-20 16:00:00+00:00,2023-03-20 20:00:00+00:00,2023-03-21 00:00:00+00:00,0.37487,0.37348,-0.00370795209005792
AVAX,2023-03-24 12:00:00+00:00,2023-03-24 16:00:00+00:00,2023-03-24 20:00:00+00:00,17.13,17.06,-0.004086398131932345
DOT,2023-03-24 12:00:00+00:00,2023-03-24 16:00:00+00:00,2023-03-24 20:00:00+00:00,6.072,6.079,0.0011528326745717798
SOL,2023-03-24 12:00:00+00:00,2023-03-24 16:00:00+00:00,2023-03-24 20:00:00+00:00,21.205,20.749,-0.021504362178731418
ADA,2023-03-25 00:00:00+00:00,2023-03-25 04:00:00+00:00,2023-03-25 08:00:00+00:00,0.35969,0.36121,0.004225861158219546
XRP,2023-03-25 20:00:00+00:00,2023-03-26 00:00:00+00:00,2023-03-26 04:00:00+00:00,0.44281,0.44856,0.012985253268896546
ADA,2023-03-27 16:00:00+00:00,2023-03-27 20:00:00+00:00,2023-03-28 00:00:00+00:00,0.34032,0.34555,0.015367889045604155
AVAX,2023-03-27 16:00:00+00:00,2023-03-27 20:00:00+00:00,2023-03-28 00:00:00+00:00,16.4,16.48,0.004878048780487809
BNB,2023-03-27 16:00:00+00:00,2023-03-27 20:00:00+00:00,2023-03-28 00:00:00+00:00,305.83,310.26,0.014485171500506766
DOT,2023-03-27 16:00:00+00:00,2023-03-27 20:00:00+00:00,2023-03-28 00:00:00+00:00,5.82,5.869,0.008419243986254266
ETH,2023-03-27 16:00:00+00:00,2023-03-27 20:00:00+00:00,2023-03-28 00:00:00+00:00,1704.66,1715.29,0.00623584761770668
LINK,2023-03-27 16:00:00+00:00,2023-03-27 20:00:00+00:00,2023-03-28 00:00:00+00:00,6.821,6.868,0.006890485266090041
SOL,2023-03-27 16:00:00+00:00,2023-03-27 20:00:00+00:00,2023-03-28 00:00:00+00:00,19.68,19.895,0.010924796747967536
ADA,2023-03-30 20:00:00+00:00,2023-03-31 00:00:00+00:00,2023-03-31 04:00:00+00:00,0.37609,0.3781,0.005344465420511035
XRP,2023-03-30 20:00:00+00:00,2023-03-31 00:00:00+00:00,2023-03-31 04:00:00+00:00,0.53188,0.53283,0.0017861171692863387
AVAX,2023-03-31 08:00:00+00:00,2023-03-31 12:00:00+00:00,2023-03-31 16:00:00+00:00,17.16,17.55,0.022727272727272707
DOT,2023-03-31 08:00:00+00:00,2023-03-31 12:00:00+00:00,2023-03-31 16:00:00+00:00,6.189,6.328,0.02245920180966232
ETH,2023-03-31 08:00:00+00:00,2023-03-31 12:00:00+00:00,2023-03-31 16:00:00+00:00,1793.28,1830.74,0.020889097073518936
LINK,2023-03-31 08:00:00+00:00,2023-03-31 12:00:00+00:00,2023-03-31 16:00:00+00:00,7.481,7.579,0.013099852960834157
XRP,2023-03-31 08:00:00+00:00,2023-03-31 12:00:00+00:00,2023-03-31 16:00:00+00:00,0.53061,0.53056,-9.42311679010821e-05
AVAX,2023-04-04 00:00:00+00:00,2023-04-04 04:00:00+00:00,2023-04-04 08:00:00+00:00,17.05,17.14,0.005278592375366653
DOT,2023-04-04 00:00:00+00:00,2023-04-04 04:00:00+00:00,2023-04-04 08:00:00+00:00,6.411,6.407,-0.0006239276243954484
ETH,2023-04-04 00:00:00+00:00,2023-04-04 04:00:00+00:00,2023-04-04 08:00:00+00:00,1807.71,1812.7,0.0027603985152486743
SOL,2023-04-04 00:00:00+00:00,2023-04-04 04:00:00+00:00,2023-04-04 08:00:00+00:00,20.41,20.529,0.005830475257226908
XRP,2023-04-04 00:00:00+00:00,2023-04-04 04:00:00+00:00,2023-04-04 08:00:00+00:00,0.49505,0.49626,0.0024441975558024964
AVAX,2023-04-20 00:00:00+00:00,2023-04-20 04:00:00+00:00,2023-04-20 08:00:00+00:00,18.99,19.06,0.0036861506055818616
AVAX,2023-04-20 20:00:00+00:00,2023-04-21 00:00:00+00:00,2023-04-21 04:00:00+00:00,18.31,18.43,0.006553795740032786
DOT,2023-04-20 20:00:00+00:00,2023-04-21 00:00:00+00:00,2023-04-21 04:00:00+00:00,6.113,6.147,0.005561917225584745
LINK,2023-04-20 20:00:00+00:00,2023-04-21 00:00:00+00:00,2023-04-21 04:00:00+00:00,7.513,7.563,0.0066551311060827345
ADA,2023-04-24 16:00:00+00:00,2023-04-24 20:00:00+00:00,2023-04-25 00:00:00+00:00,0.38289,0.38352,0.0016453811799734819
ETH,2023-04-24 16:00:00+00:00,2023-04-24 20:00:00+00:00,2023-04-25 00:00:00+00:00,1831.77,1842.15,0.005666650289064767
LINK,2023-04-24 16:00:00+00:00,2023-04-24 20:00:00+00:00,2023-04-25 00:00:00+00:00,7.077,7.071,-0.0008478168715557732
SOL,2023-04-24 16:00:00+00:00,2023-04-24 20:00:00+00:00,2023-04-25 00:00:00+00:00,21.325,21.385,0.0028135990621338536
ADA,2023-05-01 04:00:00+00:00,2023-05-01 08:00:00+00:00,2023-05-01 12:00:00+00:00,0.39033,0.38877,-0.003996618246099426
LINK,2023-05-01 04:00:00+00:00,2023-05-01 08:00:00+00:00,2023-05-01 12:00:00+00:00,6.998,6.963,-0.0050014289797084555
XRP,2023-05-01 04:00:00+00:00,2023-05-01 08:00:00+00:00,2023-05-01 12:00:00+00:00,0.46319,0.46494,0.003778147196614734
ADA,2023-05-04 16:00:00+00:00,2023-05-04 20:00:00+00:00,2023-05-05 00:00:00+00:00,0.38742,0.38731,-0.00028392958546274993
BNB,2023-05-04 16:00:00+00:00,2023-05-04 20:00:00+00:00,2023-05-05 00:00:00+00:00,324.1,323.88,-0.0006788028386300882
DOT,2023-05-04 16:00:00+00:00,2023-05-04 20:00:00+00:00,2023-05-05 00:00:00+00:00,5.637,5.671,0.006031577080007233
ETH,2023-05-04 16:00:00+00:00,2023-05-04 20:00:00+00:00,2023-05-05 00:00:00+00:00,1876.69,1877.36,0.00035701154692557857
LINK,2023-05-04 16:00:00+00:00,2023-05-04 20:00:00+00:00,2023-05-05 00:00:00+00:00,6.986,6.997,0.001574577726882298
SOL,2023-05-04 16:00:00+00:00,2023-05-04 20:00:00+00:00,2023-05-05 00:00:00+00:00,21.758,21.738,-0.0009192021325489241
SOL,2023-05-18 20:00:00+00:00,2023-05-19 00:00:00+00:00,2023-05-19 04:00:00+00:00,20.339,20.348,0.0004424996312504259
AVAX,2023-05-29 16:00:00+00:00,2023-05-29 20:00:00+00:00,2023-05-30 00:00:00+00:00,14.47,14.47,0.0
BNB,2023-05-29 16:00:00+00:00,2023-05-29 20:00:00+00:00,2023-05-30 00:00:00+00:00,311.78,311.75,-9.622169478473719e-05
ADA,2023-06-01 04:00:00+00:00,2023-06-01 08:00:00+00:00,2023-06-01 12:00:00+00:00,0.36351,0.36343,-0.0002200764765756258
AVAX,2023-06-01 04:00:00+00:00,2023-06-01 08:00:00+00:00,2023-06-01 12:00:00+00:00,14.0,14.14,0.010000000000000009
BNB,2023-06-01 04:00:00+00:00,2023-06-01 08:00:00+00:00,2023-06-01 12:00:00+00:00,304.03,304.79,0.0024997533138177985
DOT,2023-06-01 04:00:00+00:00,2023-06-01 08:00:00+00:00,2023-06-01 12:00:00+00:00,5.218,5.229,0.0021080873898045027
ETH,2023-06-01 04:00:00+00:00,2023-06-01 08:00:00+00:00,2023-06-01 12:00:00+00:00,1854.47,1861.41,0.003742309123361487
LINK,2023-06-01 04:00:00+00:00,2023-06-01 08:00:00+00:00,2023-06-01 12:00:00+00:00,6.411,6.4,-0.0017158009670876773
SOL,2023-06-01 04:00:00+00:00,2023-06-01 08:00:00+00:00,2023-06-01 12:00:00+00:00,20.618,20.714,0.00465612571539431
XRP,2023-06-01 04:00:00+00:00,2023-06-01 08:00:00+00:00,2023-06-01 12:00:00+00:00,0.5046,0.50542,0.00162504954419318
AVAX,2023-06-05 20:00:00+00:00,2023-06-06 00:00:00+00:00,2023-06-06 04:00:00+00:00,13.86,13.99,0.009379509379509487
SOL,2023-06-05 20:00:00+00:00,2023-06-06 00:00:00+00:00,2023-06-06 04:00:00+00:00,20.008,19.99,-0.0008996401439425039
ADA,2023-06-07 16:00:00+00:00,2023-06-07 20:00:00+00:00,2023-06-08 00:00:00+00:00,0.32326,0.32223,-0.0031862896739466295
LINK,2023-06-07 16:00:00+00:00,2023-06-07 20:00:00+00:00,2023-06-08 00:00:00+00:00,5.936,5.916,-0.003369272237196741
SOL,2023-06-07 16:00:00+00:00,2023-06-07 20:00:00+00:00,2023-06-08 00:00:00+00:00,18.98,18.635,-0.018177028451001
LINK,2023-06-10 08:00:00+00:00,2023-06-10 12:00:00+00:00,2023-06-10 16:00:00+00:00,5.066,5.017,-0.009672325305961182
ADA,2023-06-19 00:00:00+00:00,2023-06-19 04:00:00+00:00,2023-06-19 08:00:00+00:00,0.26058,0.26016,-0.001611789085885218
AVAX,2023-06-19 00:00:00+00:00,2023-06-19 04:00:00+00:00,2023-06-19 08:00:00+00:00,11.32,11.33,0.0008833922261484162
BNB,2023-06-19 00:00:00+00:00,2023-06-19 04:00:00+00:00,2023-06-19 08:00:00+00:00,243.07,243.38,0.0012753527790347885
LINK,2023-06-19 00:00:00+00:00,2023-06-19 04:00:00+00:00,2023-06-19 08:00:00+00:00,5.154,5.146,-0.0015521924718665536
DOT,2023-07-11 00:00:00+00:00,2023-07-11 04:00:00+00:00,2023-07-11 08:00:00+00:00,5.126,5.147,0.004096761607491173
ETH,2023-07-11 00:00:00+00:00,2023-07-11 04:00:00+00:00,2023-07-11 08:00:00+00:00,1880.01,1882.87,0.0015212685038907825
XRP,2023-07-11 00:00:00+00:00,2023-07-11 04:00:00+00:00,2023-07-11 08:00:00+00:00,0.47609,0.47646,0.0007771639816001041
ADA,2023-07-14 08:00:00+00:00,2023-07-14 12:00:00+00:00,2023-07-14 16:00:00+00:00,0.35116,0.34742,-0.010650415764893562
BNB,2023-07-14 08:00:00+00:00,2023-07-14 12:00:00+00:00,2023-07-14 16:00:00+00:00,255.28,256.57,0.005053274835474797
LINK,2023-07-14 08:00:00+00:00,2023-07-14 12:00:00+00:00,2023-07-14 16:00:00+00:00,7.069,7.143,0.010468241618333485
SOL,2023-07-14 08:00:00+00:00,2023-07-14 12:00:00+00:00,2023-07-14 16:00:00+00:00,28.07,28.168,0.003491271820448949
XRP,2023-07-24 04:00:00+00:00,2023-07-24 08:00:00+00:00,2023-07-24 12:00:00+00:00,0.72444,0.69306,-0.04331621666390584
XRP,2023-08-09 20:00:00+00:00,2023-08-10 00:00:00+00:00,2023-08-10 04:00:00+00:00,0.64359,0.63796,-0.008747805279758936
AVAX,2023-08-18 16:00:00+00:00,2023-08-18 20:00:00+00:00,2023-08-19 00:00:00+00:00,10.73,10.81,0.007455731593662529
BNB,2023-08-18 16:00:00+00:00,2023-08-18 20:00:00+00:00,2023-08-19 00:00:00+00:00,216.13,216.03,-0.00046268449544251133
DOT,2023-08-18 16:00:00+00:00,2023-08-18 20:00:00+00:00,2023-08-19 00:00:00+00:00,4.503,4.511,0.0017765933821896063
ETH,2023-08-18 16:00:00+00:00,2023-08-18 20:00:00+00:00,2023-08-19 00:00:00+00:00,1657.79,1661.62,0.002310304682740183
LINK,2023-08-18 16:00:00+00:00,2023-08-18 20:00:00+00:00,2023-08-19 00:00:00+00:00,6.134,6.177,0.007010107597000159
SOL,2023-08-18 16:00:00+00:00,2023-08-18 20:00:00+00:00,2023-08-19 00:00:00+00:00,21.286,21.345,0.002771774875504951
XRP,2023-08-18 16:00:00+00:00,2023-08-18 20:00:00+00:00,2023-08-19 00:00:00+00:00,0.50005,0.50615,0.012198780121987829
LINK,2023-08-24 16:00:00+00:00,2023-08-24 20:00:00+00:00,2023-08-25 00:00:00+00:00,6.064,6.082,0.002968337730870685
SOL,2023-08-24 16:00:00+00:00,2023-08-24 20:00:00+00:00,2023-08-25 00:00:00+00:00,20.922,21.052,0.006213555109454205
ADA,2023-08-30 04:00:00+00:00,2023-08-30 08:00:00+00:00,2023-08-30 12:00:00+00:00,0.2658,0.26446,-0.005041384499623769
AVAX,2023-08-30 04:00:00+00:00,2023-08-30 08:00:00+00:00,2023-08-30 12:00:00+00:00,10.594,10.511,-0.007834623371719807
BNB,2023-08-30 04:00:00+00:00,2023-08-30 08:00:00+00:00,2023-08-30 12:00:00+00:00,225.22,224.18,-0.0046177071308054485
DOT,2023-08-30 04:00:00+00:00,2023-08-30 08:00:00+00:00,2023-08-30 12:00:00+00:00,4.602,4.568,-0.007388092133855051
ETH,2023-08-30 04:00:00+00:00,2023-08-30 08:00:00+00:00,2023-08-30 12:00:00+00:00,1717.99,1716.2,-0.0010419152614392635
LINK,2023-08-30 04:00:00+00:00,2023-08-30 08:00:00+00:00,2023-08-30 12:00:00+00:00,6.069,6.02,-0.008073817762399127
XRP,2023-08-30 04:00:00+00:00,2023-08-30 08:00:00+00:00,2023-08-30 12:00:00+00:00,0.53215,0.52943,-0.005111340787372076
AVAX,2023-09-08 12:00:00+00:00,2023-09-08 16:00:00+00:00,2023-09-08 20:00:00+00:00,9.917,9.92,0.0003025108399716814
BNB,2023-09-08 12:00:00+00:00,2023-09-08 16:00:00+00:00,2023-09-08 20:00:00+00:00,214.06,214.41,0.0016350555918900334
DOT,2023-09-08 12:00:00+00:00,2023-09-08 16:00:00+00:00,2023-09-08 20:00:00+00:00,4.223,4.244,0.004972768174283715
SOL,2023-09-08 12:00:00+00:00,2023-09-08 16:00:00+00:00,2023-09-08 20:00:00+00:00,19.531,19.57,0.001996825559367199
AVAX,2023-10-03 00:00:00+00:00,2023-10-03 04:00:00+00:00,2023-10-03 08:00:00+00:00,9.293,9.343,0.0053803938448295785
AVAX,2023-10-11 04:00:00+00:00,2023-10-11 08:00:00+00:00,2023-10-11 12:00:00+00:00,9.279,9.381,0.01099256385386349
DOT,2023-10-11 04:00:00+00:00,2023-10-11 08:00:00+00:00,2023-10-11 12:00:00+00:00,3.739,3.766,0.007221182134260484
XRP,2023-10-11 04:00:00+00:00,2023-10-11 08:00:00+00:00,2023-10-11 12:00:00+00:00,0.48274,0.48698,0.00878319592327137
BNB,2023-10-20 16:00:00+00:00,2023-10-20 20:00:00+00:00,2023-10-21 00:00:00+00:00,212.79,212.01,-0.003665585788805825
DOT,2023-10-20 16:00:00+00:00,2023-10-20 20:00:00+00:00,2023-10-21 00:00:00+00:00,3.712,3.717,0.0013469827586205518
LINK,2023-10-20 16:00:00+00:00,2023-10-20 20:00:00+00:00,2023-10-21 00:00:00+00:00,7.629,7.573,-0.007340411587363871
SOL,2023-10-20 16:00:00+00:00,2023-10-20 20:00:00+00:00,2023-10-21 00:00:00+00:00,26.887,27.011,0.004611894223974344
XRP,2023-10-20 16:00:00+00:00,2023-10-20 20:00:00+00:00,2023-10-21 00:00:00+00:00,0.52171,0.51499,-0.01288071917348732
ETH,2023-10-24 16:00:00+00:00,2023-10-24 20:00:00+00:00,2023-10-25 00:00:00+00:00,1777.43,1785.0,0.004258958158689818
SOL,2023-10-24 16:00:00+00:00,2023-10-24 20:00:00+00:00,2023-10-25 00:00:00+00:00,30.507,30.169,-0.01107942439440135
LINK,2023-11-14 20:00:00+00:00,2023-11-15 00:00:00+00:00,2023-11-15 04:00:00+00:00,13.951,14.159,0.014909325496380132
AVAX,2023-11-16 20:00:00+00:00,2023-11-17 00:00:00+00:00,2023-11-17 04:00:00+00:00,21.697,23.529,0.08443563626307782
BNB,2023-11-16 20:00:00+00:00,2023-11-17 00:00:00+00:00,2023-11-17 04:00:00+00:00,242.5,244.6,0.008659793814433048
DOT,2023-11-16 20:00:00+00:00,2023-11-17 00:00:00+00:00,2023-11-17 04:00:00+00:00,5.352,5.456,0.01943198804185342
ETH,2023-11-16 20:00:00+00:00,2023-11-17 00:00:00+00:00,2023-11-17 04:00:00+00:00,1961.81,1984.27,0.0114486112314649
LINK,2023-11-16 20:00:00+00:00,2023-11-17 00:00:00+00:00,2023-11-17 04:00:00+00:00,13.865,13.986,0.008727010457987738
SOL,2023-11-16 20:00:00+00:00,2023-11-17 00:00:00+00:00,2023-11-17 04:00:00+00:00,57.77,58.92,0.019906525878483627
XRP,2023-11-16 20:00:00+00:00,2023-11-17 00:00:00+00:00,2023-11-17 04:00:00+00:00,0.6117,0.6216,0.016184404119666596
AVAX,2023-11-23 16:00:00+00:00,2023-11-23 20:00:00+00:00,2023-11-24 00:00:00+00:00,20.493,20.645,0.007417166837456746
DOT,2023-11-23 16:00:00+00:00,2023-11-23 20:00:00+00:00,2023-11-24 00:00:00+00:00,5.106,5.139,0.006462984723854426
SOL,2023-11-23 16:00:00+00:00,2023-11-23 20:00:00+00:00,2023-11-24 00:00:00+00:00,56.34,56.52,0.0031948881789136685
AVAX,2023-12-07 20:00:00+00:00,2023-12-08 00:00:00+00:00,2023-12-08 04:00:00+00:00,26.264,26.705,0.016791044776119257
DOT,2023-12-13 04:00:00+00:00,2023-12-13 08:00:00+00:00,2023-12-13 12:00:00+00:00,6.768,6.755,-0.0019208037825059199
SOL,2023-12-13 04:00:00+00:00,2023-12-13 08:00:00+00:00,2023-12-13 12:00:00+00:00,64.9,65.4,0.007704160246533087
ADA,2023-12-15 16:00:00+00:00,2023-12-15 20:00:00+00:00,2023-12-16 00:00:00+00:00,0.6153,0.6006,-0.023890784982935065
DOT,2023-12-15 16:00:00+00:00,2023-12-15 20:00:00+00:00,2023-12-16 00:00:00+00:00,7.065,6.953,-0.0158527954706299
AVAX,2023-12-22 08:00:00+00:00,2023-12-22 12:00:00+00:00,2023-12-22 16:00:00+00:00,44.571,45.099,0.01184626775257458
SOL,2023-12-22 08:00:00+00:00,2023-12-22 12:00:00+00:00,2023-12-22 16:00:00+00:00,93.81,96.36,0.02718260313399412
BNB,2023-12-23 04:00:00+00:00,2023-12-23 08:00:00+00:00,2023-12-23 12:00:00+00:00,266.4,267.8,0.005255255255255387
AVAX,2023-12-25 00:00:00+00:00,2023-12-25 04:00:00+00:00,2023-12-25 08:00:00+00:00,47.411,47.003,-0.008605597857037406
SOL,2023-12-25 00:00:00+00:00,2023-12-25 04:00:00+00:00,2023-12-25 08:00:00+00:00,112.04,112.97,0.008300606926097798
AVAX,2023-12-28 16:00:00+00:00,2023-12-28 20:00:00+00:00,2023-12-29 00:00:00+00:00,39.955,39.809,-0.0036541108747341067
BNB,2024-01-05 04:00:00+00:00,2024-01-05 08:00:00+00:00,2024-01-05 12:00:00+00:00,317.5,318.1,0.0018897637795276534
DOT,2024-01-05 04:00:00+00:00,2024-01-05 08:00:00+00:00,2024-01-05 12:00:00+00:00,7.62,7.452,-0.022047244094488216
XRP,2024-01-05 04:00:00+00:00,2024-01-05 08:00:00+00:00,2024-01-05 12:00:00+00:00,0.5735,0.5692,-0.007497820401046185
XRP,2024-01-08 04:00:00+00:00,2024-01-08 08:00:00+00:00,2024-01-08 12:00:00+00:00,0.5567,0.5623,0.010059277887551676
AVAX,2024-01-10 00:00:00+00:00,2024-01-10 04:00:00+00:00,2024-01-10 08:00:00+00:00,34.471,34.154,-0.009196135882335699
LINK,2024-01-10 00:00:00+00:00,2024-01-10 04:00:00+00:00,2024-01-10 08:00:00+00:00,13.636,13.673,0.00271340569081846
XRP,2024-01-13 12:00:00+00:00,2024-01-13 16:00:00+00:00,2024-01-13 20:00:00+00:00,0.5742,0.5743,0.0001741553465690604
BNB,2024-01-16 00:00:00+00:00,2024-01-16 04:00:00+00:00,2024-01-16 08:00:00+00:00,315.3,316.0,0.002220107833809104
BNB,2024-01-25 16:00:00+00:00,2024-01-25 20:00:00+00:00,2024-01-26 00:00:00+00:00,291.8,292.0,0.0006854009595613775
ADA,2024-02-01 04:00:00+00:00,2024-02-01 08:00:00+00:00,2024-02-01 12:00:00+00:00,0.4909,0.4889,-0.0040741495212874845
BNB,2024-02-01 04:00:00+00:00,2024-02-01 08:00:00+00:00,2024-02-01 12:00:00+00:00,298.2,299.0,0.0026827632461434714
XRP,2024-02-01 04:00:00+00:00,2024-02-01 08:00:00+00:00,2024-02-01 12:00:00+00:00,0.4928,0.493,0.00040584415584410394
ADA,2024-02-05 16:00:00+00:00,2024-02-05 20:00:00+00:00,2024-02-06 00:00:00+00:00,0.4936,0.4941,0.0010129659643436373
AVAX,2024-02-05 16:00:00+00:00,2024-02-05 20:00:00+00:00,2024-02-06 00:00:00+00:00,34.592,34.551,-0.0011852451433856936
DOT,2024-02-05 16:00:00+00:00,2024-02-05 20:00:00+00:00,2024-02-06 00:00:00+00:00,6.792,6.735,-0.008392226148409843
LINK,2024-02-05 16:00:00+00:00,2024-02-05 20:00:00+00:00,2024-02-06 00:00:00+00:00,19.161,19.165,0.00020875737174463893
ADA,2024-02-13 16:00:00+00:00,2024-02-13 20:00:00+00:00,2024-02-14 00:00:00+00:00,0.5395,0.5448,0.009823911028730148
ETH,2024-02-13 16:00:00+00:00,2024-02-13 20:00:00+00:00,2024-02-14 00:00:00+00:00,2611.8,2640.44,0.010965617581744302
LINK,2024-02-13 16:00:00+00:00,2024-02-13 20:00:00+00:00,2024-02-14 00:00:00+00:00,19.648,19.874,0.011502442996742523
AVAX,2024-02-15 08:00:00+00:00,2024-02-15 12:00:00+00:00,2024-02-15 16:00:00+00:00,42.88,41.879,-0.023344216417910513
AVAX,2024-02-21 12:00:00+00:00,2024-02-21 16:00:00+00:00,2024-02-21 20:00:00+00:00,36.702,36.796,0.0025611683287014575
SOL,2024-03-01 16:00:00+00:00,2024-03-01 20:00:00+00:00,2024-03-02 00:00:00+00:00,130.91,129.42,-0.011381865403712554
DOT,2024-03-05 08:00:00+00:00,2024-03-05 12:00:00+00:00,2024-03-05 16:00:00+00:00,10.479,10.288,-0.018226930050577295
ADA,2024-03-08 00:00:00+00:00,2024-03-08 04:00:00+00:00,2024-03-08 08:00:00+00:00,0.7392,0.7308,-0.011363636363636354
AVAX,2024-03-08 00:00:00+00:00,2024-03-08 04:00:00+00:00,2024-03-08 08:00:00+00:00,42.971,43.118,0.0034209117777106446
BNB,2024-03-08 00:00:00+00:00,2024-03-08 04:00:00+00:00,2024-03-08 08:00:00+00:00,464.6,468.3,0.007963839862247024
LINK,2024-03-08 00:00:00+00:00,2024-03-08 04:00:00+00:00,2024-03-08 08:00:00+00:00,19.989,19.811,-0.008904897693731595
AVAX,2024-03-09 00:00:00+00:00,2024-03-09 04:00:00+00:00,2024-03-09 08:00:00+00:00,42.616,43.058,0.0103716913835179
ADA,2024-03-15 04:00:00+00:00,2024-03-15 08:00:00+00:00,2024-03-15 12:00:00+00:00,0.7207,0.7011,-0.027195781878729064
AVAX,2024-03-15 04:00:00+00:00,2024-03-15 08:00:00+00:00,2024-03-15 12:00:00+00:00,53.772,51.523,-0.041824741501152896
BNB,2024-03-15 04:00:00+00:00,2024-03-15 08:00:00+00:00,2024-03-15 12:00:00+00:00,582.4,583.0,0.0010302197802198876
XRP,2024-03-15 04:00:00+00:00,2024-03-15 08:00:00+00:00,2024-03-15 12:00:00+00:00,0.6358,0.6223,-0.021233092167348366
ETH,2024-03-15 12:00:00+00:00,2024-03-15 16:00:00+00:00,2024-03-15 20:00:00+00:00,3690.35,3689.11,-0.00033601148942508097
ADA,2024-03-16 12:00:00+00:00,2024-03-16 16:00:00+00:00,2024-03-16 20:00:00+00:00,0.7042,0.6665,-0.053535927293382635
AVAX,2024-03-16 12:00:00+00:00,2024-03-16 16:00:00+00:00,2024-03-16 20:00:00+00:00,58.019,52.779,-0.09031524155879966
BNB,2024-03-16 12:00:00+00:00,2024-03-16 16:00:00+00:00,2024-03-16 20:00:00+00:00,601.5,583.9,-0.02926018287614296
DOT,2024-03-16 12:00:00+00:00,2024-03-16 16:00:00+00:00,2024-03-16 20:00:00+00:00,10.287,9.854,-0.042091960727131505
ETH,2024-03-16 12:00:00+00:00,2024-03-16 16:00:00+00:00,2024-03-16 20:00:00+00:00,3679.48,3600.83,-0.021375303031950232
LINK,2024-03-16 12:00:00+00:00,2024-03-16 16:00:00+00:00,2024-03-16 20:00:00+00:00,19.018,18.191,-0.04348511936060584
XRP,2024-03-16 12:00:00+00:00,2024-03-16 16:00:00+00:00,2024-03-16 20:00:00+00:00,0.6248,0.6072,-0.028169014084507116
ADA,2024-03-21 04:00:00+00:00,2024-03-21 08:00:00+00:00,2024-03-21 12:00:00+00:00,0.631,0.6323,0.002060221870047396
AVAX,2024-03-21 04:00:00+00:00,2024-03-21 08:00:00+00:00,2024-03-21 12:00:00+00:00,54.428,54.952,0.009627397662967718
BNB,2024-03-21 04:00:00+00:00,2024-03-21 08:00:00+00:00,2024-03-21 12:00:00+00:00,549.6,558.2,0.015647743813682613
DOT,2024-03-21 04:00:00+00:00,2024-03-21 08:00:00+00:00,2024-03-21 12:00:00+00:00,9.335,9.393,0.006213176218532457
LINK,2024-03-21 04:00:00+00:00,2024-03-21 08:00:00+00:00,2024-03-21 12:00:00+00:00,18.143,18.238,0.005236179242683159
SOL,2024-03-21 04:00:00+00:00,2024-03-21 08:00:00+00:00,2024-03-21 12:00:00+00:00,188.61,189.14,0.002810031281480052
XRP,2024-03-21 04:00:00+00:00,2024-03-21 08:00:00+00:00,2024-03-21 12:00:00+00:00,0.6046,0.6182,0.022494211048627033
ADA,2024-03-21 20:00:00+00:00,2024-03-22 00:00:00+00:00,2024-03-22 04:00:00+00:00,0.6318,0.6345,0.004273504273504258
DOT,2024-03-21 20:00:00+00:00,2024-03-22 00:00:00+00:00,2024-03-22 04:00:00+00:00,9.181,9.243,0.006753077006862229
LINK,2024-03-21 20:00:00+00:00,2024-03-22 00:00:00+00:00,2024-03-22 04:00:00+00:00,18.456,18.483,0.0014629388816644884
ADA,2024-03-29 16:00:00+00:00,2024-03-29 20:00:00+00:00,2024-03-30 00:00:00+00:00,0.6484,0.6648,0.02529302899444774
DOT,2024-03-29 16:00:00+00:00,2024-03-29 20:00:00+00:00,2024-03-30 00:00:00+00:00,9.526,9.605,0.008293092588704587
LINK,2024-03-29 16:00:00+00:00,2024-03-29 20:00:00+00:00,2024-03-30 00:00:00+00:00,18.948,18.975,0.0014249525015832543
ADA,2024-04-05 20:00:00+00:00,2024-04-06 00:00:00+00:00,2024-04-06 04:00:00+00:00,0.5742,0.5806,0.011145942180424973
AVAX,2024-04-05 20:00:00+00:00,2024-04-06 00:00:00+00:00,2024-04-06 04:00:00+00:00,45.307,46.649,0.029620146997152652
BNB,2024-04-05 20:00:00+00:00,2024-04-06 00:00:00+00:00,2024-04-06 04:00:00+00:00,577.9,580.7,0.0048451289150373
ETH,2024-04-05 20:00:00+00:00,2024-04-06 00:00:00+00:00,2024-04-06 04:00:00+00:00,3317.65,3331.74,0.004246982050547743
LINK,2024-04-05 20:00:00+00:00,2024-04-06 00:00:00+00:00,2024-04-06 04:00:00+00:00,17.326,17.37,0.0025395359575204335
SOL,2024-04-05 20:00:00+00:00,2024-04-06 00:00:00+00:00,2024-04-06 04:00:00+00:00,174.4,175.94,0.008830275229357643
XRP,2024-04-05 20:00:00+00:00,2024-04-06 00:00:00+00:00,2024-04-06 04:00:00+00:00,0.587,0.5893,0.003918228279386815
ETH,2024-04-09 08:00:00+00:00,2024-04-09 12:00:00+00:00,2024-04-09 16:00:00+00:00,3633.54,3530.39,-0.028388293509910456
AVAX,2024-04-15 20:00:00+00:00,2024-04-16 00:00:00+00:00,2024-04-16 04:00:00+00:00,35.156,34.643,-0.014592103766071118
BNB,2024-04-15 20:00:00+00:00,2024-04-16 00:00:00+00:00,2024-04-16 04:00:00+00:00,552.3,544.4,-0.014303820387470578
DOT,2024-04-15 20:00:00+00:00,2024-04-16 00:00:00+00:00,2024-04-16 04:00:00+00:00,6.707,6.595,-0.01669897122409425
LINK,2024-04-15 20:00:00+00:00,2024-04-16 00:00:00+00:00,2024-04-16 04:00:00+00:00,13.586,13.354,-0.017076402178713423
ADA,2024-04-24 20:00:00+00:00,2024-04-25 00:00:00+00:00,2024-04-25 04:00:00+00:00,0.4746,0.4734,-0.0025284450063212116
AVAX,2024-04-24 20:00:00+00:00,2024-04-25 00:00:00+00:00,2024-04-25 04:00:00+00:00,36.367,35.862,-0.01388621552506386
DOT,2024-04-24 20:00:00+00:00,2024-04-25 00:00:00+00:00,2024-04-25 04:00:00+00:00,6.933,6.928,-0.0007211885186787503
LINK,2024-04-24 20:00:00+00:00,2024-04-25 00:00:00+00:00,2024-04-25 04:00:00+00:00,14.538,14.546,0.0005502820195348868
SOL,2024-04-24 20:00:00+00:00,2024-04-25 00:00:00+00:00,2024-04-25 04:00:00+00:00,147.74,146.06,-0.011371328008663917
XRP,2024-04-24 20:00:00+00:00,2024-04-25 00:00:00+00:00,2024-04-25 04:00:00+00:00,0.5275,0.5257,-0.0034123222748815296
ADA,2024-04-26 16:00:00+00:00,2024-04-26 20:00:00+00:00,2024-04-27 00:00:00+00:00,0.4646,0.4632,-0.0030133448127421802
AVAX,2024-04-26 16:00:00+00:00,2024-04-26 20:00:00+00:00,2024-04-27 00:00:00+00:00,34.877,34.43,-0.012816469306419775
LINK,2024-04-26 16:00:00+00:00,2024-04-26 20:00:00+00:00,2024-04-27 00:00:00+00:00,14.656,14.492,-0.011189956331877693
SOL,2024-04-26 16:00:00+00:00,2024-04-26 20:00:00+00:00,2024-04-27 00:00:00+00:00,142.67,139.22,-0.024181677998177498
ADA,2024-04-29 04:00:00+00:00,2024-04-29 08:00:00+00:00,2024-04-29 12:00:00+00:00,0.4508,0.4533,0.005545696539485334
AVAX,2024-04-29 04:00:00+00:00,2024-04-29 08:00:00+00:00,2024-04-29 12:00:00+00:00,33.204,33.222,0.0005421033610408799
BNB,2024-04-29 04:00:00+00:00,2024-04-29 08:00:00+00:00,2024-04-29 12:00:00+00:00,587.8,584.2,-0.006124532153793605
DOT,2024-04-29 04:00:00+00:00,2024-04-29 08:00:00+00:00,2024-04-29 12:00:00+00:00,6.578,6.507,-0.010793554271815275
XRP,2024-04-29 04:00:00+00:00,2024-04-29 08:00:00+00:00,2024-04-29 12:00:00+00:00,0.5025,0.5058,0.006567164179104745
AVAX,2024-05-01 16:00:00+00:00,2024-05-01 20:00:00+00:00,2024-05-02 00:00:00+00:00,32.428,33.331,0.02784630566177393
ADA,2024-05-02 04:00:00+00:00,2024-05-02 08:00:00+00:00,2024-05-02 12:00:00+00:00,0.4444,0.453,0.01935193519351941
AVAX,2024-05-02 04:00:00+00:00,2024-05-02 08:00:00+00:00,2024-05-02 12:00:00+00:00,32.659,33.763,0.03380385192443125
ETH,2024-05-02 04:00:00+00:00,2024-05-02 08:00:00+00:00,2024-05-02 12:00:00+00:00,2920.88,2995.41,0.025516282764098452
AVAX,2024-05-05 04:00:00+00:00,2024-05-05 08:00:00+00:00,2024-05-05 12:00:00+00:00,36.961,37.025,0.0017315548821730253
DOT,2024-05-05 04:00:00+00:00,2024-05-05 08:00:00+00:00,2024-05-05 12:00:00+00:00,7.078,7.072,-0.0008476970895733293
AVAX,2024-05-08 00:00:00+00:00,2024-05-08 04:00:00+00:00,2024-05-08 08:00:00+00:00,35.3,34.565,-0.020821529745042477
AVAX,2024-05-08 08:00:00+00:00,2024-05-08 12:00:00+00:00,2024-05-08 16:00:00+00:00,34.408,34.494,0.002499418739827952
DOT,2024-05-08 08:00:00+00:00,2024-05-08 12:00:00+00:00,2024-05-08 16:00:00+00:00,6.952,7.154,0.029056386651323374
ETH,2024-05-08 08:00:00+00:00,2024-05-08 12:00:00+00:00,2024-05-08 16:00:00+00:00,2990.84,3007.28,0.005496783512324299
LINK,2024-05-08 08:00:00+00:00,2024-05-08 12:00:00+00:00,2024-05-08 16:00:00+00:00,13.78,14.002,0.01611030478955011
SOL,2024-05-08 08:00:00+00:00,2024-05-08 12:00:00+00:00,2024-05-08 16:00:00+00:00,145.4,145.83,0.0029573590096285685
XRP,2024-05-08 08:00:00+00:00,2024-05-08 12:00:00+00:00,2024-05-08 16:00:00+00:00,0.5197,0.5276,0.015201077544737096
XRP,2024-05-16 20:00:00+00:00,2024-05-17 00:00:00+00:00,2024-05-17 04:00:00+00:00,0.5158,0.5167,0.001744862349748022
ADA,2024-05-19 20:00:00+00:00,2024-05-20 00:00:00+00:00,2024-05-20 04:00:00+00:00,0.4672,0.4704,0.006849315068493178
LINK,2024-05-19 20:00:00+00:00,2024-05-20 00:00:00+00:00,2024-05-20 04:00:00+00:00,16.559,16.935,0.022706685186303366
ETH,2024-05-23 20:00:00+00:00,2024-05-24 00:00:00+00:00,2024-05-24 04:00:00+00:00,3783.29,3803.92,0.005452925892543314
AVAX,2024-06-06 20:00:00+00:00,2024-06-07 00:00:00+00:00,2024-06-07 04:00:00+00:00,35.898,35.859,-0.0010864114992479301
ETH,2024-06-07 20:00:00+00:00,2024-06-08 00:00:00+00:00,2024-06-08 04:00:00+00:00,3679.13,3690.16,0.002997991372960307
ADA,2024-06-13 04:00:00+00:00,2024-06-13 08:00:00+00:00,2024-06-13 12:00:00+00:00,0.4312,0.4295,-0.003942486085343311
AVAX,2024-06-13 04:00:00+00:00,2024-06-13 08:00:00+00:00,2024-06-13 12:00:00+00:00,32.418,31.851,-0.01749028317601331
DOT,2024-06-13 04:00:00+00:00,2024-06-13 08:00:00+00:00,2024-06-13 12:00:00+00:00,6.528,6.469,-0.009037990196078316
BNB,2024-06-18 04:00:00+00:00,2024-06-18 08:00:00+00:00,2024-06-18 12:00:00+00:00,593.5,583.7,-0.01651221566975558
LINK,2024-06-18 04:00:00+00:00,2024-06-18 08:00:00+00:00,2024-06-18 12:00:00+00:00,13.726,13.641,-0.006192627130992334
BNB,2024-06-20 16:00:00+00:00,2024-06-20 20:00:00+00:00,2024-06-21 00:00:00+00:00,593.1,587.4,-0.00961052099140114
XRP,2024-06-20 16:00:00+00:00,2024-06-20 20:00:00+00:00,2024-06-21 00:00:00+00:00,0.4913,0.4886,-0.005495623855078402
ADA,2024-06-28 20:00:00+00:00,2024-06-29 00:00:00+00:00,2024-06-29 04:00:00+00:00,0.3857,0.4005,0.03837179154783521
AVAX,2024-06-28 20:00:00+00:00,2024-06-29 00:00:00+00:00,2024-06-29 04:00:00+00:00,27.96,28.392,0.015450643776824036
BNB,2024-06-28 20:00:00+00:00,2024-06-29 00:00:00+00:00,2024-06-29 04:00:00+00:00,567.5,569.5,0.0035242290748898064
DOT,2024-06-28 20:00:00+00:00,2024-06-29 00:00:00+00:00,2024-06-29 04:00:00+00:00,6.189,6.257,0.010987235417676544
ETH,2024-06-28 20:00:00+00:00,2024-06-29 00:00:00+00:00,2024-06-29 04:00:00+00:00,3380.39,3386.15,0.0017039454027494294
LINK,2024-06-28 20:00:00+00:00,2024-06-29 00:00:00+00:00,2024-06-29 04:00:00+00:00,13.779,14.089,0.022498004209304145
SOL,2024-06-28 20:00:00+00:00,2024-06-29 00:00:00+00:00,2024-06-29 04:00:00+00:00,140.05,141.76,0.01220992502677598
XRP,2024-06-28 20:00:00+00:00,2024-06-29 00:00:00+00:00,2024-06-29 04:00:00+00:00,0.4715,0.4746,0.006574761399787965
DOT,2024-07-01 12:00:00+00:00,2024-07-01 16:00:00+00:00,2024-07-01 20:00:00+00:00,6.361,6.38,0.002986951737148358
LINK,2024-07-01 12:00:00+00:00,2024-07-01 16:00:00+00:00,2024-07-01 20:00:00+00:00,14.387,14.47,0.005769097101550047
ETH,2024-07-02 16:00:00+00:00,2024-07-02 20:00:00+00:00,2024-07-03 00:00:00+00:00,3416.28,3421.63,0.001566030887397929
AVAX,2024-07-07 08:00:00+00:00,2024-07-07 12:00:00+00:00,2024-07-07 16:00:00+00:00,26.343,25.868,-0.01803135557833202
BNB,2024-07-07 08:00:00+00:00,2024-07-07 12:00:00+00:00,2024-07-07 16:00:00+00:00,508.8,498.2,-0.02083333333333337
XRP,2024-07-07 08:00:00+00:00,2024-07-07 12:00:00+00:00,2024-07-07 16:00:00+00:00,0.4348,0.4271,-0.01770929162833501
ADA,2024-07-07 16:00:00+00:00,2024-07-07 20:00:00+00:00,2024-07-08 00:00:00+00:00,0.3559,0.3467,-0.025849957853329553
AVAX,2024-07-08 16:00:00+00:00,2024-07-08 20:00:00+00:00,2024-07-09 00:00:00+00:00,25.41,25.209,-0.00791027154663515
DOT,2024-07-08 16:00:00+00:00,2024-07-08 20:00:00+00:00,2024-07-09 00:00:00+00:00,5.961,5.942,-0.003187384667002191
ADA,2024-07-18 16:00:00+00:00,2024-07-18 20:00:00+00:00,2024-07-19 00:00:00+00:00,0.4218,0.4235,0.004030346135609264
AVAX,2024-07-18 16:00:00+00:00,2024-07-18 20:00:00+00:00,2024-07-19 00:00:00+00:00,26.877,27.135,0.009599285634557475
ADA,2024-07-19 08:00:00+00:00,2024-07-19 12:00:00+00:00,2024-07-19 16:00:00+00:00,0.4209,0.4314,0.024946543121881604
AVAX,2024-07-19 08:00:00+00:00,2024-07-19 12:00:00+00:00,2024-07-19 16:00:00+00:00,26.855,27.629,0.02882144851982882
LINK,2024-07-19 08:00:00+00:00,2024-07-19 12:00:00+00:00,2024-07-19 16:00:00+00:00,13.436,13.88,0.033045549270616315
SOL,2024-07-23 08:00:00+00:00,2024-07-23 12:00:00+00:00,2024-07-23 16:00:00+00:00,175.68,176.5,0.004667577413479007
XRP,2024-07-23 08:00:00+00:00,2024-07-23 12:00:00+00:00,2024-07-23 16:00:00+00:00,0.5963,0.6006,0.00721113533456319
AVAX,2024-07-23 20:00:00+00:00,2024-07-24 00:00:00+00:00,2024-07-24 04:00:00+00:00,29.806,28.939,-0.029088103066496673
DOT,2024-07-23 20:00:00+00:00,2024-07-24 00:00:00+00:00,2024-07-24 04:00:00+00:00,5.918,5.943,0.0042244001351807725
AVAX,2024-07-25 04:00:00+00:00,2024-07-25 08:00:00+00:00,2024-07-25 12:00:00+00:00,27.299,27.321,0.0008058903256529248
SOL,2024-07-25 04:00:00+00:00,2024-07-25 08:00:00+00:00,2024-07-25 12:00:00+00:00,169.39,168.85,-0.003187909557825108
ADA,2024-08-01 04:00:00+00:00,2024-08-01 08:00:00+00:00,2024-08-01 12:00:00+00:00,0.3852,0.3915,0.016355140186915973
AVAX,2024-08-01 04:00:00+00:00,2024-08-01 08:00:00+00:00,2024-08-01 12:00:00+00:00,25.335,25.386,0.002013025458851292
BNB,2024-08-01 04:00:00+00:00,2024-08-01 08:00:00+00:00,2024-08-01 12:00:00+00:00,568.9,572.5,0.006328001406222583
DOT,2024-08-01 04:00:00+00:00,2024-08-01 08:00:00+00:00,2024-08-01 12:00:00+00:00,5.36,5.368,0.0014925373134329067
ETH,2024-08-01 04:00:00+00:00,2024-08-01 08:00:00+00:00,2024-08-01 12:00:00+00:00,3166.64,3188.45,0.0068874264204330515
SOL,2024-08-01 04:00:00+00:00,2024-08-01 08:00:00+00:00,2024-08-01 12:00:00+00:00,168.17,169.68,0.008979009335791321
XRP,2024-08-01 04:00:00+00:00,2024-08-01 08:00:00+00:00,2024-08-01 12:00:00+00:00,0.6086,0.61,0.0023003614853762677
ADA,2024-08-01 16:00:00+00:00,2024-08-01 20:00:00+00:00,2024-08-02 00:00:00+00:00,0.3779,0.3925,0.03863455940725058
LINK,2024-08-01 16:00:00+00:00,2024-08-01 20:00:00+00:00,2024-08-02 00:00:00+00:00,12.418,12.882,0.037365115155419515
SOL,2024-08-01 16:00:00+00:00,2024-08-01 20:00:00+00:00,2024-08-02 00:00:00+00:00,162.36,167.36,0.03079576250307947
XRP,2024-08-01 16:00:00+00:00,2024-08-01 20:00:00+00:00,2024-08-02 00:00:00+00:00,0.5822,0.5964,0.024390243902439046
BNB,2024-08-03 00:00:00+00:00,2024-08-03 04:00:00+00:00,2024-08-03 08:00:00+00:00,542.0,540.8,-0.0022140221402214832
ETH,2024-08-03 00:00:00+00:00,2024-08-03 04:00:00+00:00,2024-08-03 08:00:00+00:00,2982.11,2983.43,0.0004426396075261074
ETH,2024-08-04 16:00:00+00:00,2024-08-04 20:00:00+00:00,2024-08-05 00:00:00+00:00,2757.2,2689.08,-0.02470622370520814
AVAX,2024-08-07 20:00:00+00:00,2024-08-08 00:00:00+00:00,2024-08-08 04:00:00+00:00,19.856,20.646,0.03978646253021756
DOT,2024-08-07 20:00:00+00:00,2024-08-08 00:00:00+00:00,2024-08-08 04:00:00+00:00,4.577,4.732,0.03386497705920921
ETH,2024-08-07 20:00:00+00:00,2024-08-08 00:00:00+00:00,2024-08-08 04:00:00+00:00,2342.32,2430.0,0.037432972437583256
LINK,2024-08-07 20:00:00+00:00,2024-08-08 00:00:00+00:00,2024-08-08 04:00:00+00:00,9.493,9.957,0.04887812072053088
XRP,2024-08-12 20:00:00+00:00,2024-08-13 00:00:00+00:00,2024-08-13 04:00:00+00:00,0.5683,0.5652,-0.00545486538799933
ADA,2024-08-17 00:00:00+00:00,2024-08-17 04:00:00+00:00,2024-08-17 08:00:00+00:00,0.3286,0.3298,0.0036518563603165077
DOT,2024-08-17 00:00:00+00:00,2024-08-17 04:00:00+00:00,2024-08-17 08:00:00+00:00,4.29,4.31,0.004662004662004504
LINK,2024-08-17 00:00:00+00:00,2024-08-17 04:00:00+00:00,2024-08-17 08:00:00+00:00,10.101,10.088,-0.0012870012870014325
SOL,2024-08-17 00:00:00+00:00,2024-08-17 04:00:00+00:00,2024-08-17 08:00:00+00:00,138.88,139.44,0.0040322580645162365
XRP,2024-08-17 00:00:00+00:00,2024-08-17 04:00:00+00:00,2024-08-17 08:00:00+00:00,0.5628,0.5648,0.003553660270078085
ADA,2024-08-19 00:00:00+00:00,2024-08-19 04:00:00+00:00,2024-08-19 08:00:00+00:00,0.3336,0.3309,-0.008093525179856065
ADA,2024-08-22 04:00:00+00:00,2024-08-22 08:00:00+00:00,2024-08-22 12:00:00+00:00,0.366,0.3736,0.02076502732240426
LINK,2024-08-22 04:00:00+00:00,2024-08-22 08:00:00+00:00,2024-08-22 12:00:00+00:00,11.332,11.319,-0.0011471937875043858
BNB,2024-08-27 16:00:00+00:00,2024-08-27 20:00:00+00:00,2024-08-28 00:00:00+00:00,550.0,533.4,-0.0301818181818182
XRP,2024-08-27 16:00:00+00:00,2024-08-27 20:00:00+00:00,2024-08-28 00:00:00+00:00,0.5931,0.5666,-0.04468049232844373
DOT,2024-08-28 00:00:00+00:00,2024-08-28 04:00:00+00:00,2024-08-28 08:00:00+00:00,4.352,4.301,-0.01171875
AVAX,2024-08-29 20:00:00+00:00,2024-08-30 00:00:00+00:00,2024-08-30 04:00:00+00:00,22.892,22.982,0.003931504455705115
ETH,2024-08-29 20:00:00+00:00,2024-08-30 00:00:00+00:00,2024-08-30 04:00:00+00:00,2527.69,2517.19,-0.004153990402304131
LINK,2024-08-29 20:00:00+00:00,2024-08-30 00:00:00+00:00,2024-08-30 04:00:00+00:00,10.942,11.011,0.006305976969475324
SOL,2024-08-29 20:00:00+00:00,2024-08-30 00:00:00+00:00,2024-08-30 04:00:00+00:00,140.02,138.78,-0.00885587773175267
XRP,2024-08-29 20:00:00+00:00,2024-08-30 00:00:00+00:00,2024-08-30 04:00:00+00:00,0.5618,0.5616,-0.0003559985760056561
DOT,2024-09-03 16:00:00+00:00,2024-09-03 20:00:00+00:00,2024-09-04 00:00:00+00:00,4.106,4.062,-0.010716025328787016
BNB,2024-09-04 04:00:00+00:00,2024-09-04 08:00:00+00:00,2024-09-04 12:00:00+00:00,510.2,498.9,-0.022148177185417506
ADA,2024-09-05 16:00:00+00:00,2024-09-05 20:00:00+00:00,2024-09-06 00:00:00+00:00,0.3218,0.325,0.009944064636420169
AVAX,2024-09-05 16:00:00+00:00,2024-09-05 20:00:00+00:00,2024-09-06 00:00:00+00:00,21.318,21.368,0.002345435781968108
BNB,2024-09-05 16:00:00+00:00,2024-09-05 20:00:00+00:00,2024-09-06 00:00:00+00:00,499.3,502.5,0.006408972561586124
ETH,2024-09-05 16:00:00+00:00,2024-09-05 20:00:00+00:00,2024-09-06 00:00:00+00:00,2363.41,2368.91,0.002327145945900222
LINK,2024-09-05 16:00:00+00:00,2024-09-05 20:00:00+00:00,2024-09-06 00:00:00+00:00,9.953,10.025,0.00723399979905559
SOL,2024-09-05 16:00:00+00:00,2024-09-05 20:00:00+00:00,2024-09-06 00:00:00+00:00,128.48,129.39,0.007082814445828145
XRP,2024-09-05 16:00:00+00:00,2024-09-05 20:00:00+00:00,2024-09-06 00:00:00+00:00,0.5428,0.5444,0.0029476787030213725
LINK,2024-09-06 08:00:00+00:00,2024-09-06 12:00:00+00:00,2024-09-06 16:00:00+00:00,9.905,9.684,-0.02231196365471988
SOL,2024-09-06 20:00:00+00:00,2024-09-07 00:00:00+00:00,2024-09-07 04:00:00+00:00,125.0,125.17,0.0013600000000000279
ADA,2024-09-12 16:00:00+00:00,2024-09-12 20:00:00+00:00,2024-09-13 00:00:00+00:00,0.3541,0.3563,0.006212934199378628
ADA,2024-09-16 16:00:00+00:00,2024-09-16 20:00:00+00:00,2024-09-17 00:00:00+00:00,0.3294,0.3301,0.002125075895567541
AVAX,2024-09-16 16:00:00+00:00,2024-09-16 20:00:00+00:00,2024-09-17 00:00:00+00:00,23.463,23.512,0.002088394493457768
BNB,2024-09-16 16:00:00+00:00,2024-09-16 20:00:00+00:00,2024-09-17 00:00:00+00:00,532.5,533.5,0.001877934272300541
DOT,2024-09-16 16:00:00+00:00,2024-09-16 20:00:00+00:00,2024-09-17 00:00:00+00:00,4.218,4.196,-0.005215742057847361
ETH,2024-09-16 16:00:00+00:00,2024-09-16 20:00:00+00:00,2024-09-17 00:00:00+00:00,2275.34,2295.61,0.008908558720894355
LINK,2024-09-16 16:00:00+00:00,2024-09-16 20:00:00+00:00,2024-09-17 00:00:00+00:00,10.53,10.544,0.0013295346628681148
SOL,2024-09-16 16:00:00+00:00,2024-09-16 20:00:00+00:00,2024-09-17 00:00:00+00:00,131.12,131.46,0.002593044539353384
ADA,2024-09-17 20:00:00+00:00,2024-09-18 00:00:00+00:00,2024-09-18 04:00:00+00:00,0.3336,0.3366,0.008992805755395628
AVAX,2024-09-17 20:00:00+00:00,2024-09-18 00:00:00+00:00,2024-09-18 04:00:00+00:00,23.776,23.847,0.00298620457604315
DOT,2024-09-17 20:00:00+00:00,2024-09-18 00:00:00+00:00,2024-09-18 04:00:00+00:00,4.157,4.162,0.0012027904738993733
ETH,2024-09-17 20:00:00+00:00,2024-09-18 00:00:00+00:00,2024-09-18 04:00:00+00:00,2342.11,2335.01,-0.003031454543125589
LINK,2024-09-17 20:00:00+00:00,2024-09-18 00:00:00+00:00,2024-09-18 04:00:00+00:00,10.622,10.646,0.0022594614950104397
SOL,2024-09-17 20:00:00+00:00,2024-09-18 00:00:00+00:00,2024-09-18 04:00:00+00:00,131.52,131.67,0.0011405109489048826
XRP,2024-09-17 20:00:00+00:00,2024-09-18 00:00:00+00:00,2024-09-18 04:00:00+00:00,0.5838,0.5803,-0.005995203836930418
ETH,2024-10-02 20:00:00+00:00,2024-10-03 00:00:00+00:00,2024-10-03 04:00:00+00:00,2364.0,2399.19,0.014885786802030454
XRP,2024-10-02 20:00:00+00:00,2024-10-03 00:00:00+00:00,2024-10-03 04:00:00+00:00,0.5382,0.5377,-0.000929022668153201
ADA,2024-10-15 04:00:00+00:00,2024-10-15 08:00:00+00:00,2024-10-15 12:00:00+00:00,0.3596,0.3552,-0.012235817575083296
BNB,2024-10-15 04:00:00+00:00,2024-10-15 08:00:00+00:00,2024-10-15 12:00:00+00:00,584.7,585.2,0.0008551393877203051
SOL,2024-10-15 04:00:00+00:00,2024-10-15 08:00:00+00:00,2024-10-15 12:00:00+00:00,155.11,152.43,-0.017278060731094058
XRP,2024-10-15 04:00:00+00:00,2024-10-15 08:00:00+00:00,2024-10-15 12:00:00+00:00,0.546,0.536,-0.01831501831501836
XRP,2024-10-17 20:00:00+00:00,2024-10-18 00:00:00+00:00,2024-10-18 04:00:00+00:00,0.5442,0.5434,-0.0014700477765527964
ADA,2024-11-04 20:00:00+00:00,2024-11-05 00:00:00+00:00,2024-11-05 04:00:00+00:00,0.3263,0.3303,0.012258657676984308
AVAX,2024-11-04 20:00:00+00:00,2024-11-05 00:00:00+00:00,2024-11-05 04:00:00+00:00,22.726,22.856,0.005720320337939011
BNB,2024-11-04 20:00:00+00:00,2024-11-05 00:00:00+00:00,2024-11-05 04:00:00+00:00,552.5,555.4,0.005248868778280569
DOT,2024-11-04 20:00:00+00:00,2024-11-05 00:00:00+00:00,2024-11-05 04:00:00+00:00,3.751,3.799,0.012796587576646257
ETH,2024-11-04 20:00:00+00:00,2024-11-05 00:00:00+00:00,2024-11-05 04:00:00+00:00,2398.5,2421.18,0.009455909943714813
LINK,2024-11-04 20:00:00+00:00,2024-11-05 00:00:00+00:00,2024-11-05 04:00:00+00:00,10.253,10.422,0.01648298059104647
SOL,2024-11-04 20:00:00+00:00,2024-11-05 00:00:00+00:00,2024-11-05 04:00:00+00:00,157.95,159.64,0.010699588477366184
XRP,2024-11-04 20:00:00+00:00,2024-11-05 00:00:00+00:00,2024-11-05 04:00:00+00:00,0.5033,0.5056,0.004569839062189773
ADA,2024-11-06 08:00:00+00:00,2024-11-06 12:00:00+00:00,2024-11-06 16:00:00+00:00,0.3581,0.3532,-0.013683328679139795
BNB,2024-11-06 08:00:00+00:00,2024-11-06 12:00:00+00:00,2024-11-06 16:00:00+00:00,581.9,583.2,0.002234060835195173
XRP,2024-11-06 08:00:00+00:00,2024-11-06 12:00:00+00:00,2024-11-06 16:00:00+00:00,0.5345,0.5306,-0.007296538821328413
SOL,2024-11-15 00:00:00+00:00,2024-11-15 04:00:00+00:00,2024-11-15 08:00:00+00:00,209.12,209.23,0.0005260137719969027
BNB,2024-11-26 12:00:00+00:00,2024-11-26 16:00:00+00:00,2024-11-26 20:00:00+00:00,614.2,610.2,-0.00651253663301854
ETH,2024-11-26 12:00:00+00:00,2024-11-26 16:00:00+00:00,2024-11-26 20:00:00+00:00,3297.08,3301.21,0.001252623533550823
SOL,2024-11-26 12:00:00+00:00,2024-11-26 16:00:00+00:00,2024-11-26 20:00:00+00:00,227.43,229.04,0.007079101261926679
ADA,2024-12-02 20:00:00+00:00,2024-12-03 00:00:00+00:00,2024-12-03 04:00:00+00:00,1.2031,1.2992,0.07987698445681968
XRP,2024-12-02 20:00:00+00:00,2024-12-03 00:00:00+00:00,2024-12-03 04:00:00+00:00,2.7233,2.7748,0.01891088018213183
ADA,2024-12-09 04:00:00+00:00,2024-12-09 08:00:00+00:00,2024-12-09 12:00:00+00:00,1.1571,1.1039,-0.04597701149425282
AVAX,2024-12-09 04:00:00+00:00,2024-12-09 08:00:00+00:00,2024-12-09 12:00:00+00:00,51.4,49.249,-0.04184824902723727
BNB,2024-12-09 04:00:00+00:00,2024-12-09 08:00:00+00:00,2024-12-09 12:00:00+00:00,720.5,715.6,-0.006800832755031183
DOT,2024-12-09 04:00:00+00:00,2024-12-09 08:00:00+00:00,2024-12-09 12:00:00+00:00,9.877,9.457,-0.04252303330970941
ETH,2024-12-09 04:00:00+00:00,2024-12-09 08:00:00+00:00,2024-12-09 12:00:00+00:00,3918.87,3852.64,-0.01690027992763221
LINK,2024-12-09 04:00:00+00:00,2024-12-09 08:00:00+00:00,2024-12-09 12:00:00+00:00,26.214,24.629,-0.06046387426565947
SOL,2024-12-09 04:00:00+00:00,2024-12-09 08:00:00+00:00,2024-12-09 12:00:00+00:00,231.57,226.04,-0.023880468108995134
XRP,2024-12-09 04:00:00+00:00,2024-12-09 08:00:00+00:00,2024-12-09 12:00:00+00:00,2.4432,2.3734,-0.028569089718401997
SOL,2024-12-12 20:00:00+00:00,2024-12-13 00:00:00+00:00,2024-12-13 04:00:00+00:00,226.95,227.15,0.0008812513769553831
XRP,2024-12-12 20:00:00+00:00,2024-12-13 00:00:00+00:00,2024-12-13 04:00:00+00:00,2.3385,2.3511,0.005388069275176655
DOT,2024-12-19 00:00:00+00:00,2024-12-19 04:00:00+00:00,2024-12-19 08:00:00+00:00,7.65,7.639,-0.0014379084967320876
DOT,2024-12-19 20:00:00+00:00,2024-12-20 00:00:00+00:00,2024-12-20 04:00:00+00:00,6.94,7.122,0.026224783861671375
ETH,2024-12-19 20:00:00+00:00,2024-12-20 00:00:00+00:00,2024-12-20 04:00:00+00:00,3417.21,3413.9,-0.0009686264525738952
ADA,2024-12-26 12:00:00+00:00,2024-12-26 16:00:00+00:00,2024-12-26 20:00:00+00:00,0.8666,0.8643,-0.002654050311562517
AVAX,2024-12-26 12:00:00+00:00,2024-12-26 16:00:00+00:00,2024-12-26 20:00:00+00:00,37.679,37.606,-0.0019374187213037075
BNB,2024-12-26 12:00:00+00:00,2024-12-26 16:00:00+00:00,2024-12-26 20:00:00+00:00,691.3,691.9,0.000867929986981153
DOT,2024-12-26 12:00:00+00:00,2024-12-26 16:00:00+00:00,2024-12-26 20:00:00+00:00,6.958,6.98,0.0031618281115264324
ETH,2024-12-26 12:00:00+00:00,2024-12-26 16:00:00+00:00,2024-12-26 20:00:00+00:00,3344.24,3339.95,-0.001282802669664851
LINK,2024-12-26 12:00:00+00:00,2024-12-26 16:00:00+00:00,2024-12-26 20:00:00+00:00,22.755,22.809,0.0023731048121293785
SOL,2024-12-26 12:00:00+00:00,2024-12-26 16:00:00+00:00,2024-12-26 20:00:00+00:00,188.68,189.16,0.0025439898240406933
XRP,2024-12-26 12:00:00+00:00,2024-12-26 16:00:00+00:00,2024-12-26 20:00:00+00:00,2.1659,2.1668,0.0004155316496605721
LINK,2024-12-27 16:00:00+00:00,2024-12-27 20:00:00+00:00,2024-12-28 00:00:00+00:00,22.234,21.563,-0.030179005127282665
ADA,2024-12-29 20:00:00+00:00,2024-12-30 00:00:00+00:00,2024-12-30 04:00:00+00:00,0.8589,0.8723,0.015601350564675709
AVAX,2024-12-29 20:00:00+00:00,2024-12-30 00:00:00+00:00,2024-12-30 04:00:00+00:00,35.832,36.402,0.01590756865371734
BNB,2024-12-29 20:00:00+00:00,2024-12-30 00:00:00+00:00,2024-12-30 04:00:00+00:00,694.6,696.3,0.0024474517708032995
DOT,2024-12-29 20:00:00+00:00,2024-12-30 00:00:00+00:00,2024-12-30 04:00:00+00:00,6.866,6.959,0.01354500436935635
ETH,2024-12-29 20:00:00+00:00,2024-12-30 00:00:00+00:00,2024-12-30 04:00:00+00:00,3356.66,3404.0,0.014103305071112349
LINK,2024-12-29 20:00:00+00:00,2024-12-30 00:00:00+00:00,2024-12-30 04:00:00+00:00,20.951,21.103,0.007255023626557167
SOL,2024-12-29 20:00:00+00:00,2024-12-30 00:00:00+00:00,2024-12-30 04:00:00+00:00,189.94,191.35,0.0074233968621670865
XRP,2024-12-29 20:00:00+00:00,2024-12-30 00:00:00+00:00,2024-12-30 04:00:00+00:00,2.0938,2.1012,0.0035342439583532226
ADA,2025-01-07 20:00:00+00:00,2025-01-08 00:00:00+00:00,2025-01-08 04:00:00+00:00,0.9891,0.9978,0.008795875037913348
AVAX,2025-01-07 20:00:00+00:00,2025-01-08 00:00:00+00:00,2025-01-08 04:00:00+00:00,39.196,38.907,-0.007373201347076308
DOT,2025-01-07 20:00:00+00:00,2025-01-08 00:00:00+00:00,2025-01-08 04:00:00+00:00,7.012,6.945,-0.009555048488305684
ETH,2025-01-07 20:00:00+00:00,2025-01-08 00:00:00+00:00,2025-01-08 04:00:00+00:00,3380.78,3360.55,-0.005983826217618393
LINK,2025-01-07 20:00:00+00:00,2025-01-08 00:00:00+00:00,2025-01-08 04:00:00+00:00,21.384,21.156,-0.010662177328844114
SOL,2025-01-07 20:00:00+00:00,2025-01-08 00:00:00+00:00,2025-01-08 04:00:00+00:00,202.14,198.73,-0.016869496388641547
XRP,2025-01-07 20:00:00+00:00,2025-01-08 00:00:00+00:00,2025-01-08 04:00:00+00:00,2.2708,2.3201,0.021710410428043003
SOL,2025-01-09 20:00:00+00:00,2025-01-10 00:00:00+00:00,2025-01-10 04:00:00+00:00,184.99,189.13,0.022379588085842395
XRP,2025-01-09 20:00:00+00:00,2025-01-10 00:00:00+00:00,2025-01-10 04:00:00+00:00,2.272,2.2883,0.007174295774647899
ETH,2025-01-13 12:00:00+00:00,2025-01-13 16:00:00+00:00,2025-01-13 20:00:00+00:00,3048.79,3025.11,-0.007767015766910745
DOT,2025-01-16 04:00:00+00:00,2025-01-16 08:00:00+00:00,2025-01-16 12:00:00+00:00,7.016,7.081,0.009264538198403782
AVAX,2025-01-20 00:00:00+00:00,2025-01-20 04:00:00+00:00,2025-01-20 08:00:00+00:00,35.599,38.654,0.08581701733194769
LINK,2025-01-20 00:00:00+00:00,2025-01-20 04:00:00+00:00,2025-01-20 08:00:00+00:00,24.325,26.311,0.08164439876670104
SOL,2025-01-20 00:00:00+00:00,2025-01-20 04:00:00+00:00,2025-01-20 08:00:00+00:00,241.71,261.94,0.08369533738777868
ADA,2025-01-21 00:00:00+00:00,2025-01-21 04:00:00+00:00,2025-01-21 08:00:00+00:00,0.9946,0.9768,-0.017896641866076868
AVAX,2025-01-21 00:00:00+00:00,2025-01-21 04:00:00+00:00,2025-01-21 08:00:00+00:00,35.259,35.343,0.002382370458606342
BNB,2025-01-21 00:00:00+00:00,2025-01-21 04:00:00+00:00,2025-01-21 08:00:00+00:00,682.5,682.3,-0.0002930402930403364
DOT,2025-01-21 00:00:00+00:00,2025-01-21 04:00:00+00:00,2025-01-21 08:00:00+00:00,6.279,6.317,0.006051919095397373
ETH,2025-01-21 00:00:00+00:00,2025-01-21 04:00:00+00:00,2025-01-21 08:00:00+00:00,3263.49,3255.18,-0.002546353750126351
LINK,2025-01-21 00:00:00+00:00,2025-01-21 04:00:00+00:00,2025-01-21 08:00:00+00:00,24.458,24.087,-0.0151688609044075
SOL,2025-01-21 00:00:00+00:00,2025-01-21 04:00:00+00:00,2025-01-21 08:00:00+00:00,237.95,236.85,-0.004622819920151233
XRP,2025-01-21 00:00:00+00:00,2025-01-21 04:00:00+00:00,2025-01-21 08:00:00+00:00,3.1024,3.0694,-0.010636926250644607
ADA,2025-01-23 04:00:00+00:00,2025-01-23 08:00:00+00:00,2025-01-23 12:00:00+00:00,0.9718,0.9665,-0.005453797077587974
AVAX,2025-01-23 04:00:00+00:00,2025-01-23 08:00:00+00:00,2025-01-23 12:00:00+00:00,35.681,35.219,-0.012948067599002133
BNB,2025-01-23 04:00:00+00:00,2025-01-23 08:00:00+00:00,2025-01-23 12:00:00+00:00,687.5,685.7,-0.0026181818181817418
LINK,2025-01-23 04:00:00+00:00,2025-01-23 08:00:00+00:00,2025-01-23 12:00:00+00:00,24.573,24.463,-0.004476457900948194
XRP,2025-01-23 04:00:00+00:00,2025-01-23 08:00:00+00:00,2025-01-23 12:00:00+00:00,3.1297,3.0851,-0.014250567147010895
ADA,2025-01-31 20:00:00+00:00,2025-02-01 00:00:00+00:00,2025-02-01 04:00:00+00:00,0.9427,0.9455,0.002970192001697347
AVAX,2025-01-31 20:00:00+00:00,2025-02-01 00:00:00+00:00,2025-02-01 04:00:00+00:00,34.432,34.594,0.004704925650557579
BNB,2025-01-31 20:00:00+00:00,2025-02-01 00:00:00+00:00,2025-02-01 04:00:00+00:00,677.6,677.3,-0.0004427390791028607
ETH,2025-01-31 20:00:00+00:00,2025-02-01 00:00:00+00:00,2025-02-01 04:00:00+00:00,3301.49,3292.97,-0.0025806529778978904
ETH,2025-02-05 00:00:00+00:00,2025-02-05 04:00:00+00:00,2025-02-05 08:00:00+00:00,2720.47,2759.39,0.014306351476031764
XRP,2025-02-05 00:00:00+00:00,2025-02-05 04:00:00+00:00,2025-02-05 08:00:00+00:00,2.5062,2.5111,0.0019551512249620373
AVAX,2025-02-06 20:00:00+00:00,2025-02-07 00:00:00+00:00,2025-02-07 04:00:00+00:00,24.501,24.969,0.01910126117301325
BNB,2025-02-06 20:00:00+00:00,2025-02-07 00:00:00+00:00,2025-02-07 04:00:00+00:00,571.5,579.5,0.013998250218722585
DOT,2025-02-06 20:00:00+00:00,2025-02-07 00:00:00+00:00,2025-02-07 04:00:00+00:00,4.489,4.583,0.02094007574069945
ETH,2025-02-06 20:00:00+00:00,2025-02-07 00:00:00+00:00,2025-02-07 04:00:00+00:00,2686.7,2715.8,0.010831131127405413
SOL,2025-02-06 20:00:00+00:00,2025-02-07 00:00:00+00:00,2025-02-07 04:00:00+00:00,189.52,193.29,0.01989235964541991
BNB,2025-02-17 00:00:00+00:00,2025-02-17 04:00:00+00:00,2025-02-17 08:00:00+00:00,672.6,670.2,-0.003568242640499486
SOL,2025-02-17 00:00:00+00:00,2025-02-17 04:00:00+00:00,2025-02-17 08:00:00+00:00,186.33,181.38,-0.02656577040734187
XRP,2025-02-17 00:00:00+00:00,2025-02-17 04:00:00+00:00,2025-02-17 08:00:00+00:00,2.712,2.6549,-0.021054572271386518
ADA,2025-02-25 00:00:00+00:00,2025-02-25 04:00:00+00:00,2025-02-25 08:00:00+00:00,0.6812,0.6595,-0.031855549031121644
AVAX,2025-02-25 00:00:00+00:00,2025-02-25 04:00:00+00:00,2025-02-25 08:00:00+00:00,21.645,20.86,-0.03626703626703631
BNB,2025-02-25 00:00:00+00:00,2025-02-25 04:00:00+00:00,2025-02-25 08:00:00+00:00,607.0,599.6,-0.0121911037891268
DOT,2025-02-25 00:00:00+00:00,2025-02-25 04:00:00+00:00,2025-02-25 08:00:00+00:00,4.393,4.264,-0.029364898702481157
ETH,2025-02-25 00:00:00+00:00,2025-02-25 04:00:00+00:00,2025-02-25 08:00:00+00:00,2494.99,2368.41,-0.05073367027523157
LINK,2025-02-25 00:00:00+00:00,2025-02-25 04:00:00+00:00,2025-02-25 08:00:00+00:00,15.125,14.527,-0.03953719008264467
SOL,2025-02-25 00:00:00+00:00,2025-02-25 04:00:00+00:00,2025-02-25 08:00:00+00:00,138.91,136.23,-0.019293067453747037
ADA,2025-02-27 20:00:00+00:00,2025-02-28 00:00:00+00:00,2025-02-28 04:00:00+00:00,0.6452,0.6024,-0.06633601983880955
AVAX,2025-03-03 20:00:00+00:00,2025-03-04 00:00:00+00:00,2025-03-04 04:00:00+00:00,20.942,19.83,-0.05309903543119099
DOT,2025-03-03 20:00:00+00:00,2025-03-04 00:00:00+00:00,2025-03-04 04:00:00+00:00,4.471,4.226,-0.05479758443301275
LINK,2025-03-03 20:00:00+00:00,2025-03-04 00:00:00+00:00,2025-03-04 04:00:00+00:00,14.448,13.766,-0.04720376522702108
AVAX,2025-03-04 08:00:00+00:00,2025-03-04 12:00:00+00:00,2025-03-04 16:00:00+00:00,19.897,19.927,0.001507764989697069
DOT,2025-03-04 08:00:00+00:00,2025-03-04 12:00:00+00:00,2025-03-04 16:00:00+00:00,4.229,4.223,-0.0014187751241429014
LINK,2025-03-04 08:00:00+00:00,2025-03-04 12:00:00+00:00,2025-03-04 16:00:00+00:00,13.793,13.832,0.002827521206409056
AVAX,2025-03-06 20:00:00+00:00,2025-03-07 00:00:00+00:00,2025-03-07 04:00:00+00:00,20.996,20.257,-0.03519718041531705
SOL,2025-03-06 20:00:00+00:00,2025-03-07 00:00:00+00:00,2025-03-07 04:00:00+00:00,143.27,140.79,-0.017309974174635423
AVAX,2025-03-08 04:00:00+00:00,2025-03-08 08:00:00+00:00,2025-03-08 12:00:00+00:00,19.797,19.539,-0.013032277617820887
DOT,2025-03-08 04:00:00+00:00,2025-03-08 08:00:00+00:00,2025-03-08 12:00:00+00:00,4.377,4.332,-0.010281014393420107
ETH,2025-03-08 04:00:00+00:00,2025-03-08 08:00:00+00:00,2025-03-08 12:00:00+00:00,2137.8,2142.0,0.0019646365422396617
LINK,2025-03-08 04:00:00+00:00,2025-03-08 08:00:00+00:00,2025-03-08 12:00:00+00:00,15.551,15.336,-0.013825477461256508
SOL,2025-03-08 04:00:00+00:00,2025-03-08 08:00:00+00:00,2025-03-08 12:00:00+00:00,138.72,137.57,-0.008290080738177719
ADA,2025-03-16 12:00:00+00:00,2025-03-16 16:00:00+00:00,2025-03-16 20:00:00+00:00,0.7043,0.699,-0.007525202328553249
LINK,2025-03-16 12:00:00+00:00,2025-03-16 16:00:00+00:00,2025-03-16 20:00:00+00:00,13.481,13.414,-0.004969957718270135
SOL,2025-03-16 12:00:00+00:00,2025-03-16 16:00:00+00:00,2025-03-16 20:00:00+00:00,128.74,126.92,-0.01413702035109532
XRP,2025-03-16 12:00:00+00:00,2025-03-16 16:00:00+00:00,2025-03-16 20:00:00+00:00,2.2956,2.295,-0.000261369576581294
AVAX,2025-03-28 08:00:00+00:00,2025-03-28 12:00:00+00:00,2025-03-28 16:00:00+00:00,20.556,19.973,-0.028361548939482506
DOT,2025-03-28 08:00:00+00:00,2025-03-28 12:00:00+00:00,2025-03-28 16:00:00+00:00,4.292,4.288,-0.0009319664492076773
ETH,2025-03-28 08:00:00+00:00,2025-03-28 12:00:00+00:00,2025-03-28 16:00:00+00:00,1900.34,1872.37,-0.014718418809265721
LINK,2025-03-28 08:00:00+00:00,2025-03-28 12:00:00+00:00,2025-03-28 16:00:00+00:00,14.383,14.166,-0.01508725578808312
DOT,2025-03-29 12:00:00+00:00,2025-03-29 16:00:00+00:00,2025-03-29 20:00:00+00:00,4.071,4.07,-0.00024563989191828117
ETH,2025-03-29 12:00:00+00:00,2025-03-29 16:00:00+00:00,2025-03-29 20:00:00+00:00,1840.26,1827.79,-0.006776216404203783
LINK,2025-03-29 12:00:00+00:00,2025-03-29 16:00:00+00:00,2025-03-29 20:00:00+00:00,13.64,13.584,-0.004105571847507372
ADA,2025-03-31 04:00:00+00:00,2025-03-31 08:00:00+00:00,2025-03-31 12:00:00+00:00,0.6456,0.6437,-0.0029429987608424746
AVAX,2025-03-31 04:00:00+00:00,2025-03-31 08:00:00+00:00,2025-03-31 12:00:00+00:00,18.564,18.63,0.0035552682611506015
BNB,2025-03-31 04:00:00+00:00,2025-03-31 08:00:00+00:00,2025-03-31 12:00:00+00:00,595.7,595.4,-0.0005036091992615122
DOT,2025-03-31 04:00:00+00:00,2025-03-31 08:00:00+00:00,2025-03-31 12:00:00+00:00,4.0,4.028,0.006999999999999895
LINK,2025-03-31 04:00:00+00:00,2025-03-31 08:00:00+00:00,2025-03-31 12:00:00+00:00,13.214,13.228,0.0010594823671863374
XRP,2025-03-31 04:00:00+00:00,2025-03-31 08:00:00+00:00,2025-03-31 12:00:00+00:00,2.0649,2.0819,0.008232844205530387
BNB,2025-03-31 20:00:00+00:00,2025-04-01 00:00:00+00:00,2025-04-01 04:00:00+00:00,604.8,609.1,0.0071097883597883715
DOT,2025-03-31 20:00:00+00:00,2025-04-01 00:00:00+00:00,2025-04-01 04:00:00+00:00,4.021,4.08,0.014672966923650943
ETH,2025-03-31 20:00:00+00:00,2025-04-01 00:00:00+00:00,2025-04-01 04:00:00+00:00,1822.6,1835.0,0.006803467573795796
LINK,2025-03-31 20:00:00+00:00,2025-04-01 00:00:00+00:00,2025-04-01 04:00:00+00:00,13.508,13.643,0.009994077583654226
SOL,2025-03-31 20:00:00+00:00,2025-04-01 00:00:00+00:00,2025-04-01 04:00:00+00:00,124.53,126.07,0.01236649803260259
XRP,2025-03-31 20:00:00+00:00,2025-04-01 00:00:00+00:00,2025-04-01 04:00:00+00:00,2.0898,2.0981,0.003971671930328435
ADA,2025-04-05 16:00:00+00:00,2025-04-05 20:00:00+00:00,2025-04-06 00:00:00+00:00,0.6468,0.655,0.01267779839208405
BNB,2025-04-05 16:00:00+00:00,2025-04-05 20:00:00+00:00,2025-04-06 00:00:00+00:00,591.0,593.3,0.0038917089678509598
ETH,2025-04-05 16:00:00+00:00,2025-04-05 20:00:00+00:00,2025-04-06 00:00:00+00:00,1782.22,1805.9,0.013286799609475874
LINK,2025-04-05 16:00:00+00:00,2025-04-05 20:00:00+00:00,2025-04-06 00:00:00+00:00,12.619,12.849,0.01822648387352399
XRP,2025-04-05 16:00:00+00:00,2025-04-05 20:00:00+00:00,2025-04-06 00:00:00+00:00,2.1198,2.1448,0.01179356543070087
DOT,2025-04-09 12:00:00+00:00,2025-04-09 16:00:00+00:00,2025-04-09 20:00:00+00:00,3.371,3.692,0.09522396914862075
BNB,2025-04-13 08:00:00+00:00,2025-04-13 12:00:00+00:00,2025-04-13 16:00:00+00:00,588.5,584.0,-0.007646559048428259
ETH,2025-04-13 08:00:00+00:00,2025-04-13 12:00:00+00:00,2025-04-13 16:00:00+00:00,1604.26,1586.72,-0.010933389849525632
LINK,2025-04-13 08:00:00+00:00,2025-04-13 12:00:00+00:00,2025-04-13 16:00:00+00:00,12.788,12.675,-0.00883640913356265
DOT,2025-04-30 16:00:00+00:00,2025-04-30 20:00:00+00:00,2025-05-01 00:00:00+00:00,4.072,4.063,-0.0022102161100197026
ADA,2025-05-25 00:00:00+00:00,2025-05-25 04:00:00+00:00,2025-05-25 08:00:00+00:00,0.7436,0.7382,-0.007261968800430396
AVAX,2025-05-25 00:00:00+00:00,2025-05-25 04:00:00+00:00,2025-05-25 08:00:00+00:00,22.893,22.454,-0.019176167387411014
BNB,2025-05-25 00:00:00+00:00,2025-05-25 04:00:00+00:00,2025-05-25 08:00:00+00:00,665.5,661.6,-0.005860255447032281
DOT,2025-05-25 00:00:00+00:00,2025-05-25 04:00:00+00:00,2025-05-25 08:00:00+00:00,4.514,4.508,-0.0013291980505095724
ETH,2025-05-25 00:00:00+00:00,2025-05-25 04:00:00+00:00,2025-05-25 08:00:00+00:00,2512.1,2493.86,-0.007260857449942204
SOL,2025-05-25 00:00:00+00:00,2025-05-25 04:00:00+00:00,2025-05-25 08:00:00+00:00,173.52,172.3,-0.0070308898109727735
XRP,2025-05-25 00:00:00+00:00,2025-05-25 04:00:00+00:00,2025-05-25 08:00:00+00:00,2.3214,2.3067,-0.006332385629361559
SOL,2025-06-02 12:00:00+00:00,2025-06-02 16:00:00+00:00,2025-06-02 20:00:00+00:00,153.08,152.86,-0.0014371570420694812
LINK,2025-06-13 04:00:00+00:00,2025-06-13 08:00:00+00:00,2025-06-13 12:00:00+00:00,13.228,13.313,0.006425763531902051
ADA,2025-07-14 16:00:00+00:00,2025-07-14 20:00:00+00:00,2025-07-15 00:00:00+00:00,0.7319,0.7352,0.004508812679327789
AVAX,2025-07-14 16:00:00+00:00,2025-07-14 20:00:00+00:00,2025-07-15 00:00:00+00:00,21.255,21.255,0.0
BNB,2025-07-14 16:00:00+00:00,2025-07-14 20:00:00+00:00,2025-07-15 00:00:00+00:00,689.5,688.7,-0.0011602610587381212
DOT,2025-07-14 16:00:00+00:00,2025-07-14 20:00:00+00:00,2025-07-15 00:00:00+00:00,3.944,3.948,0.0010141987829614951
ETH,2025-07-14 16:00:00+00:00,2025-07-14 20:00:00+00:00,2025-07-15 00:00:00+00:00,3000.53,3013.04,0.004169263430127357
LINK,2025-07-14 16:00:00+00:00,2025-07-14 20:00:00+00:00,2025-07-15 00:00:00+00:00,15.753,15.747,-0.0003808798324128615
XRP,2025-07-14 16:00:00+00:00,2025-07-14 20:00:00+00:00,2025-07-15 00:00:00+00:00,2.9317,2.9596,0.009516662687178101
AVAX,2025-07-21 12:00:00+00:00,2025-07-21 16:00:00+00:00,2025-07-21 20:00:00+00:00,25.9,25.179,-0.027837837837837887
LINK,2025-07-21 12:00:00+00:00,2025-07-21 16:00:00+00:00,2025-07-21 20:00:00+00:00,19.806,19.269,-0.02711299606179962
ADA,2025-07-29 16:00:00+00:00,2025-07-29 20:00:00+00:00,2025-07-30 00:00:00+00:00,0.7771,0.7824,0.006820229056749394
AVAX,2025-07-29 16:00:00+00:00,2025-07-29 20:00:00+00:00,2025-07-30 00:00:00+00:00,24.064,24.358,0.012217420212766061
BNB,2025-07-29 16:00:00+00:00,2025-07-29 20:00:00+00:00,2025-07-30 00:00:00+00:00,804.1,806.0,0.0023628901877874586
DOT,2025-07-29 16:00:00+00:00,2025-07-29 20:00:00+00:00,2025-07-30 00:00:00+00:00,3.855,3.902,0.012191958495460398
XRP,2025-07-30 20:00:00+00:00,2025-07-31 00:00:00+00:00,2025-07-31 04:00:00+00:00,3.0958,3.1395,0.014115898959881079
ADA,2025-08-05 16:00:00+00:00,2025-08-05 20:00:00+00:00,2025-08-06 00:00:00+00:00,0.72,0.7254,0.007500000000000062
AVAX,2025-08-05 16:00:00+00:00,2025-08-05 20:00:00+00:00,2025-08-06 00:00:00+00:00,21.67,21.893,0.010290724503922322
BNB,2025-08-05 16:00:00+00:00,2025-08-05 20:00:00+00:00,2025-08-06 00:00:00+00:00,748.2,754.8,0.008821170809943712
SOL,2025-08-05 16:00:00+00:00,2025-08-05 20:00:00+00:00,2025-08-06 00:00:00+00:00,162.65,163.97,0.008115585613279963
XRP,2025-08-05 16:00:00+00:00,2025-08-05 20:00:00+00:00,2025-08-06 00:00:00+00:00,2.9454,2.9605,0.005126638147620044
AVAX,2025-08-19 04:00:00+00:00,2025-08-19 08:00:00+00:00,2025-08-19 12:00:00+00:00,23.022,23.334,0.013552254365389649
BNB,2025-08-19 04:00:00+00:00,2025-08-19 08:00:00+00:00,2025-08-19 12:00:00+00:00,837.8,846.0,0.009787538792074502
LINK,2025-08-23 04:00:00+00:00,2025-08-23 08:00:00+00:00,2025-08-23 12:00:00+00:00,25.87,25.65,-0.008504058755315125
ADA,2025-08-24 20:00:00+00:00,2025-08-25 00:00:00+00:00,2025-08-25 04:00:00+00:00,0.9084,0.9186,0.011228533685601061
DOT,2025-08-24 20:00:00+00:00,2025-08-25 00:00:00+00:00,2025-08-25 04:00:00+00:00,4.11,4.101,-0.0021897810218979297
ETH,2025-08-24 20:00:00+00:00,2025-08-25 00:00:00+00:00,2025-08-25 04:00:00+00:00,4778.86,4726.01,-0.011059122887048245
LINK,2025-08-24 20:00:00+00:00,2025-08-25 00:00:00+00:00,2025-08-25 04:00:00+00:00,25.819,25.942,0.004763933537317522
XRP,2025-08-24 20:00:00+00:00,2025-08-25 00:00:00+00:00,2025-08-25 04:00:00+00:00,3.0254,3.0217,-0.0012229787796654845
ADA,2025-08-29 08:00:00+00:00,2025-08-29 12:00:00+00:00,2025-08-29 16:00:00+00:00,0.8232,0.825,0.0021865889212826506
AVAX,2025-08-29 08:00:00+00:00,2025-08-29 12:00:00+00:00,2025-08-29 16:00:00+00:00,23.735,23.505,-0.009690330735201202
BNB,2025-08-29 08:00:00+00:00,2025-08-29 12:00:00+00:00,2025-08-29 16:00:00+00:00,854.0,857.6,0.004215456674472984
ETH,2025-08-29 08:00:00+00:00,2025-08-29 12:00:00+00:00,2025-08-29 16:00:00+00:00,4345.15,4314.09,-0.007148199716925596
LINK,2025-08-29 08:00:00+00:00,2025-08-29 12:00:00+00:00,2025-08-29 16:00:00+00:00,23.428,23.436,0.0003414717432133063
SOL,2025-08-29 08:00:00+00:00,2025-08-29 12:00:00+00:00,2025-08-29 16:00:00+00:00,207.56,204.31,-0.015658122952399323
ADA,2025-09-04 16:00:00+00:00,2025-09-04 20:00:00+00:00,2025-09-05 00:00:00+00:00,0.8035,0.8088,0.00659614187927815
AVAX,2025-09-04 16:00:00+00:00,2025-09-04 20:00:00+00:00,2025-09-05 00:00:00+00:00,24.207,24.202,-0.000206551823852541
BNB,2025-09-04 16:00:00+00:00,2025-09-04 20:00:00+00:00,2025-09-05 00:00:00+00:00,842.9,843.1,0.00023727607070833656
DOT,2025-09-04 16:00:00+00:00,2025-09-04 20:00:00+00:00,2025-09-05 00:00:00+00:00,3.736,3.761,0.006691648822269691
ETH,2025-09-04 16:00:00+00:00,2025-09-04 20:00:00+00:00,2025-09-05 00:00:00+00:00,4274.2,4295.07,0.004882785082588548
LINK,2025-09-04 16:00:00+00:00,2025-09-04 20:00:00+00:00,2025-09-05 00:00:00+00:00,22.251,22.301,0.0022470900184259346
SOL,2025-09-04 16:00:00+00:00,2025-09-04 20:00:00+00:00,2025-09-05 00:00:00+00:00,202.03,202.23,0.0009899519873286522
XRP,2025-09-04 16:00:00+00:00,2025-09-04 20:00:00+00:00,2025-09-05 00:00:00+00:00,2.7834,2.7935,0.003628655601063402
AVAX,2025-09-09 16:00:00+00:00,2025-09-09 20:00:00+00:00,2025-09-10 00:00:00+00:00,25.892,25.934,0.0016221226633710284
BNB,2025-09-22 08:00:00+00:00,2025-09-22 12:00:00+00:00,2025-09-22 16:00:00+00:00,1018.4,997.5,-0.020522388059701524
DOT,2025-09-22 08:00:00+00:00,2025-09-22 12:00:00+00:00,2025-09-22 16:00:00+00:00,3.972,3.973,0.0002517623363544885
ETH,2025-09-22 08:00:00+00:00,2025-09-22 12:00:00+00:00,2025-09-22 16:00:00+00:00,4179.24,4165.79,-0.0032182884926446054
LINK,2025-09-22 08:00:00+00:00,2025-09-22 12:00:00+00:00,2025-09-22 16:00:00+00:00,21.188,21.187,-4.719652633555782e-05
SOL,2025-09-22 08:00:00+00:00,2025-09-22 12:00:00+00:00,2025-09-22 16:00:00+00:00,221.38,220.62,-0.0034330111121149143
ADA,2025-09-23 20:00:00+00:00,2025-09-24 00:00:00+00:00,2025-09-24 04:00:00+00:00,0.8055,0.7999,-0.006952203600248175
AVAX,2025-09-23 20:00:00+00:00,2025-09-24 00:00:00+00:00,2025-09-24 04:00:00+00:00,33.589,33.241,-0.01036053469885967
DOT,2025-09-23 20:00:00+00:00,2025-09-24 00:00:00+00:00,2025-09-24 04:00:00+00:00,3.962,3.938,-0.006057546693589155
LINK,2025-09-23 20:00:00+00:00,2025-09-24 00:00:00+00:00,2025-09-24 04:00:00+00:00,21.506,21.272,-0.01088068446015078
SOL,2025-09-23 20:00:00+00:00,2025-09-24 00:00:00+00:00,2025-09-24 04:00:00+00:00,213.21,208.38,-0.02265372168284796
XRP,2025-09-23 20:00:00+00:00,2025-09-24 00:00:00+00:00,2025-09-24 04:00:00+00:00,2.8233,2.8124,-0.0038607303510077573
BNB,2025-10-13 12:00:00+00:00,2025-10-13 16:00:00+00:00,2025-10-13 20:00:00+00:00,1273.0,1270.9,-0.0016496465043204234
ADA,2025-10-15 16:00:00+00:00,2025-10-15 20:00:00+00:00,2025-10-16 00:00:00+00:00,0.669,0.6679,-0.001644245142003009
BNB,2025-10-15 16:00:00+00:00,2025-10-15 20:00:00+00:00,2025-10-16 00:00:00+00:00,1164.1,1162.7,-0.0012026458208056479
LINK,2025-10-15 16:00:00+00:00,2025-10-15 20:00:00+00:00,2025-10-16 00:00:00+00:00,18.027,18.046,0.0010539745936650746
SOL,2025-10-15 16:00:00+00:00,2025-10-15 20:00:00+00:00,2025-10-16 00:00:00+00:00,194.68,193.73,-0.004879802753236184
XRP,2025-10-15 16:00:00+00:00,2025-10-15 20:00:00+00:00,2025-10-16 00:00:00+00:00,2.4042,2.4098,0.0023292571333501932
ADA,2025-11-02 16:00:00+00:00,2025-11-02 20:00:00+00:00,2025-11-03 00:00:00+00:00,0.5965,0.6103,0.023134953897736565
AVAX,2025-11-02 16:00:00+00:00,2025-11-02 20:00:00+00:00,2025-11-03 00:00:00+00:00,18.148,18.8,0.03592682389243995
BNB,2025-11-02 16:00:00+00:00,2025-11-02 20:00:00+00:00,2025-11-03 00:00:00+00:00,1078.2,1082.7,0.004173622704507496
DOT,2025-11-02 16:00:00+00:00,2025-11-02 20:00:00+00:00,2025-11-03 00:00:00+00:00,2.901,2.983,0.028266115132713043
LINK,2025-11-02 16:00:00+00:00,2025-11-02 20:00:00+00:00,2025-11-03 00:00:00+00:00,17.048,17.581,0.031264664476771564
XRP,2025-11-02 16:00:00+00:00,2025-11-02 20:00:00+00:00,2025-11-03 00:00:00+00:00,2.4871,2.5255,0.015439668690442776
DOT,2025-11-03 16:00:00+00:00,2025-11-03 20:00:00+00:00,2025-11-04 00:00:00+00:00,2.576,2.582,0.0023291925465838137
SOL,2025-11-03 16:00:00+00:00,2025-11-03 20:00:00+00:00,2025-11-04 00:00:00+00:00,166.61,165.97,-0.0038413060440550817
XRP,2025-11-03 16:00:00+00:00,2025-11-03 20:00:00+00:00,2025-11-04 00:00:00+00:00,2.323,2.3079,-0.006500215238915197
SOL,2025-11-11 08:00:00+00:00,2025-11-11 12:00:00+00:00,2025-11-11 16:00:00+00:00,163.57,160.83,-0.01675123800207845
DOT,2025-12-01 04:00:00+00:00,2025-12-01 08:00:00+00:00,2025-12-01 12:00:00+00:00,2.036,2.035,-0.0004911591355598599
ADA,2025-12-01 16:00:00+00:00,2025-12-01 20:00:00+00:00,2025-12-02 00:00:00+00:00,0.3759,0.3853,0.025006650704974653
AVAX,2025-12-01 16:00:00+00:00,2025-12-01 20:00:00+00:00,2025-12-02 00:00:00+00:00,12.607,12.743,0.010787657650511706
DOT,2025-12-01 16:00:00+00:00,2025-12-01 20:00:00+00:00,2025-12-02 00:00:00+00:00,1.993,2.039,0.02308078273958869
ETH,2025-12-01 16:00:00+00:00,2025-12-01 20:00:00+00:00,2025-12-02 00:00:00+00:00,2739.44,2797.35,0.021139356948865373
LINK,2025-12-01 16:00:00+00:00,2025-12-01 20:00:00+00:00,2025-12-02 00:00:00+00:00,11.833,12.067,0.019775204935350343
SOL,2025-12-01 16:00:00+00:00,2025-12-01 20:00:00+00:00,2025-12-02 00:00:00+00:00,123.78,126.55,0.022378413313943968
XRP,2025-12-01 16:00:00+00:00,2025-12-01 20:00:00+00:00,2025-12-02 00:00:00+00:00,1.9931,2.0285,0.017761276403592374
ADA,2025-12-04 20:00:00+00:00,2025-12-05 00:00:00+00:00,2025-12-05 04:00:00+00:00,0.4391,0.4393,0.00045547711227511556
AVAX,2025-12-04 20:00:00+00:00,2025-12-05 00:00:00+00:00,2025-12-05 04:00:00+00:00,14.387,14.439,0.003614374087718142
DOT,2025-12-04 20:00:00+00:00,2025-12-05 00:00:00+00:00,2025-12-05 04:00:00+00:00,2.27,2.283,0.005726872246696102
SOL,2025-12-04 20:00:00+00:00,2025-12-05 00:00:00+00:00,2025-12-05 04:00:00+00:00,138.96,138.48,-0.003454231433506205
XRP,2025-12-04 20:00:00+00:00,2025-12-05 00:00:00+00:00,2025-12-05 04:00:00+00:00,2.0949,2.0898,-0.0024344837462408897
ADA,2025-12-08 16:00:00+00:00,2025-12-08 20:00:00+00:00,2025-12-09 00:00:00+00:00,0.4341,0.4324,-0.003916148352913984
AVAX,2025-12-08 16:00:00+00:00,2025-12-08 20:00:00+00:00,2025-12-09 00:00:00+00:00,13.545,13.634,0.006570690291620496
BNB,2025-12-08 16:00:00+00:00,2025-12-08 20:00:00+00:00,2025-12-09 00:00:00+00:00,894.2,896.5,0.002572131514202658
DOT,2025-12-08 16:00:00+00:00,2025-12-08 20:00:00+00:00,2025-12-09 00:00:00+00:00,2.122,2.127,0.0023562676720074727
LINK,2025-12-08 16:00:00+00:00,2025-12-08 20:00:00+00:00,2025-12-09 00:00:00+00:00,13.695,13.755,0.004381161007667167
SOL,2025-12-08 16:00:00+00:00,2025-12-08 20:00:00+00:00,2025-12-09 00:00:00+00:00,133.57,133.17,-0.002994684435127737
ADA,2025-12-11 04:00:00+00:00,2025-12-11 08:00:00+00:00,2025-12-11 12:00:00+00:00,0.4263,0.4203,-0.014074595355383579
BNB,2025-12-11 04:00:00+00:00,2025-12-11 08:00:00+00:00,2025-12-11 12:00:00+00:00,866.5,866.0,-0.0005770340450086398
SOL,2025-12-12 16:00:00+00:00,2025-12-12 20:00:00+00:00,2025-12-13 00:00:00+00:00,131.16,132.2,0.007929246721561478
AVAX,2025-12-15 20:00:00+00:00,2025-12-16 00:00:00+00:00,2025-12-16 04:00:00+00:00,12.339,12.258,-0.006564551422319598
ADA,2025-12-17 20:00:00+00:00,2025-12-18 00:00:00+00:00,2025-12-18 04:00:00+00:00,0.367,0.3647,-0.00626702997275197
AVAX,2025-12-17 20:00:00+00:00,2025-12-18 00:00:00+00:00,2025-12-18 04:00:00+00:00,11.857,11.729,-0.01079531078687701
DOT,2025-12-17 20:00:00+00:00,2025-12-18 00:00:00+00:00,2025-12-18 04:00:00+00:00,1.813,1.79,-0.012686155543298328
LINK,2025-12-17 20:00:00+00:00,2025-12-18 00:00:00+00:00,2025-12-18 04:00:00+00:00,12.26,12.183,-0.006280587275693361
XRP,2025-12-17 20:00:00+00:00,2025-12-18 00:00:00+00:00,2025-12-18 04:00:00+00:00,1.8615,1.8547,-0.0036529680365295913
ADA,2025-12-29 12:00:00+00:00,2025-12-29 16:00:00+00:00,2025-12-29 20:00:00+00:00,0.3651,0.3527,-0.03396329772665019
AVAX,2025-12-29 12:00:00+00:00,2025-12-29 16:00:00+00:00,2025-12-29 20:00:00+00:00,12.692,12.488,-0.01607311692404667
ETH,2025-12-29 12:00:00+00:00,2025-12-29 16:00:00+00:00,2025-12-29 20:00:00+00:00,2933.89,2930.6,-0.0011213781021101044
LINK,2025-12-29 12:00:00+00:00,2025-12-29 16:00:00+00:00,2025-12-29 20:00:00+00:00,12.392,12.296,-0.007746933505487386
SOL,2025-12-29 12:00:00+00:00,2025-12-29 16:00:00+00:00,2025-12-29 20:00:00+00:00,123.35,122.97,-0.0030806647750303284
XRP,2025-12-29 12:00:00+00:00,2025-12-29 16:00:00+00:00,2025-12-29 20:00:00+00:00,1.8639,1.8523,-0.0062235098449486825
ETH,2026-01-07 04:00:00+00:00,2026-01-07 08:00:00+00:00,2026-01-07 12:00:00+00:00,3253.77,3218.88,-0.010722945998026812
SOL,2026-01-07 04:00:00+00:00,2026-01-07 08:00:00+00:00,2026-01-07 12:00:00+00:00,139.31,137.84,-0.010552006316847273
DOT,2026-01-15 20:00:00+00:00,2026-01-16 00:00:00+00:00,2026-01-16 04:00:00+00:00,2.116,2.111,-0.0023629489603024245
ADA,2026-01-19 04:00:00+00:00,2026-01-19 08:00:00+00:00,2026-01-19 12:00:00+00:00,0.3638,0.3688,0.013743815283122629
AVAX,2026-01-19 04:00:00+00:00,2026-01-19 08:00:00+00:00,2026-01-19 12:00:00+00:00,12.633,12.698,0.005145254492203044
DOT,2026-01-19 04:00:00+00:00,2026-01-19 08:00:00+00:00,2026-01-19 12:00:00+00:00,1.967,1.97,0.0015251652262326942
ETH,2026-01-19 04:00:00+00:00,2026-01-19 08:00:00+00:00,2026-01-19 12:00:00+00:00,3205.31,3221.5,0.005050993507648371
LINK,2026-01-19 04:00:00+00:00,2026-01-19 08:00:00+00:00,2026-01-19 12:00:00+00:00,12.759,12.768,0.0007053844345168425
SOL,2026-01-19 04:00:00+00:00,2026-01-19 08:00:00+00:00,2026-01-19 12:00:00+00:00,133.37,134.02,0.004873659743570569
XRP,2026-01-19 04:00:00+00:00,2026-01-19 08:00:00+00:00,2026-01-19 12:00:00+00:00,1.962,1.9716,0.004892966360856343
ADA,2026-01-20 08:00:00+00:00,2026-01-20 12:00:00+00:00,2026-01-20 16:00:00+00:00,0.3576,0.359,0.0039149888143177325
AVAX,2026-01-20 08:00:00+00:00,2026-01-20 12:00:00+00:00,2026-01-20 16:00:00+00:00,12.448,12.392,-0.00449871465295637
BNB,2026-01-20 08:00:00+00:00,2026-01-20 12:00:00+00:00,2026-01-20 16:00:00+00:00,912.1,905.0,-0.007784234184848193
DOT,2026-01-20 08:00:00+00:00,2026-01-20 12:00:00+00:00,2026-01-20 16:00:00+00:00,1.958,1.939,-0.009703779366700638
ETH,2026-01-20 08:00:00+00:00,2026-01-20 12:00:00+00:00,2026-01-20 16:00:00+00:00,3107.75,3030.62,-0.024818598664628766
LINK,2026-01-20 08:00:00+00:00,2026-01-20 12:00:00+00:00,2026-01-20 16:00:00+00:00,12.506,12.43,-0.006077083000159966
SOL,2026-01-20 08:00:00+00:00,2026-01-20 12:00:00+00:00,2026-01-20 16:00:00+00:00,128.75,127.78,-0.007533980582524302
XRP,2026-01-20 08:00:00+00:00,2026-01-20 12:00:00+00:00,2026-01-20 16:00:00+00:00,1.9282,1.9165,-0.006067835286795886
BNB,2026-01-21 00:00:00+00:00,2026-01-21 04:00:00+00:00,2026-01-21 08:00:00+00:00,880.8,874.7,-0.006925522252497651
ADA,2026-01-22 00:00:00+00:00,2026-01-22 04:00:00+00:00,2026-01-22 08:00:00+00:00,0.3637,0.3634,-0.000824855650261247
XRP,2026-01-22 00:00:00+00:00,2026-01-22 04:00:00+00:00,2026-01-22 08:00:00+00:00,1.9465,1.9469,0.00020549704598016305
DOT,2026-01-29 04:00:00+00:00,2026-01-29 08:00:00+00:00,2026-01-29 12:00:00+00:00,1.808,1.786,-0.012168141592920345
LINK,2026-01-29 04:00:00+00:00,2026-01-29 08:00:00+00:00,2026-01-29 12:00:00+00:00,11.623,11.539,-0.007227049815021869
ETH,2026-01-30 04:00:00+00:00,2026-01-30 08:00:00+00:00,2026-01-30 12:00:00+00:00,2738.71,2758.29,0.007149351336943388
LINK,2026-01-30 04:00:00+00:00,2026-01-30 08:00:00+00:00,2026-01-30 12:00:00+00:00,10.834,10.859,0.0023075503045966173
ADA,2026-02-03 20:00:00+00:00,2026-02-04 00:00:00+00:00,2026-02-04 04:00:00+00:00,0.2914,0.3009,0.03260123541523674
AVAX,2026-02-03 20:00:00+00:00,2026-02-04 00:00:00+00:00,2026-02-04 04:00:00+00:00,9.921,10.099,0.017941739743977614
BNB,2026-02-03 20:00:00+00:00,2026-02-04 00:00:00+00:00,2026-02-04 04:00:00+00:00,754.4,761.5,0.009411452810180299
DOT,2026-02-03 20:00:00+00:00,2026-02-04 00:00:00+00:00,2026-02-04 04:00:00+00:00,1.498,1.526,0.01869158878504673
SOL,2026-02-03 20:00:00+00:00,2026-02-04 00:00:00+00:00,2026-02-04 04:00:00+00:00,97.81,99.03,0.012473162253348269
XRP,2026-02-03 20:00:00+00:00,2026-02-04 00:00:00+00:00,2026-02-04 04:00:00+00:00,1.5783,1.5984,0.012735221440790756
AVAX,2026-02-06 00:00:00+00:00,2026-02-06 04:00:00+00:00,2026-02-06 08:00:00+00:00,8.255,8.411,0.018897637795275424
DOT,2026-02-06 00:00:00+00:00,2026-02-06 04:00:00+00:00,2026-02-06 08:00:00+00:00,1.239,1.269,0.024213075060532496
SOL,2026-02-06 00:00:00+00:00,2026-02-06 04:00:00+00:00,2026-02-06 08:00:00+00:00,76.64,79.51,0.03744780793319413
ADA,2026-02-11 08:00:00+00:00,2026-02-11 12:00:00+00:00,2026-02-11 16:00:00+00:00,0.255,0.2529,-0.008235294117647007
BNB,2026-02-11 08:00:00+00:00,2026-02-11 12:00:00+00:00,2026-02-11 16:00:00+00:00,592.3,593.2,0.0015195002532502055
LINK,2026-02-11 08:00:00+00:00,2026-02-11 12:00:00+00:00,2026-02-11 16:00:00+00:00,8.269,8.234,-0.0042326762607328705
XRP,2026-02-12 20:00:00+00:00,2026-02-13 00:00:00+00:00,2026-02-13 04:00:00+00:00,1.3628,1.3648,0.0014675667742882759
BNB,2026-02-14 16:00:00+00:00,2026-02-14 20:00:00+00:00,2026-02-15 00:00:00+00:00,632.6,632.5,-0.00015807777426501968
ADA,2026-02-18 20:00:00+00:00,2026-02-19 00:00:00+00:00,2026-02-19 04:00:00+00:00,0.2733,0.275,0.006220270764727642
AVAX,2026-02-18 20:00:00+00:00,2026-02-19 00:00:00+00:00,2026-02-19 04:00:00+00:00,8.85,8.906,0.006327683615819257
DOT,2026-02-18 20:00:00+00:00,2026-02-19 00:00:00+00:00,2026-02-19 04:00:00+00:00,1.31,1.316,0.004580152671755711
XRP,2026-02-18 20:00:00+00:00,2026-02-19 00:00:00+00:00,2026-02-19 04:00:00+00:00,1.4211,1.4278,0.0047146576595593626
AVAX,2026-02-23 20:00:00+00:00,2026-02-24 00:00:00+00:00,2026-02-24 04:00:00+00:00,8.359,8.3,-0.0070582605574828206
ETH,2026-02-23 20:00:00+00:00,2026-02-24 00:00:00+00:00,2026-02-24 04:00:00+00:00,1855.62,1830.93,-0.013305525915866312
SOL,2026-02-23 20:00:00+00:00,2026-02-24 00:00:00+00:00,2026-02-24 04:00:00+00:00,77.86,76.84,-0.013100436681222627
XRP,2026-02-23 20:00:00+00:00,2026-02-24 00:00:00+00:00,2026-02-24 04:00:00+00:00,1.3511,1.3313,-0.01465472577899496
ADA,2026-02-26 00:00:00+00:00,2026-02-26 04:00:00+00:00,2026-02-26 08:00:00+00:00,0.295,0.293,-0.006779661016949157
AVAX,2026-02-26 00:00:00+00:00,2026-02-26 04:00:00+00:00,2026-02-26 08:00:00+00:00,9.448,9.319,-0.0136536833192209
BNB,2026-02-26 00:00:00+00:00,2026-02-26 04:00:00+00:00,2026-02-26 08:00:00+00:00,628.0,625.7,-0.0036624203821655765
DOT,2026-02-26 00:00:00+00:00,2026-02-26 04:00:00+00:00,2026-02-26 08:00:00+00:00,1.628,1.579,-0.030098280098280084
ETH,2026-02-26 00:00:00+00:00,2026-02-26 04:00:00+00:00,2026-02-26 08:00:00+00:00,2053.99,2052.71,-0.0006231773280297448
LINK,2026-02-26 00:00:00+00:00,2026-02-26 04:00:00+00:00,2026-02-26 08:00:00+00:00,9.219,9.204,-0.0016270745200128722
SOL,2026-02-26 00:00:00+00:00,2026-02-26 04:00:00+00:00,2026-02-26 08:00:00+00:00,87.9,87.2,-0.007963594994311762
ADA,2026-02-26 16:00:00+00:00,2026-02-26 20:00:00+00:00,2026-02-27 00:00:00+00:00,0.2881,0.2868,-0.004512322110378442
AVAX,2026-02-26 16:00:00+00:00,2026-02-26 20:00:00+00:00,2026-02-27 00:00:00+00:00,9.297,9.299,0.0002151231580078683
DOT,2026-02-26 16:00:00+00:00,2026-02-26 20:00:00+00:00,2026-02-27 00:00:00+00:00,1.569,1.607,0.02421924792861696
ETH,2026-02-26 16:00:00+00:00,2026-02-26 20:00:00+00:00,2026-02-27 00:00:00+00:00,2028.98,2026.64,-0.0011532888446411649
LINK,2026-02-26 16:00:00+00:00,2026-02-26 20:00:00+00:00,2026-02-27 00:00:00+00:00,9.092,9.093,0.00010998680158369467
SOL,2026-02-26 16:00:00+00:00,2026-02-26 20:00:00+00:00,2026-02-27 00:00:00+00:00,86.41,85.84,-0.006596458743200917
XRP,2026-02-26 16:00:00+00:00,2026-02-26 20:00:00+00:00,2026-02-27 00:00:00+00:00,1.4063,1.4016,-0.0033421033918794585
DOT,2026-02-27 20:00:00+00:00,2026-02-28 00:00:00+00:00,2026-02-28 04:00:00+00:00,1.598,1.574,-0.015018773466833557
ADA,2026-02-28 08:00:00+00:00,2026-02-28 12:00:00+00:00,2026-02-28 16:00:00+00:00,0.2624,0.2676,0.01981707317073167
AVAX,2026-02-28 08:00:00+00:00,2026-02-28 12:00:00+00:00,2026-02-28 16:00:00+00:00,8.464,8.626,0.019139886578449783
BNB,2026-02-28 08:00:00+00:00,2026-02-28 12:00:00+00:00,2026-02-28 16:00:00+00:00,594.0,603.5,0.015993265993266004
DOT,2026-02-28 08:00:00+00:00,2026-02-28 12:00:00+00:00,2026-02-28 16:00:00+00:00,1.476,1.51,0.023035230352303593
ETH,2026-02-28 08:00:00+00:00,2026-02-28 12:00:00+00:00,2026-02-28 16:00:00+00:00,1862.58,1897.67,0.01883945924470365
LINK,2026-02-28 08:00:00+00:00,2026-02-28 12:00:00+00:00,2026-02-28 16:00:00+00:00,8.269,8.429,0.019349377191921757
XRP,2026-02-28 08:00:00+00:00,2026-02-28 12:00:00+00:00,2026-02-28 16:00:00+00:00,1.2924,1.323,0.02367688022284109
DOT,2026-03-01 12:00:00+00:00,2026-03-01 16:00:00+00:00,2026-03-01 20:00:00+00:00,1.548,1.52,-0.018087855297157618
LINK,2026-03-25 16:00:00+00:00,2026-03-25 20:00:00+00:00,2026-03-26 00:00:00+00:00,9.345,9.372,0.002889245585874667
SOL,2026-03-25 16:00:00+00:00,2026-03-25 20:00:00+00:00,2026-03-26 00:00:00+00:00,91.72,91.65,-0.0007631923244656447
ADA,2026-03-30 20:00:00+00:00,2026-03-31 00:00:00+00:00,2026-03-31 04:00:00+00:00,0.2433,0.2459,0.010686395396629855
BNB,2026-03-30 20:00:00+00:00,2026-03-31 00:00:00+00:00,2026-03-31 04:00:00+00:00,609.0,613.3,0.007060755336617319
LINK,2026-03-30 20:00:00+00:00,2026-03-31 00:00:00+00:00,2026-03-31 04:00:00+00:00,8.622,8.744,0.014149849222918176
ADA,2026-03-31 12:00:00+00:00,2026-03-31 16:00:00+00:00,2026-03-31 20:00:00+00:00,0.2376,0.2407,0.013047138047137974
AVAX,2026-03-31 12:00:00+00:00,2026-03-31 16:00:00+00:00,2026-03-31 20:00:00+00:00,8.736,8.898,0.018543956043955978
ADA,2026-04-02 04:00:00+00:00,2026-04-02 08:00:00+00:00,2026-04-02 12:00:00+00:00,0.2387,0.2367,-0.008378718056137435
AVAX,2026-04-02 04:00:00+00:00,2026-04-02 08:00:00+00:00,2026-04-02 12:00:00+00:00,8.738,8.673,-0.007438773174639479
BNB,2026-04-02 04:00:00+00:00,2026-04-02 08:00:00+00:00,2026-04-02 12:00:00+00:00,591.5,581.0,-0.017751479289940808
ETH,2026-04-02 04:00:00+00:00,2026-04-02 08:00:00+00:00,2026-04-02 12:00:00+00:00,2054.85,2032.1,-0.011071367739737714
LINK,2026-04-02 04:00:00+00:00,2026-04-02 08:00:00+00:00,2026-04-02 12:00:00+00:00,8.558,8.478,-0.009347978499649412
BNB,2026-04-02 12:00:00+00:00,2026-04-02 16:00:00+00:00,2026-04-02 20:00:00+00:00,573.9,583.1,0.01603066736365233
XRP,2026-04-02 12:00:00+00:00,2026-04-02 16:00:00+00:00,2026-04-02 20:00:00+00:00,1.2991,1.3072,0.006235085828650622
ADA,2026-04-12 04:00:00+00:00,2026-04-12 08:00:00+00:00,2026-04-12 12:00:00+00:00,0.2413,0.2403,-0.004144218814753353
AVAX,2026-04-12 04:00:00+00:00,2026-04-12 08:00:00+00:00,2026-04-12 12:00:00+00:00,9.015,9.024,0.0009983361064889174
BNB,2026-04-12 04:00:00+00:00,2026-04-12 08:00:00+00:00,2026-04-12 12:00:00+00:00,593.8,595.0,0.002020882452004047
DOT,2026-04-12 04:00:00+00:00,2026-04-12 08:00:00+00:00,2026-04-12 12:00:00+00:00,1.225,1.224,-0.0008163265306123657
SOL,2026-04-12 04:00:00+00:00,2026-04-12 08:00:00+00:00,2026-04-12 12:00:00+00:00,82.22,82.15,-0.0008513743614690927
XRP,2026-04-12 04:00:00+00:00,2026-04-12 08:00:00+00:00,2026-04-12 12:00:00+00:00,1.3286,1.332,0.0025590847508656367
ADA,2026-04-18 12:00:00+00:00,2026-04-18 16:00:00+00:00,2026-04-18 20:00:00+00:00,0.2507,0.2486,-0.008376545672117985
BNB,2026-04-18 12:00:00+00:00,2026-04-18 16:00:00+00:00,2026-04-18 20:00:00+00:00,632.9,630.1,-0.0044240796334332755
LINK,2026-04-18 12:00:00+00:00,2026-04-18 16:00:00+00:00,2026-04-18 20:00:00+00:00,9.38,9.276,-0.01108742004264407
SOL,2026-04-27 08:00:00+00:00,2026-04-27 12:00:00+00:00,2026-04-27 16:00:00+00:00,85.19,84.09,-0.012912313651836982
DOT,2026-04-27 16:00:00+00:00,2026-04-27 20:00:00+00:00,2026-04-28 00:00:00+00:00,1.218,1.232,0.011494252873563315
LINK,2026-05-04 12:00:00+00:00,2026-05-04 16:00:00+00:00,2026-05-04 20:00:00+00:00,9.414,9.39,-0.002549394518801651
XRP,2026-05-07 16:00:00+00:00,2026-05-07 20:00:00+00:00,2026-05-08 00:00:00+00:00,1.385,1.386,0.0007220216606498298
BNB,2026-05-11 04:00:00+00:00,2026-05-11 08:00:00+00:00,2026-05-11 12:00:00+00:00,650.2,655.5,0.008151338049830814
ETH,2026-05-11 04:00:00+00:00,2026-05-11 08:00:00+00:00,2026-05-11 12:00:00+00:00,2329.58,2335.0,0.002326599644571159
AVAX,2026-05-23 08:00:00+00:00,2026-05-23 12:00:00+00:00,2026-05-23 16:00:00+00:00,8.891,9.128,0.026656169159824605
ADA,2026-05-24 16:00:00+00:00,2026-05-24 20:00:00+00:00,2026-05-25 00:00:00+00:00,0.2424,0.242,-0.0016501650165017256
AVAX,2026-05-24 16:00:00+00:00,2026-05-24 20:00:00+00:00,2026-05-25 00:00:00+00:00,9.226,9.205,-0.0022761760242793194
DOT,2026-05-24 16:00:00+00:00,2026-05-24 20:00:00+00:00,2026-05-25 00:00:00+00:00,1.256,1.244,-0.009554140127388533
LINK,2026-05-24 16:00:00+00:00,2026-05-24 20:00:00+00:00,2026-05-25 00:00:00+00:00,9.425,9.425,0.0
ADA,2026-05-28 04:00:00+00:00,2026-05-28 08:00:00+00:00,2026-05-28 12:00:00+00:00,0.2313,0.2299,-0.006052745352356337
AVAX,2026-05-28 04:00:00+00:00,2026-05-28 08:00:00+00:00,2026-05-28 12:00:00+00:00,8.84,8.811,-0.0032805429864253277
BNB,2026-05-28 04:00:00+00:00,2026-05-28 08:00:00+00:00,2026-05-28 12:00:00+00:00,634.5,632.4,-0.003309692671394804
DOT,2026-05-28 04:00:00+00:00,2026-05-28 08:00:00+00:00,2026-05-28 12:00:00+00:00,1.194,1.187,-0.005862646566164087
AVAX,2026-06-02 16:00:00+00:00,2026-06-02 20:00:00+00:00,2026-06-03 00:00:00+00:00,8.327,8.176,-0.018133781674072313
BNB,2026-06-02 16:00:00+00:00,2026-06-02 20:00:00+00:00,2026-06-03 00:00:00+00:00,659.9,650.2,-0.014699196848007134
ETH,2026-06-02 16:00:00+00:00,2026-06-02 20:00:00+00:00,2026-06-03 00:00:00+00:00,1911.49,1858.79,-0.027570115459667588
LINK,2026-06-02 16:00:00+00:00,2026-06-02 20:00:00+00:00,2026-06-03 00:00:00+00:00,8.521,8.37,-0.01772092477408771
SOL,2026-06-02 16:00:00+00:00,2026-06-02 20:00:00+00:00,2026-06-03 00:00:00+00:00,75.47,74.18,-0.017092884589903212
XRP,2026-06-02 16:00:00+00:00,2026-06-02 20:00:00+00:00,2026-06-03 00:00:00+00:00,1.22,1.211,-0.007377049180327777
ADA,2026-06-04 00:00:00+00:00,2026-06-04 04:00:00+00:00,2026-06-04 08:00:00+00:00,0.1997,0.1946,-0.02553830746119179
AVAX,2026-06-04 00:00:00+00:00,2026-06-04 04:00:00+00:00,2026-06-04 08:00:00+00:00,8.03,7.819,-0.02627646326276456
BNB,2026-06-04 00:00:00+00:00,2026-06-04 04:00:00+00:00,2026-06-04 08:00:00+00:00,618.7,599.7,-0.03070955228705352
DOT,2026-06-04 00:00:00+00:00,2026-06-04 04:00:00+00:00,2026-06-04 08:00:00+00:00,1.078,1.047,-0.028756957328386012
ETH,2026-06-04 00:00:00+00:00,2026-06-04 04:00:00+00:00,2026-06-04 08:00:00+00:00,1808.36,1776.49,-0.017623703244929012
LINK,2026-06-04 00:00:00+00:00,2026-06-04 04:00:00+00:00,2026-06-04 08:00:00+00:00,8.29,8.063,-0.02738238841978269
SOL,2026-06-04 00:00:00+00:00,2026-06-04 04:00:00+00:00,2026-06-04 08:00:00+00:00,71.42,69.09,-0.03262391486978433
ADA,2026-06-04 12:00:00+00:00,2026-06-04 16:00:00+00:00,2026-06-04 20:00:00+00:00,0.1887,0.1864,-0.012188659247482803
AVAX,2026-06-05 04:00:00+00:00,2026-06-05 08:00:00+00:00,2026-06-05 12:00:00+00:00,7.301,7.071,-0.03150253389946589
BNB,2026-06-05 04:00:00+00:00,2026-06-05 08:00:00+00:00,2026-06-05 12:00:00+00:00,592.9,589.8,-0.0052285376960702346
DOT,2026-06-05 04:00:00+00:00,2026-06-05 08:00:00+00:00,2026-06-05 12:00:00+00:00,0.992,0.992,0.0
ETH,2026-06-05 04:00:00+00:00,2026-06-05 08:00:00+00:00,2026-06-05 12:00:00+00:00,1678.35,1662.41,-0.009497423064319
LINK,2026-06-05 04:00:00+00:00,2026-06-05 08:00:00+00:00,2026-06-05 12:00:00+00:00,7.624,7.554,-0.009181532004197246
SOL,2026-06-05 04:00:00+00:00,2026-06-05 08:00:00+00:00,2026-06-05 12:00:00+00:00,66.12,66.02,-0.0015124016938899976
DOT,2026-06-26 20:00:00+00:00,2026-06-27 00:00:00+00:00,2026-06-27 04:00:00+00:00,0.8519,0.8512,-0.0008216926869351049
SOL,2026-06-26 20:00:00+00:00,2026-06-27 00:00:00+00:00,2026-06-27 04:00:00+00:00,71.87,72.21,0.0047307638792262185
ADA,2026-07-08 04:00:00+00:00,2026-07-08 08:00:00+00:00,2026-07-08 12:00:00+00:00,0.1694,0.167,-0.014167650531286768
BNB,2026-07-08 04:00:00+00:00,2026-07-08 08:00:00+00:00,2026-07-08 12:00:00+00:00,567.6,565.6,-0.0035236081747709314
SOL,2026-07-08 04:00:00+00:00,2026-07-08 08:00:00+00:00,2026-07-08 12:00:00+00:00,78.26,77.5,-0.009711219013544659
XRP,2026-07-08 04:00:00+00:00,2026-07-08 08:00:00+00:00,2026-07-08 12:00:00+00:00,1.0935,1.0861,-0.006767261088248655
BNB,2026-07-17 08:00:00+00:00,2026-07-17 12:00:00+00:00,2026-07-17 16:00:00+00:00,564.4,562.6,-0.003189227498228142
ADA,2026-07-24 16:00:00+00:00,2026-07-24 20:00:00+00:00,2026-07-25 00:00:00+00:00,0.1635,0.1638,0.0018348623853210455
LINK,2026-07-24 16:00:00+00:00,2026-07-24 20:00:00+00:00,2026-07-25 00:00:00+00:00,8.355,8.336,-0.0022740873728306354
SOL,2026-07-24 16:00:00+00:00,2026-07-24 20:00:00+00:00,2026-07-25 00:00:00+00:00,73.92,73.91,-0.000135281385281405
XRP,2026-07-24 16:00:00+00:00,2026-07-24 20:00:00+00:00,2026-07-25 00:00:00+00:00,1.0887,1.0912,0.0022963167080003455
SOL,2026-07-31 16:00:00+00:00,2026-07-31 20:00:00+00:00,2026-08-01 00:00:00+00:00,73.05,72.81,-0.003285420944558415
DOT,2026-08-24 04:00:00+00:00,2026-08-24 08:00:00+00:00,2026-08-24 12:00:00+00:00,0.9001,0.9153,0.016887012554160696
XRP,2026-08-31 00:00:00+00:00,2026-08-31 04:00:00+00:00,2026-08-31 08:00:00+00:00,1.354,1.3718,0.013146233382570038
