timestamp_ms,timestamp_utc,currency,long_short_account_ratio,fetched_at_utc,source_url
1773072000000,2026-03-09T16:00:00+00:00,LINK,1.96,2026-09-04T21:10:54.988092Z,https://www.okx.com/api/v5/rubik/stat/contracts/long-short-account-ratio?ccy=LINK&period=1D
1773158400000,2026-03-10T16:00:00+00:00,LINK,1.77,2026-09-04T21:10:54.988092Z,https://www.okx.com/api/v5/rubik/stat/contracts/long-short-account-ratio?ccy=LINK&period=1D
1773244800000,2026-03-11T16:00:00+00:00,LINK,1.78,2026-09-04T21:10:54.988092Z,https://www.okx.com/api/v5/rubik/stat/contracts/long-short-account-ratio?ccy=LINK&period=1D
1773331200000,2026-03-12T16:00:00+00:00,LINK,1.79,2026-09-04T21:10:54.988092Z,https://www.okx.com/api/v5/rubik/stat/contracts/long-short-account-ratio?ccy=LINK&period=1D
1773417600000,2026-03-13T16:00:00+00:00,LINK,1.41,2026-09-04T21:10:54.988092Z,https://www.okx.com/api/v5/rubik/stat/contracts/long-short-account-ratio?ccy=LINK&period=1D
1773504000000,2026-03-14T16:00:00+00:00,LINK,1.92,2026-09-04T21:10:54.988092Z,https://www.okx.com/api/v5/rubik/stat/contracts/long-short-account-ratio?ccy=LINK&period=1D
1773590400000,2026-03-15T16:00:00+00:00,LINK,1.89,2026-09-04T21:10:54.988092Z,https://www.okx.com/api/v5/rubik/stat/contracts/long-short-account-ratio?ccy=LINK&period=1D
1773676800000,2026-03-16T16:00:00+00:00,LINK,1.38,2026-09-04T21:10:54.988092Z,https://www.okx.com/api/v5/rubik/stat/contracts/long-short-account-ratio?ccy=LINK&period=1D
1773763200000,2026-03-17T16:00:00+00:00,LINK,1.39,2026-09-04T21:10:54.988092Z,https://www.okx.com/api/v5/rubik/stat/contracts/long-short-account-ratio?ccy=LINK&period=1D
1773849600000,2026-03-18T16:00:00+00:00,LINK,2.09,2026-09-04T21:10:54.988092Z,https://www.okx.com/api/v5/rubik/stat/contracts/long-short-account-ratio?ccy=LINK&period=1D
1773936000000,2026-03-19T16:00:00+00:00,LINK,2.23,2026-09-04T21:10:54.988092Z,https://www.okx.com/api/v5/rubik/stat/contracts/long-short-account-ratio?ccy=LINK&period=1D
1774022400000,2026-03-20T16:00:00+00:00,LINK,2.1,2026-09-04T21:10:54.988092Z,https://www.okx.com/api/v5/rubik/stat/contracts/long-short-account-ratio?ccy=LINK&period=1D
1774108800000,2026-03-21T16:00:00+00:00,LINK,2.11,2026-09-04T21:10:54.988092Z,https://www.okx.com/api/v5/rubik/stat/contracts/long-short-account-ratio?ccy=LINK&period=1D
1774195200000,2026-03-22T16:00:00+00:00,LINK,2.16,2026-09-04T21:10:54.988092Z,https://www.okx.com/api/v5/rubik/stat/contracts/long-short-account-ratio?ccy=LINK&period=1D
1774281600000,2026-03-23T16:00:00+00:00,LINK,1.48,2026-09-04T21:10:54.988092Z,https://www.okx.com/api/v5/rubik/stat/contracts/long-short-account-ratio?ccy=LINK&period=1D
1774368000000,2026-03-24T16:00:00+00:00,LINK,1.63,2026-09-04T21:10:54.988092Z,https://www.okx.com/api/v5/rubik/stat/contracts/long-short-account-ratio?ccy=LINK&period=1D
1774454400000,2026-03-25T16:00:00+00:00,LINK,1.68,2026-09-04T21:10:54.988092Z,https://www.okx.com/api/v5/rubik/stat/contracts/long-short-account-ratio?ccy=LINK&period=1D
1774540800000,2026-03-26T16:00:00+00:00,LINK,2.06,2026-09-04T21:10:54.988092Z,https://www.okx.com/api/v5/rubik/stat/contracts/long-short-account-ratio?ccy=LINK&period=1D
1774627200000,2026-03-27T16:00:00+00:00,LINK,2.23,2026-09-04T21:10:54.988092Z,https://www.okx.com/api/v5/rubik/stat/contracts/long-short-account-ratio?ccy=LINK&period=1D
1774713600000,2026-03-28T16:00:00+00:00,LINK,2.37,2026-09-04T21:10:54.988092Z,https://www.okx.com/api/v5/rubik/stat/contracts/long-short-account-ratio?ccy=LINK&period=1D
1774800000000,2026-03-29T16:00:00+00:00,LINK,2.3,2026-09-04T21:10:54.988092Z,https://www.okx.com/api/v5/rubik/stat/contracts/long-short-account-ratio?ccy=LINK&period=1D
1774886400000,2026-03-30T16:00:00+00:00,LINK,1.76,2026-09-04T21:10:54.988092Z,https://www.okx.com/api/v5/rubik/stat/contracts/long-short-account-ratio?ccy=LINK&period=1D
1774972800000,2026-03-31T16:00:00+00:00,LINK,1.96,2026-09-04T21:10:54.988092Z,https://www.okx.com/api/v5/rubik/stat/contracts/long-short-account-ratio?ccy=LINK&period=1D
1775059200000,2026-04-01T16:00:00+00:00,LINK,1.54,2026-09-04T21:10:54.988092Z,https://www.okx.com/api/v5/rubik/stat/contracts/long-short-account-ratio?ccy=LINK&period=1D
1775145600000,2026-04-02T16:00:00+00:00,LINK,2.31,2026-09-04T21:10:54.988092Z,https://www.okx.com/api/v5/rubik/stat/contracts/long-short-account-ratio?ccy=LINK&period=1D
1775232000000,2026-04-03T16:00:00+00:00,LINK,2.21,2026-09-04T21:10:54.988092Z,https://www.okx.com/api/v5/rubik/stat/contracts/long-short-account-ratio?ccy=LINK&period=1D
1775318400000,2026-04-04T16:00:00+00:00,LINK,2.12,2026-09-04T21:10:54.988092Z,https://www.okx.com/api/v5/rubik/stat/contracts/long-short-account-ratio?ccy=LINK&period=1D
1775404800000,2026-04-05T16:00:00+00:00,LINK,2.21,2026-09-04T21:10:54.988092Z,https://www.okx.com/api/v5/rubik/stat/contracts/long-short-account-ratio?ccy=LINK&period=1D
1775491200000,2026-04-06T16:00:00+00:00,LINK,1.41,2026-09-04T21:10:54.988092Z,https://www.okx.com/api/v5/rubik/stat/contracts/long-short-account-ratio?ccy=LINK&period=1D
1775577600000,2026-04-07T16:00:00+00:00,LINK,2.26,2026-09-04T21:10:54.988092Z,https://www.okx.com/api/v5/rubik/stat/contracts/long-short-account-ratio?ccy=LINK&period=1D
1775664000000,2026-04-08T16:00:00+00:00,LINK,2.11,2026-09-04T21:10:54.988092Z,https://www.okx.com/api/v5/rubik/stat/contracts/long-short-account-ratio?ccy=LINK&period=1D
1775750400000,2026-04-09T16:00:00+00:00,LINK,2.95,2026-09-04T21:10:54.988092Z,https://www.okx.com/api/v5/rubik/stat/contracts/long-short-account-ratio?ccy=LINK&period=1D
1775836800000,2026-04-10T16:00:00+00:00,LINK,2.24,2026-09-04T21:10:54.988092Z,https://www.okx.com/api/v5/rubik/stat/contracts/long-short-account-ratio?ccy=LINK&period=1D
1775923200000,2026-04-11T16:00:00+00:00,LINK,2.35,2026-09-04T21:10:54.988092Z,https://www.okx.com/api/v5/rubik/stat/contracts/long-short-account-ratio?ccy=LINK&period=1D
1776009600000,2026-04-12T16:00:00+00:00,LINK,2.75,2026-09-04T21:10:54.988092Z,https://www.okx.com/api/v5/rubik/stat/contracts/long-short-account-ratio?ccy=LINK&period=1D
1776096000000,2026-04-13T16:00:00+00:00,LINK,2.24,2026-09-04T21:10:54.988092Z,https://www.okx.com/api/v5/rubik/stat/contracts/long-short-account-ratio?ccy=LINK&period=1D
1776182400000,2026-04-14T16:00:00+00:00,LINK,1.78,2026-09-04T21:10:54.988092Z,https://www.okx.com/api/v5/rubik/stat/contracts/long-short-account-ratio?ccy=LINK&period=1D
1776268800000,2026-04-15T16:00:00+00:00,LINK,1.83,2026-09-04T21:10:54.988092Z,https://www.okx.com/api/v5/rubik/stat/contracts/long-short-account-ratio?ccy=LINK&period=1D
1776355200000,2026-04-16T16:00:00+00:00,LINK,2.08,2026-09-04T21:10:54.988092Z,https://www.okx.com/api/v5/rubik/stat/contracts/long-short-account-ratio?ccy=LINK&period=1D
1776441600000,2026-04-17T16:00:00+00:00,LINK,1.57,2026-09-04T21:10:54.988092Z,https://www.okx.com/api/v5/rubik/stat/contracts/long-short-account-ratio?ccy=LINK&period=1D
1776528000000,2026-04-18T16:00:00+00:00,LINK,1.81,2026-09-04T21:10:54.988092Z,https://www.okx.com/api/v5/rubik/stat/contracts/long-short-account-ratio?ccy=LINK&period=1D
1776614400000,2026-04-19T16:00:00+00:00,LINK,2.05,2026-09-04T21:10:54.988092Z,https://www.okx.com/api/v5/rubik/stat/contracts/long-short-account-ratio?ccy=LINK&period=1D
1776700800000,2026-04-20T16:00:00+00:00,LINK,2.46,2026-09-04T21:10:54.988092Z,https://www.okx.com/api/v5/rubik/stat/contracts/long-short-account-ratio?ccy=LINK&period=1D
1776787200000,2026-04-21T16:00:00+00:00,LINK,2.04,2026-09-04T21:10:54.988092Z,https://www.okx.com/api/v5/rubik/stat/contracts/long-short-account-ratio?ccy=LINK&period=1D
1776873600000,2026-04-22T16:00:00+00:00,LINK,1.66,2026-09-04T21:10:54.988092Z,https://www.okx.com/api/v5/rubik/stat/contracts/long-short-account-ratio?ccy=LINK&period=1D
1776960000000,2026-04-23T16:00:00+00:00,LINK,2.14,2026-09-04T21:10:54.988092Z,https://www.okx.com/api/v5/rubik/stat/contracts/long-short-account-ratio?ccy=LINK&period=1D
1777046400000,2026-04-24T16:00:00+00:00,LINK,2.0,2026-09-04T21:10:54.988092Z,https://www.okx.com/api/v5/rubik/stat/contracts/long-short-account-ratio?ccy=LINK&period=1D
1777132800000,2026-04-25T16:00:00+00:00,LINK,2.04,2026-09-04T21:10:54.988092Z,https://www.okx.com/api/v5/rubik/stat/contracts/long-short-account-ratio?ccy=LINK&period=1D
1777219200000,2026-04-26T16:00:00+00:00,LINK,1.77,2026-09-04T21:10:54.988092Z,https://www.okx.com/api/v5/rubik/stat/contracts/long-short-account-ratio?ccy=LINK&period=1D
1777305600000,2026-04-27T16:00:00+00:00,LINK,2.18,2026-09-04T21:10:54.988092Z,https://www.okx.com/api/v5/rubik/stat/contracts/long-short-account-ratio?ccy=LINK&period=1D
1777392000000,2026-04-28T16:00:00+00:00,LINK,1.97,2026-09-04T21:10:54.988092Z,https://www.okx.com/api/v5/rubik/stat/contracts/long-short-account-ratio?ccy=LINK&period=1D
1777478400000,2026-04-29T16:00:00+00:00,LINK,2.25,2026-09-04T21:10:54.988092Z,https://www.okx.com/api/v5/rubik/stat/contracts/long-short-account-ratio?ccy=LINK&period=1D
1777564800000,2026-04-30T16:00:00+00:00,LINK,2.41,2026-09-04T21:10:54.988092Z,https://www.okx.com/api/v5/rubik/stat/contracts/long-short-account-ratio?ccy=LINK&period=1D
1777651200000,2026-05-01T16:00:00+00:00,LINK,1.91,2026-09-04T21:10:54.988092Z,https://www.okx.com/api/v5/rubik/stat/contracts/long-short-account-ratio?ccy=LINK&period=1D
1777737600000,2026-05-02T16:00:00+00:00,LINK,2.02,2026-09-04T21:10:54.988092Z,https://www.okx.com/api/v5/rubik/stat/contracts/long-short-account-ratio?ccy=LINK&period=1D
1777824000000,2026-05-03T16:00:00+00:00,LINK,1.86,2026-09-04T21:10:54.988092Z,https://www.okx.com/api/v5/rubik/stat/contracts/long-short-account-ratio?ccy=LINK&period=1D
1777910400000,2026-05-04T16:00:00+00:00,LINK,1.43,2026-09-04T21:10:54.988092Z,https://www.okx.com/api/v5/rubik/stat/contracts/long-short-account-ratio?ccy=LINK&period=1D
1777996800000,2026-05-05T16:00:00+00:00,LINK,1.24,2026-09-04T21:10:54.988092Z,https://www.okx.com/api/v5/rubik/stat/contracts/long-short-account-ratio?ccy=LINK&period=1D
1778083200000,2026-05-06T16:00:00+00:00,LINK,1.28,2026-09-04T21:10:54.988092Z,https://www.okx.com/api/v5/rubik/stat/contracts/long-short-account-ratio?ccy=LINK&period=1D
1778169600000,2026-05-07T16:00:00+00:00,LINK,1.39,2026-09-04T21:10:54.988092Z,https://www.okx.com/api/v5/rubik/stat/contracts/long-short-account-ratio?ccy=LINK&period=1D
1778256000000,2026-05-08T16:00:00+00:00,LINK,1.42,2026-09-04T21:10:54.988092Z,https://www.okx.com/api/v5/rubik/stat/contracts/long-short-account-ratio?ccy=LINK&period=1D
1778342400000,2026-05-09T16:00:00+00:00,LINK,1.41,2026-09-04T21:10:54.988092Z,https://www.okx.com/api/v5/rubik/stat/contracts/long-short-account-ratio?ccy=LINK&period=1D
1778428800000,2026-05-10T16:00:00+00:00,LINK,1.66,2026-09-04T21:10:54.988092Z,https://www.okx.com/api/v5/rubik/stat/contracts/long-short-account-ratio?ccy=LINK&period=1D
1778515200000,2026-05-11T16:00:00+00:00,LINK,1.73,2026-09-04T21:10:54.988092Z,https://www.okx.com/api/v5/rubik/stat/contracts/long-short-account-ratio?ccy=LINK&period=1D
1778601600000,2026-05-12T16:00:00+00:00,LINK,1.68,2026-09-04T21:10:54.988092Z,https://www.okx.com/api/v5/rubik/stat/contracts/long-short-account-ratio?ccy=LINK&period=1D
1778688000000,2026-05-13T16:00:00+00:00,LINK,1.73,2026-09-04T21:10:54.988092Z,https://www.okx.com/api/v5/rubik/stat/contracts/long-short-account-ratio?ccy=LINK&period=1D
1778774400000,2026-05-14T16:00:00+00:00,LINK,1.58,2026-09-04T21:10:54.988092Z,https://www.okx.com/api/v5/rubik/stat/contracts/long-short-account-ratio?ccy=LINK&period=1D
1778860800000,2026-05-15T16:00:00+00:00,LINK,1.97,2026-09-04T21:10:54.988092Z,https://www.okx.com/api/v5/rubik/stat/contracts/long-short-account-ratio?ccy=LINK&period=1D
1778947200000,2026-05-16T16:00:00+00:00,LINK,2.47,2026-09-04T21:10:54.988092Z,https://www.okx.com/api/v5/rubik/stat/contracts/long-short-account-ratio?ccy=LINK&period=1D
1779033600000,2026-05-17T16:00:00+00:00,LINK,2.45,2026-09-04T21:10:54.988092Z,https://www.okx.com/api/v5/rubik/stat/contracts/long-short-account-ratio?ccy=LINK&period=1D
1779120000000,2026-05-18T16:00:00+00:00,LINK,1.94,2026-09-04T21:10:54.988092Z,https://www.okx.com/api/v5/rubik/stat/contracts/long-short-account-ratio?ccy=LINK&period=1D
1779206400000,2026-05-19T16:00:00+00:00,LINK,1.9,2026-09-04T21:10:54.988092Z,https://www.okx.com/api/v5/rubik/stat/contracts/long-short-account-ratio?ccy=LINK&period=1D
1779292800000,2026-05-20T16:00:00+00:00,LINK,2.06,2026-09-04T21:10:54.988092Z,https://www.okx.com/api/v5/rubik/stat/contracts/long-short-account-ratio?ccy=LINK&period=1D
1779379200000,2026-05-21T16:00:00+00:00,LINK,2.02,2026-09-04T21:10:54.988092Z,https://www.okx.com/api/v5/rubik/stat/contracts/long-short-account-ratio?ccy=LINK&period=1D
1779465600000,2026-05-22T16:00:00+00:00,LINK,1.64,2026-09-04T21:10:54.988092Z,https://www.okx.com/api/v5/rubik/stat/contracts/long-short-account-ratio?ccy=LINK&period=1D
1779552000000,2026-05-23T16:00:00+00:00,LINK,2.15,2026-09-04T21:10:54.988092Z,https://www.okx.com/api/v5/rubik/stat/contracts/long-short-account-ratio?ccy=LINK&period=1D
1779638400000,2026-05-24T16:00:00+00:00,LINK,1.75,2026-09-04T21:10:54.988092Z,https://www.okx.com/api/v5/rubik/stat/contracts/long-short-account-ratio?ccy=LINK&period=1D
1779724800000,2026-05-25T16:00:00+00:00,LINK,1.68,2026-09-04T21:10:54.988092Z,https://www.okx.com/api/v5/rubik/stat/contracts/long-short-account-ratio?ccy=LINK&period=1D
1779811200000,2026-05-26T16:00:00+00:00,LINK,1.73,2026-09-04T21:10:54.988092Z,https://www.okx.com/api/v5/rubik/stat/contracts/long-short-account-ratio?ccy=LINK&period=1D
1779897600000,2026-05-27T16:00:00+00:00,LINK,1.82,2026-09-04T21:10:54.988092Z,https://www.okx.com/api/v5/rubik/stat/contracts/long-short-account-ratio?ccy=LINK&period=1D
1779984000000,2026-05-28T16:00:00+00:00,LINK,2.09,2026-09-04T21:10:54.988092Z,https://www.okx.com/api/v5/rubik/stat/contracts/long-short-account-ratio?ccy=LINK&period=1D
1780070400000,2026-05-29T16:00:00+00:00,LINK,2.23,2026-09-04T21:10:54.988092Z,https://www.okx.com/api/v5/rubik/stat/contracts/long-short-account-ratio?ccy=LINK&period=1D
1780156800000,2026-05-30T16:00:00+00:00,LINK,2.12,2026-09-04T21:10:54.988092Z,https://www.okx.com/api/v5/rubik/stat/contracts/long-short-account-ratio?ccy=LINK&period=1D
1780243200000,2026-05-31T16:00:00+00:00,LINK,2.56,2026-09-04T21:10:54.988092Z,https://www.okx.com/api/v5/rubik/stat/contracts/long-short-account-ratio?ccy=LINK&period=1D
1780329600000,2026-06-01T16:00:00+00:00,LINK,2.24,2026-09-04T21:10:54.988092Z,https://www.okx.com/api/v5/rubik/stat/contracts/long-short-account-ratio?ccy=LINK&period=1D
1780416000000,2026-06-02T16:00:00+00:00,LINK,2.27,2026-09-04T21:10:54.988092Z,https://www.okx.com/api/v5/rubik/stat/contracts/long-short-account-ratio?ccy=LINK&period=1D
1780502400000,2026-06-03T16:00:00+00:00,LINK,2.31,2026-09-04T21:10:54.988092Z,https://www.okx.com/api/v5/rubik/stat/contracts/long-short-account-ratio?ccy=LINK&period=1D
1780588800000,2026-06-04T16:00:00+00:00,LINK,2.28,2026-09-04T21:10:54.988092Z,https://www.okx.com/api/v5/rubik/stat/contracts/long-short-account-ratio?ccy=LINK&period=1D
1780675200000,2026-06-05T16:00:00+00:00,LINK,2.26,2026-09-04T21:10:54.988092Z,https://www.okx.com/api/v5/rubik/stat/contracts/long-short-account-ratio?ccy=LINK&period=1D
1780761600000,2026-06-06T16:00:00+00:00,LINK,2.17,2026-09-04T21:10:54.988092Z,https://www.okx.com/api/v5/rubik/stat/contracts/long-short-account-ratio?ccy=LINK&period=1D
1780848000000,2026-06-07T16:00:00+00:00,LINK,1.98,2026-09-04T21:10:54.988092Z,https://www.okx.com/api/v5/rubik/stat/contracts/long-short-account-ratio?ccy=LINK&period=1D
1780934400000,2026-06-08T16:00:00+00:00,LINK,1.9,2026-09-04T21:10:54.988092Z,https://www.okx.com/api/v5/rubik/stat/contracts/long-short-account-ratio?ccy=LINK&period=1D
1781020800000,2026-06-09T16:00:00+00:00,LINK,1.81,2026-09-04T21:10:54.988092Z,https://www.okx.com/api/v5/rubik/stat/contracts/long-short-account-ratio?ccy=LINK&period=1D
1781107200000,2026-06-10T16:00:00+00:00,LINK,1.85,2026-09-04T21:10:54.988092Z,https://www.okx.com/api/v5/rubik/stat/contracts/long-short-account-ratio?ccy=LINK&period=1D
1781193600000,2026-06-11T16:00:00+00:00,LINK,1.93,2026-09-04T21:10:54.988092Z,https://www.okx.com/api/v5/rubik/stat/contracts/long-short-account-ratio?ccy=LINK&period=1D
1781280000000,2026-06-12T16:00:00+00:00,LINK,2.56,2026-09-04T21:10:54.988092Z,https://www.okx.com/api/v5/rubik/stat/contracts/long-short-account-ratio?ccy=LINK&period=1D
1781366400000,2026-06-13T16:00:00+00:00,LINK,2.54,2026-09-04T21:10:54.988092Z,https://www.okx.com/api/v5/rubik/stat/contracts/long-short-account-ratio?ccy=LINK&period=1D
1781452800000,2026-06-14T16:00:00+00:00,LINK,2.49,2026-09-04T21:10:54.988092Z,https://www.okx.com/api/v5/rubik/stat/contracts/long-short-account-ratio?ccy=LINK&period=1D
1781539200000,2026-06-15T16:00:00+00:00,LINK,2.09,2026-09-04T21:10:54.988092Z,https://www.okx.com/api/v5/rubik/stat/contracts/long-short-account-ratio?ccy=LINK&period=1D
1781625600000,2026-06-16T16:00:00+00:00,LINK,1.89,2026-09-04T21:10:54.988092Z,https://www.okx.com/api/v5/rubik/stat/contracts/long-short-account-ratio?ccy=LINK&period=1D
1781712000000,2026-06-17T16:00:00+00:00,LINK,2.13,2026-09-04T21:10:54.988092Z,https://www.okx.com/api/v5/rubik/stat/contracts/long-short-account-ratio?ccy=LINK&period=1D
1781798400000,2026-06-18T16:00:00+00:00,LINK,1.76,2026-09-04T21:10:54.988092Z,https://www.okx.com/api/v5/rubik/stat/contracts/long-short-account-ratio?ccy=LINK&period=1D
1781884800000,2026-06-19T16:00:00+00:00,LINK,1.8,2026-09-04T21:10:54.988092Z,https://www.okx.com/api/v5/rubik/stat/contracts/long-short-account-ratio?ccy=LINK&period=1D
1781971200000,2026-06-20T16:00:00+00:00,LINK,1.8,2026-09-04T21:10:54.988092Z,https://www.okx.com/api/v5/rubik/stat/contracts/long-short-account-ratio?ccy=LINK&period=1D
1782057600000,2026-06-21T16:00:00+00:00,LINK,1.8,2026-09-04T21:10:54.988092Z,https://www.okx.com/api/v5/rubik/stat/contracts/long-short-account-ratio?ccy=LINK&period=1D
1782144000000,2026-06-22T16:00:00+00:00,LINK,1.79,2026-09-04T21:10:54.988092Z,https://www.okx.com/api/v5/rubik/stat/contracts/long-short-account-ratio?ccy=LINK&period=1D
1782230400000,2026-06-23T16:00:00+00:00,LINK,1.9,2026-09-04T21:10:54.988092Z,https://www.okx.com/api/v5/rubik/stat/contracts/long-short-account-ratio?ccy=LINK&period=1D
1782316800000,2026-06-24T16:00:00+00:00,LINK,1.87,2026-09-04T21:10:54.988092Z,https://www.okx.com/api/v5/rubik/stat/contracts/long-short-account-ratio?ccy=LINK&period=1D
1782403200000,2026-06-25T16:00:00+00:00,LINK,1.98,2026-09-04T21:10:54.988092Z,https://www.okx.com/api/v5/rubik/stat/contracts/long-short-account-ratio?ccy=LINK&period=1D
1782489600000,2026-06-26T16:00:00+00:00,LINK,1.96,2026-09-04T21:10:54.988092Z,https://www.okx.com/api/v5/rubik/stat/contracts/long-short-account-ratio?ccy=LINK&period=1D
1782576000000,2026-06-27T16:00:00+00:00,LINK,1.92,2026-09-04T21:10:54.988092Z,https://www.okx.com/api/v5/rubik/stat/contracts/long-short-account-ratio?ccy=LINK&period=1D
1782662400000,2026-06-28T16:00:00+00:00,LINK,1.9,2026-09-04T21:10:54.988092Z,https://www.okx.com/api/v5/rubik/stat/contracts/long-short-account-ratio?ccy=LINK&period=1D
1782748800000,2026-06-29T16:00:00+00:00,LINK,1.92,2026-09-04T21:10:54.988092Z,https://www.okx.com/api/v5/rubik/stat/contracts/long-short-account-ratio?ccy=LINK&period=1D
1782835200000,2026-06-30T16:00:00+00:00,LINK,1.95,2026-09-04T21:10:54.988092Z,https://www.okx.com/api/v5/rubik/stat/contracts/long-short-account-ratio?ccy=LINK&period=1D
1782921600000,2026-07-01T16:00:00+00:00,LINK,2.5,2026-09-04T21:10:54.988092Z,https://www.okx.com/api/v5/rubik/stat/contracts/long-short-account-ratio?ccy=LINK&period=1D
1783008000000,2026-07-02T16:00:00+00:00,LINK,2.14,2026-09-04T21:10:54.988092Z,https://www.okx.com/api/v5/rubik/stat/contracts/long-short-account-ratio?ccy=LINK&period=1D
1783094400000,2026-07-03T16:00:00+00:00,LINK,2.33,2026-09-04T21:10:54.988092Z,https://www.okx.com/api/v5/rubik/stat/contracts/long-short-account-ratio?ccy=LINK&period=1D
1783180800000,2026-07-04T16:00:00+00:00,LINK,2.11,2026-09-04T21:10:54.988092Z,https://www.okx.com/api/v5/rubik/stat/contracts/long-short-account-ratio?ccy=LINK&period=1D
1783267200000,2026-07-05T16:00:00+00:00,LINK,2.17,2026-09-04T21:10:54.988092Z,https://www.okx.com/api/v5/rubik/stat/contracts/long-short-account-ratio?ccy=LINK&period=1D
1783353600000,2026-07-06T16:00:00+00:00,LINK,1.86,2026-09-04T21:10:54.988092Z,https://www.okx.com/api/v5/rubik/stat/contracts/long-short-account-ratio?ccy=LINK&period=1D
1783440000000,2026-07-07T16:00:00+00:00,LINK,2.17,2026-09-04T21:10:54.988092Z,https://www.okx.com/api/v5/rubik/stat/contracts/long-short-account-ratio?ccy=LINK&period=1D
1783526400000,2026-07-08T16:00:00+00:00,LINK,2.39,2026-09-04T21:10:54.988092Z,https://www.okx.com/api/v5/rubik/stat/contracts/long-short-account-ratio?ccy=LINK&period=1D
1783612800000,2026-07-09T16:00:00+00:00,LINK,2.32,2026-09-04T21:10:54.988092Z,https://www.okx.com/api/v5/rubik/stat/contracts/long-short-account-ratio?ccy=LINK&period=1D
1783699200000,2026-07-10T16:00:00+00:00,LINK,1.85,2026-09-04T21:10:54.988092Z,https://www.okx.com/api/v5/rubik/stat/contracts/long-short-account-ratio?ccy=LINK&period=1D
1783785600000,2026-07-11T16:00:00+00:00,LINK,1.85,2026-09-04T21:10:54.988092Z,https://www.okx.com/api/v5/rubik/stat/contracts/long-short-account-ratio?ccy=LINK&period=1D
1783872000000,2026-07-12T16:00:00+00:00,LINK,1.85,2026-09-04T21:10:54.988092Z,https://www.okx.com/api/v5/rubik/stat/contracts/long-short-account-ratio?ccy=LINK&period=1D
1783958400000,2026-07-13T16:00:00+00:00,LINK,1.95,2026-09-04T21:10:54.988092Z,https://www.okx.com/api/v5/rubik/stat/contracts/long-short-account-ratio?ccy=LINK&period=1D
1784044800000,2026-07-14T16:00:00+00:00,LINK,1.79,2026-09-04T21:10:54.988092Z,https://www.okx.com/api/v5/rubik/stat/contracts/long-short-account-ratio?ccy=LINK&period=1D
1784131200000,2026-07-15T16:00:00+00:00,LINK,2.0,2026-09-04T21:10:54.988092Z,https://www.okx.com/api/v5/rubik/stat/contracts/long-short-account-ratio?ccy=LINK&period=1D
1784217600000,2026-07-16T16:00:00+00:00,LINK,2.1,2026-09-04T21:10:54.988092Z,https://www.okx.com/api/v5/rubik/stat/contracts/long-short-account-ratio?ccy=LINK&period=1D
1784304000000,2026-07-17T16:00:00+00:00,LINK,2.34,2026-09-04T21:10:54.988092Z,https://www.okx.com/api/v5/rubik/stat/contracts/long-short-account-ratio?ccy=LINK&period=1D
1784390400000,2026-07-18T16:00:00+00:00,LINK,2.27,2026-09-04T21:10:54.988092Z,https://www.okx.com/api/v5/rubik/stat/contracts/long-short-account-ratio?ccy=LINK&period=1D
1784476800000,2026-07-19T16:00:00+00:00,LINK,2.25,2026-09-04T21:10:54.988092Z,https://www.okx.com/api/v5/rubik/stat/contracts/long-short-account-ratio?ccy=LINK&period=1D
1784563200000,2026-07-20T16:00:00+00:00,LINK,2.08,2026-09-04T21:10:54.988092Z,https://www.okx.com/api/v5/rubik/stat/contracts/long-short-account-ratio?ccy=LINK&period=1D
1784649600000,2026-07-21T16:00:00+00:00,LINK,1.94,2026-09-04T21:10:54.988092Z,https://www.okx.com/api/v5/rubik/stat/contracts/long-short-account-ratio?ccy=LINK&period=1D
1784736000000,2026-07-22T16:00:00+00:00,LINK,1.87,2026-09-04T21:10:54.988092Z,https://www.okx.com/api/v5/rubik/stat/contracts/long-short-account-ratio?ccy=LINK&period=1D
1784822400000,2026-07-23T16:00:00+00:00,LINK,2.07,2026-09-04T21:10:54.988092Z,https://www.okx.com/api/v5/rubik/stat/contracts/long-short-account-ratio?ccy=LINK&period=1D
1784908800000,2026-07-24T16:00:00+00:00,LINK,2.2,2026-09-04T21:10:54.988092Z,https://www.okx.com/api/v5/rubik/stat/contracts/long-short-account-ratio?ccy=LINK&period=1D
1784995200000,2026-07-25T16:00:00+00:00,LINK,2.86,2026-09-04T21:10:54.988092Z,https://www.okx.com/api/v5/rubik/stat/contracts/long-short-account-ratio?ccy=LINK&period=1D
1785081600000,2026-07-26T16:00:00+00:00,LINK,2.88,2026-09-04T21:10:54.988092Z,https://www.okx.com/api/v5/rubik/stat/contracts/long-short-account-ratio?ccy=LINK&period=1D
1785168000000,2026-07-27T16:00:00+00:00,LINK,2.75,2026-09-04T21:10:54.988092Z,https://www.okx.com/api/v5/rubik/stat/contracts/long-short-account-ratio?ccy=LINK&period=1D
1785254400000,2026-07-28T16:00:00+00:00,LINK,3.26,2026-09-04T21:10:54.988092Z,https://www.okx.com/api/v5/rubik/stat/contracts/long-short-account-ratio?ccy=LINK&period=1D
1785340800000,2026-07-29T16:00:00+00:00,LINK,3.0,2026-09-04T21:10:54.988092Z,https://www.okx.com/api/v5/rubik/stat/contracts/long-short-account-ratio?ccy=LINK&period=1D
1785427200000,2026-07-30T16:00:00+00:00,LINK,2.84,2026-09-04T21:10:54.988092Z,https://www.okx.com/api/v5/rubik/stat/contracts/long-short-account-ratio?ccy=LINK&period=1D
1785513600000,2026-07-31T16:00:00+00:00,LINK,3.11,2026-09-04T21:10:54.988092Z,https://www.okx.com/api/v5/rubik/stat/contracts/long-short-account-ratio?ccy=LINK&period=1D
1785600000000,2026-08-01T16:00:00+00:00,LINK,3.09,2026-09-04T21:10:54.988092Z,https://www.okx.com/api/v5/rubik/stat/contracts/long-short-account-ratio?ccy=LINK&period=1D
1785686400000,2026-08-02T16:00:00+00:00,LINK,2.76,2026-09-04T21:10:54.988092Z,https://www.okx.com/api/v5/rubik/stat/contracts/long-short-account-ratio?ccy=LINK&period=1D
1785772800000,2026-08-03T16:00:00+00:00,LINK,2.82,2026-09-04T21:10:54.988092Z,https://www.okx.com/api/v5/rubik/stat/contracts/long-short-account-ratio?ccy=LINK&period=1D
1785859200000,2026-08-04T16:00:00+00:00,LINK,2.83,2026-09-04T21:10:54.988092Z,https://www.okx.com/api/v5/rubik/stat/contracts/long-short-account-ratio?ccy=LINK&period=1D
1785945600000,2026-08-05T16:00:00+00:00,LINK,2.95,2026-09-04T21:10:54.988092Z,https://www.okx.com/api/v5/rubik/stat/contracts/long-short-account-ratio?ccy=LINK&period=1D
1786032000000,2026-08-06T16:00:00+00:00,LINK,2.76,2026-09-04T21:10:54.988092Z,https://www.okx.com/api/v5/rubik/stat/contracts/long-short-account-ratio?ccy=LINK&period=1D
1786118400000,2026-08-07T16:00:00+00:00,LINK,2.0,2026-09-04T21:10:54.988092Z,https://www.okx.com/api/v5/rubik/stat/contracts/long-short-account-ratio?ccy=LINK&period=1D
1786204800000,2026-08-08T16:00:00+00:00,LINK,1.95,2026-09-04T21:10:54.988092Z,https://www.okx.com/api/v5/rubik/stat/contracts/long-short-account-ratio?ccy=LINK&period=1D
1786291200000,2026-08-09T16:00:00+00:00,LINK,2.0,2026-09-04T21:10:54.988092Z,https://www.okx.com/api/v5/rubik/stat/contracts/long-short-account-ratio?ccy=LINK&period=1D
1786377600000,2026-08-10T16:00:00+00:00,LINK,2.04,2026-09-04T21:10:54.988092Z,https://www.okx.com/api/v5/rubik/stat/contracts/long-short-account-ratio?ccy=LINK&period=1D
1786464000000,2026-08-11T16:00:00+00:00,LINK,1.5,2026-09-04T21:10:54.988092Z,https://www.okx.com/api/v5/rubik/stat/contracts/long-short-account-ratio?ccy=LINK&period=1D
1786550400000,2026-08-12T16:00:00+00:00,LINK,1.43,2026-09-04T21:10:54.988092Z,https://www.okx.com/api/v5/rubik/stat/contracts/long-short-account-ratio?ccy=LINK&period=1D
1786636800000,2026-08-13T16:00:00+00:00,LINK,1.38,2026-09-04T21:10:54.988092Z,https://www.okx.com/api/v5/rubik/stat/contracts/long-short-account-ratio?ccy=LINK&period=1D
1786723200000,2026-08-14T16:00:00+00:00,LINK,1.38,2026-09-04T21:10:54.988092Z,https://www.okx.com/api/v5/rubik/stat/contracts/long-short-account-ratio?ccy=LINK&period=1D
1786809600000,2026-08-15T16:00:00+00:00,LINK,1.32,2026-09-04T21:10:54.988092Z,https://www.okx.com/api/v5/rubik/stat/contracts/long-short-account-ratio?ccy=LINK&period=1D
1786896000000,2026-08-16T16:00:00+00:00,LINK,1.34,2026-09-04T21:10:54.988092Z,https://www.okx.com/api/v5/rubik/stat/contracts/long-short-account-ratio?ccy=LINK&period=1D
1786982400000,2026-08-17T16:00:00+00:00,LINK,1.39,2026-09-04T21:10:54.988092Z,https://www.okx.com/api/v5/rubik/stat/contracts/long-short-account-ratio?ccy=LINK&period=1D
1787068800000,2026-08-18T16:00:00+00:00,LINK,1.42,2026-09-04T21:10:54.988092Z,https://www.okx.com/api/v5/rubik/stat/contracts/long-short-account-ratio?ccy=LINK&period=1D
1787155200000,2026-08-19T16:00:00+00:00,LINK,1.48,2026-09-04T21:10:54.988092Z,https://www.okx.com/api/v5/rubik/stat/contracts/long-short-account-ratio?ccy=LINK&period=1D
1787241600000,2026-08-20T16:00:00+00:00,LINK,2.19,2026-09-04T21:10:54.988092Z,https://www.okx.com/api/v5/rubik/stat/contracts/long-short-account-ratio?ccy=LINK&period=1D
1787328000000,2026-08-21T16:00:00+00:00,LINK,2.13,2026-09-04T21:10:54.988092Z,https://www.okx.com/api/v5/rubik/stat/contracts/long-short-account-ratio?ccy=LINK&period=1D
1787414400000,2026-08-22T16:00:00+00:00,LINK,2.21,2026-09-04T21:10:54.988092Z,https://www.okx.com/api/v5/rubik/stat/contracts/long-short-account-ratio?ccy=LINK&period=1D
1787500800000,2026-08-23T16:00:00+00:00,LINK,2.19,2026-09-04T21:10:54.988092Z,https://www.okx.com/api/v5/rubik/stat/contracts/long-short-account-ratio?ccy=LINK&period=1D
1787587200000,2026-08-24T16:00:00+00:00,LINK,2.21,2026-09-04T21:10:54.988092Z,https://www.okx.com/api/v5/rubik/stat/contracts/long-short-account-ratio?ccy=LINK&period=1D
1787673600000,2026-08-25T16:00:00+00:00,LINK,2.01,2026-09-04T21:10:54.988092Z,https://www.okx.com/api/v5/rubik/stat/contracts/long-short-account-ratio?ccy=LINK&period=1D
1787760000000,2026-08-26T16:00:00+00:00,LINK,2.06,2026-09-04T21:10:54.988092Z,https://www.okx.com/api/v5/rubik/stat/contracts/long-short-account-ratio?ccy=LINK&period=1D
1787846400000,2026-08-27T16:00:00+00:00,LINK,2.15,2026-09-04T21:10:54.988092Z,https://www.okx.com/api/v5/rubik/stat/contracts/long-short-account-ratio?ccy=LINK&period=1D
1787932800000,2026-08-28T16:00:00+00:00,LINK,2.17,2026-09-04T21:10:54.988092Z,https://www.okx.com/api/v5/rubik/stat/contracts/long-short-account-ratio?ccy=LINK&period=1D
1788019200000,2026-08-29T16:00:00+00:00,LINK,2.18,2026-09-04T21:10:54.988092Z,https://www.okx.com/api/v5/rubik/stat/contracts/long-short-account-ratio?ccy=LINK&period=1D
1788105600000,2026-08-30T16:00:00+00:00,LINK,1.96,2026-09-04T21:10:54.988092Z,https://www.okx.com/api/v5/rubik/stat/contracts/long-short-account-ratio?ccy=LINK&period=1D
1788192000000,2026-08-31T16:00:00+00:00,LINK,2.0,2026-09-04T21:10:54.988092Z,https://www.okx.com/api/v5/rubik/stat/contracts/long-short-account-ratio?ccy=LINK&period=1D
1788278400000,2026-09-01T16:00:00+00:00,LINK,2.04,2026-09-04T21:10:54.988092Z,https://www.okx.com/api/v5/rubik/stat/contracts/long-short-account-ratio?ccy=LINK&period=1D
1788364800000,2026-09-02T16:00:00+00:00,LINK,1.86,2026-09-04T21:10:54.988092Z,https://www.okx.com/api/v5/rubik/stat/contracts/long-short-account-ratio?ccy=LINK&period=1D
1788451200000,2026-09-03T16:00:00+00:00,LINK,1.4,2026-09-04T21:10:54.988092Z,https://www.okx.com/api/v5/rubik/stat/contracts/long-short-account-ratio?ccy=LINK&period=1D
