inst,bars,days,spread_bps,half,slip_$1k,slip_$5k,slip_$20k,fill_1,adv_1,fill_5,adv_5,fill_15,adv_15,fill_60,adv_60
BTC,43300,30.1,0.012959217987818187,0.0064796089939090935,0.0064796089938035095,0.0064796089938035095,0.0064799952825822515,0.8108457665481085,-0.5825715743357178,0.8108513881831201,-0.5706967086955036,0.8108423435911654,-0.5569978459452831,0.810807372973473,-0.5057777832123345
ETH,43300,30.1,0.04192406298085651,0.020962031490428256,0.020962031490601163,0.020962031490601163,0.020962646660738216,0.8508476142085085,-0.5992937550752171,0.8508338337875918,-0.5746506453094488,0.8508224748174845,-0.5483605096132114,0.8508175489719929,-0.5000609532779798
SOL,43300,30.1,1.0009008132362198,0.5004504066181099,0.5004504066186133,0.5004754516790832,0.5004754516790832,0.7937895514804378,-1.2455942998428329,0.7937820483207835,-1.2707272917319383,0.7937459569355882,-1.2688116743942224,0.7937625754527163,-1.1573435059054982
BNB,43300,30.1,1.455921962583137,0.7279609812915685,0.7279609812926857,0.7279609812926857,0.8317706751159726,0.6260219871587602,-1.6372096621429855,0.62603363052617,-1.6812139939714013,0.6261205064226967,-1.7366951054328514,0.626251763454289,-1.8119155391628605
XRP,43300,30.1,0.7427489137296318,0.3713744568648159,0.37137445686230564,0.3713882497879961,0.6941608587796022,0.7998868308004988,-1.2853472447945555,0.7998683420335382,-1.275286802733065,0.7998683116163017,-1.2924131642472583,0.7999144291033558,-1.2363097715506424
ADA,43300,30.1,4.988775255675567,2.4943876278377837,2.4943876278360477,2.4943876278360477,2.5757972233564352,0.627604046376276,-3.841248833626855,0.6276158359125976,-3.8871492810232002,0.627610664448757,-3.8515170440987663,0.6275584541733158,-3.769618224491649
AVAX,43300,30.1,1.395965659244009,0.6979828296220045,1.4789484888677595,2.0127499150435213,3.089579482528082,0.700609727932006,-2.1542250507930305,0.700616713632374,-2.2484787887463025,0.7006053045005083,-2.272647722567508,0.7007215708041352,-2.475377030342549
DOT,43300,30.1,1.1541346875191876,0.5770673437595938,1.7921721163072224,3.4696071486040037,5.639517820617002,0.7268696013672686,-2.0592253443513977,0.7268790132581882,-2.070715969550919,0.726839016726735,-2.1677490158317054,0.726762876107218,-1.9984744386918127
LINK,43300,30.1,0.9023234829681441,0.45116174148407207,0.4512839027026594,1.0855269749421304,2.618940059045949,0.7524712457850247,-1.9308398627864216,0.7524714741072666,-1.9319752061389686,0.7524604934848905,-1.826155512824862,0.7525266541779412,-1.5857270785442916
