instrument,signal_time,entry_time,exit_time,gross,bars_held,entry_pct,entry_mom
XRP,2023-08-17 20:00:00+00:00,2023-08-18 00:00:00+00:00,2023-08-19 04:00:00+00:00,-0.0012854741421932658,7,1.0,-0.14048954614992348
SOL,2023-08-21 12:00:00+00:00,2023-08-21 16:00:00+00:00,2023-08-22 20:00:00+00:00,-0.030449492508458298,7,0.8611111111111112,-0.05048187241854052
LINK,2023-10-02 20:00:00+00:00,2023-10-03 00:00:00+00:00,2023-10-04 04:00:00+00:00,0.0044253721335658636,7,1.0,-0.07354950925580817
SOL,2023-10-09 08:00:00+00:00,2023-10-09 12:00:00+00:00,2023-10-10 16:00:00+00:00,-0.009021199819576164,7,1.0,-0.04604130808950069
LINK,2023-10-26 12:00:00+00:00,2023-10-26 16:00:00+00:00,2023-10-27 20:00:00+00:00,0.057547797964424996,7,1.0,-0.07691632276758276
SOL,2023-10-26 12:00:00+00:00,2023-10-26 16:00:00+00:00,2023-10-27 20:00:00+00:00,0.019476372924648766,7,1.0,-0.06395696353855351
ETH,2023-10-27 04:00:00+00:00,2023-10-27 08:00:00+00:00,2023-10-28 12:00:00+00:00,0.006132208157524577,7,1.0,-0.0400712858454394
LINK,2023-10-29 00:00:00+00:00,2023-10-29 04:00:00+00:00,2023-10-30 08:00:00+00:00,0.009024772078460419,7,1.0,-0.047456140350877196
SOL,2023-11-03 00:00:00+00:00,2023-11-03 04:00:00+00:00,2023-11-04 08:00:00+00:00,0.0697972799589428,7,1.0,-0.08606941838649163
SOL,2023-11-06 04:00:00+00:00,2023-11-06 08:00:00+00:00,2023-11-07 12:00:00+00:00,0.029014507253626975,7,1.0,-0.03871122866073595
XRP,2023-11-07 12:00:00+00:00,2023-11-07 16:00:00+00:00,2023-11-08 20:00:00+00:00,0.026876682581470357,7,1.0,-0.06408953603296352
XRP,2023-11-10 04:00:00+00:00,2023-11-10 08:00:00+00:00,2023-11-11 12:00:00+00:00,0.021644823267039426,7,1.0,-0.05900447025341027
SOL,2023-11-12 16:00:00+00:00,2023-11-12 20:00:00+00:00,2023-11-14 00:00:00+00:00,-0.08044135967253951,7,0.8555555555555555,-0.07323107372587834
LINK,2023-11-13 04:00:00+00:00,2023-11-13 08:00:00+00:00,2023-11-14 12:00:00+00:00,-0.065041181853837,7,0.8277777777777777,-0.059741856177012886
ADA,2023-11-13 08:00:00+00:00,2023-11-13 12:00:00+00:00,2023-11-14 16:00:00+00:00,-0.012030524400510778,7,1.0,-0.048747093774218264
AVAX,2023-11-13 16:00:00+00:00,2023-11-13 20:00:00+00:00,2023-11-15 00:00:00+00:00,-0.013864818024263315,7,1.0,-0.05667574931880126
DOT,2023-11-13 20:00:00+00:00,2023-11-14 00:00:00+00:00,2023-11-15 04:00:00+00:00,-0.024859813084112115,7,1.0,-0.06239046617595523
SOL,2023-11-14 04:00:00+00:00,2023-11-14 08:00:00+00:00,2023-11-15 12:00:00+00:00,0.13837272235251663,7,0.9583333333333334,-0.04922813036020579
ETH,2023-11-14 16:00:00+00:00,2023-11-14 20:00:00+00:00,2023-11-16 00:00:00+00:00,0.04029895970104036,7,0.8333333333333334,-0.05803444011036052
LINK,2023-11-14 16:00:00+00:00,2023-11-14 20:00:00+00:00,2023-11-16 00:00:00+00:00,0.06990967925467606,7,0.9972222222222222,-0.07243221848406889
XRP,2023-11-14 16:00:00+00:00,2023-11-14 20:00:00+00:00,2023-11-16 00:00:00+00:00,0.042592830528074055,7,1.0,-0.04620098039215692
LINK,2023-11-16 12:00:00+00:00,2023-11-16 16:00:00+00:00,2023-11-17 20:00:00+00:00,-0.042508120321988474,7,1.0,-0.050295064377682386
DOT,2023-11-16 16:00:00+00:00,2023-11-16 20:00:00+00:00,2023-11-18 00:00:00+00:00,-0.030246799035071437,7,0.9055555555555556,-0.04127379469845227
ETH,2023-11-16 16:00:00+00:00,2023-11-16 20:00:00+00:00,2023-11-18 00:00:00+00:00,-0.0020854526958290487,7,1.0,-0.04261017774531284
SOL,2023-11-16 16:00:00+00:00,2023-11-16 20:00:00+00:00,2023-11-18 00:00:00+00:00,-0.05973025048169556,7,0.9444444444444444,-0.04770642201834874
XRP,2023-11-16 16:00:00+00:00,2023-11-16 20:00:00+00:00,2023-11-18 00:00:00+00:00,-0.005590213076237416,7,0.9333333333333333,-0.04619498021760626
ADA,2023-11-17 04:00:00+00:00,2023-11-17 08:00:00+00:00,2023-11-18 12:00:00+00:00,-0.023262141205278253,7,1.0,-0.07256945320582397
AVAX,2023-11-17 08:00:00+00:00,2023-11-17 12:00:00+00:00,2023-11-18 16:00:00+00:00,0.02061383417315632,7,0.9333333333333333,-0.06026689625484294
LINK,2023-11-18 00:00:00+00:00,2023-11-18 04:00:00+00:00,2023-11-19 08:00:00+00:00,0.0680612626073962,7,0.9055555555555556,-0.04345029657685995
AVAX,2023-11-21 20:00:00+00:00,2023-11-22 00:00:00+00:00,2023-11-23 04:00:00+00:00,0.09171907756813424,7,0.9944444444444445,-0.0862068965517242
ETH,2023-11-21 20:00:00+00:00,2023-11-22 00:00:00+00:00,2023-11-23 04:00:00+00:00,0.06591191066997526,7,0.8277777777777777,-0.04422155244824344
DOT,2023-12-11 00:00:00+00:00,2023-12-11 04:00:00+00:00,2023-12-12 08:00:00+00:00,0.06066793058188713,7,0.8222222222222222,-0.05641943030136232
LINK,2023-12-11 00:00:00+00:00,2023-12-11 04:00:00+00:00,2023-12-12 08:00:00+00:00,-0.007929166116030228,7,0.8333333333333334,-0.07685738684884702
ETH,2023-12-11 16:00:00+00:00,2023-12-11 20:00:00+00:00,2023-12-13 00:00:00+00:00,0.0070840950639854405,7,0.8333333333333334,-0.07185882752184614
LINK,2023-12-13 00:00:00+00:00,2023-12-13 04:00:00+00:00,2023-12-14 08:00:00+00:00,0.055571327182398766,7,0.85,-0.05947533542487149
ADA,2023-12-13 04:00:00+00:00,2023-12-13 08:00:00+00:00,2023-12-14 12:00:00+00:00,0.1799673829280095,7,0.9027777777777778,-0.06275300243554216
DOT,2023-12-13 04:00:00+00:00,2023-12-13 08:00:00+00:00,2023-12-14 12:00:00+00:00,0.1161004431314625,7,0.9972222222222222,-0.06915990650350612
ADA,2023-12-15 04:00:00+00:00,2023-12-15 08:00:00+00:00,2023-12-16 12:00:00+00:00,-0.02377254429617426,7,0.9833333333333333,-0.04103468190522508
DOT,2023-12-15 16:00:00+00:00,2023-12-15 20:00:00+00:00,2023-12-17 00:00:00+00:00,0.0012755102040817867,7,1.0,-0.047258979206049156
ETH,2023-12-15 20:00:00+00:00,2023-12-16 00:00:00+00:00,2023-12-17 04:00:00+00:00,-0.003510351035103554,7,0.9555555555555556,-0.041332297868668655
LINK,2023-12-15 20:00:00+00:00,2023-12-16 00:00:00+00:00,2023-12-17 04:00:00+00:00,-0.007554032314471604,7,0.9277777777777778,-0.07150279257046366
ADA,2023-12-17 12:00:00+00:00,2023-12-17 16:00:00+00:00,2023-12-18 20:00:00+00:00,-0.031257873255286506,7,0.9611111111111111,-0.04416581042897516
AVAX,2023-12-17 12:00:00+00:00,2023-12-17 16:00:00+00:00,2023-12-18 20:00:00+00:00,-0.05069014754878631,7,0.8,-0.06393406103809307
DOT,2023-12-17 12:00:00+00:00,2023-12-17 16:00:00+00:00,2023-12-18 20:00:00+00:00,-0.03797468354430378,7,0.9333333333333333,-0.04216037475888679
SOL,2023-12-17 12:00:00+00:00,2023-12-17 16:00:00+00:00,2023-12-18 20:00:00+00:00,-0.0030269675288939757,7,0.8,-0.0585492227979274
SOL,2023-12-26 16:00:00+00:00,2023-12-26 20:00:00+00:00,2023-12-28 00:00:00+00:00,0.004030368356922054,7,0.8333333333333334,-0.12275941456997208
DOT,2023-12-27 00:00:00+00:00,2023-12-27 04:00:00+00:00,2023-12-28 08:00:00+00:00,0.02427126710291505,7,0.8333333333333334,-0.09740120274914088
AVAX,2023-12-28 12:00:00+00:00,2023-12-28 16:00:00+00:00,2023-12-29 20:00:00+00:00,0.010489510489510634,7,0.8166666666666667,-0.07550219348880172
DOT,2023-12-28 12:00:00+00:00,2023-12-28 16:00:00+00:00,2023-12-29 20:00:00+00:00,-0.012395709177592473,7,0.8833333333333333,-0.05952247505884978
SOL,2023-12-28 12:00:00+00:00,2023-12-28 16:00:00+00:00,2023-12-29 20:00:00+00:00,0.06163698218931346,7,1.0,-0.07505784359093015
LINK,2023-12-28 20:00:00+00:00,2023-12-29 00:00:00+00:00,2023-12-30 04:00:00+00:00,-0.04524802389991911,7,0.85,-0.039399736936506
ADA,2023-12-29 00:00:00+00:00,2023-12-29 04:00:00+00:00,2023-12-30 08:00:00+00:00,-0.015711494627157152,7,0.8333333333333334,-0.07193907616989781
LINK,2023-12-30 08:00:00+00:00,2023-12-30 12:00:00+00:00,2023-12-31 16:00:00+00:00,0.0061899117608323895,7,0.9,-0.06340199827309723
SOL,2023-12-30 08:00:00+00:00,2023-12-30 12:00:00+00:00,2023-12-31 16:00:00+00:00,0.004202501954652105,7,0.9055555555555556,-0.05215377489578521
LINK,2024-01-03 12:00:00+00:00,2024-01-03 16:00:00+00:00,2024-01-04 20:00:00+00:00,0.03134906657273695,7,0.9833333333333333,-0.07818689525293843
XRP,2024-01-03 12:00:00+00:00,2024-01-03 16:00:00+00:00,2024-01-04 20:00:00+00:00,0.017238693597798393,7,1.0,-0.07822271857051699
XRP,2024-01-05 12:00:00+00:00,2024-01-05 16:00:00+00:00,2024-01-06 20:00:00+00:00,0.011515054736431107,7,0.9555555555555556,-0.039421208712547284
ADA,2024-01-07 20:00:00+00:00,2024-01-08 00:00:00+00:00,2024-01-09 04:00:00+00:00,0.061924618762716266,7,0.8166666666666667,-0.05268882867066149
ADA,2024-01-09 16:00:00+00:00,2024-01-09 20:00:00+00:00,2024-01-11 00:00:00+00:00,0.11904714797301286,7,1.0,-0.06855500064500653
ETH,2024-01-14 20:00:00+00:00,2024-01-15 00:00:00+00:00,2024-01-16 04:00:00+00:00,0.025880545108981412,7,0.8888888888888888,-0.04102842517547589
ETH,2024-01-23 08:00:00+00:00,2024-01-23 12:00:00+00:00,2024-01-24 16:00:00+00:00,0.008346868796246243,7,1.0,-0.06905241935483875
LINK,2024-01-23 08:00:00+00:00,2024-01-23 12:00:00+00:00,2024-01-24 16:00:00+00:00,0.014311270125223707,7,0.8,-0.08028956893715045
DOT,2024-02-21 04:00:00+00:00,2024-02-21 08:00:00+00:00,2024-02-22 12:00:00+00:00,0.016172506738544534,7,0.8444444444444444,-0.05573937388648509
ADA,2024-02-22 00:00:00+00:00,2024-02-22 04:00:00+00:00,2024-02-23 08:00:00+00:00,-0.0062469148411036235,7,0.8277777777777777,-0.04044099632503062
DOT,2024-03-01 12:00:00+00:00,2024-03-01 16:00:00+00:00,2024-03-02 20:00:00+00:00,0.11406889906046747,7,0.9833333333333333,-0.06139061616732633
LINK,2024-03-03 04:00:00+00:00,2024-03-03 08:00:00+00:00,2024-03-04 12:00:00+00:00,0.0139635861252283,7,1.0,-0.04684193199454456
ADA,2024-03-05 16:00:00+00:00,2024-03-05 20:00:00+00:00,2024-03-07 00:00:00+00:00,0.13918251745004895,7,1.0,-0.16992548818088382
AVAX,2024-03-05 16:00:00+00:00,2024-03-05 20:00:00+00:00,2024-03-07 00:00:00+00:00,0.11788399570354469,7,1.0,-0.12786885245901636
DOT,2024-03-05 16:00:00+00:00,2024-03-05 20:00:00+00:00,2024-03-07 00:00:00+00:00,0.18697998650775816,7,1.0,-0.10756572345976312
ETH,2024-03-05 16:00:00+00:00,2024-03-05 20:00:00+00:00,2024-03-07 00:00:00+00:00,0.13573505846044265,7,1.0,-0.06410042770649327
LINK,2024-03-05 16:00:00+00:00,2024-03-05 20:00:00+00:00,2024-03-07 00:00:00+00:00,0.1100866780765195,7,1.0,-0.11241240750722792
SOL,2024-03-05 16:00:00+00:00,2024-03-05 20:00:00+00:00,2024-03-07 00:00:00+00:00,0.13795797881576655,7,1.0,-0.11406814860395342
XRP,2024-03-05 16:00:00+00:00,2024-03-05 20:00:00+00:00,2024-03-07 00:00:00+00:00,0.0813297609814565,7,1.0,-0.13699838753840998
SOL,2024-03-11 00:00:00+00:00,2024-03-11 04:00:00+00:00,2024-03-12 08:00:00+00:00,0.07551972846839217,7,0.9611111111111111,-0.039396821084091926
AVAX,2024-03-19 20:00:00+00:00,2024-03-20 00:00:00+00:00,2024-03-21 04:00:00+00:00,0.039635280982508236,7,0.8555555555555555,-0.11305495956428457
LINK,2024-03-19 20:00:00+00:00,2024-03-20 00:00:00+00:00,2024-03-21 04:00:00+00:00,0.091465588969452,7,0.85,-0.08104860731840513
AVAX,2024-04-12 16:00:00+00:00,2024-04-12 20:00:00+00:00,2024-04-14 00:00:00+00:00,-0.12045690550363453,7,0.8,-0.16605325828101314
SOL,2024-04-12 16:00:00+00:00,2024-04-12 20:00:00+00:00,2024-04-14 00:00:00+00:00,-0.07242302543507362,7,0.8388888888888889,-0.1449665197733645
XRP,2024-04-12 16:00:00+00:00,2024-04-12 20:00:00+00:00,2024-04-14 00:00:00+00:00,-0.1081377821612669,7,0.9444444444444444,-0.12301917584659328
ETH,2024-04-13 16:00:00+00:00,2024-04-13 20:00:00+00:00,2024-04-15 00:00:00+00:00,0.02453032220383533,7,0.9444444444444444,-0.0387086712414223
AVAX,2024-04-14 04:00:00+00:00,2024-04-14 08:00:00+00:00,2024-04-15 12:00:00+00:00,0.03527142463488575,7,0.9833333333333333,-0.04675597583399005
SOL,2024-04-14 04:00:00+00:00,2024-04-14 08:00:00+00:00,2024-04-15 12:00:00+00:00,0.0475464374826724,7,0.9944444444444445,-0.04500926661371463
SOL,2024-04-15 20:00:00+00:00,2024-04-16 00:00:00+00:00,2024-04-17 04:00:00+00:00,-0.00750685722535005,7,0.9972222222222222,-0.08481965913594924
ETH,2024-04-16 04:00:00+00:00,2024-04-16 08:00:00+00:00,2024-04-17 12:00:00+00:00,-0.022160753915924203,7,0.9833333333333333,-0.04187981510015415
SOL,2024-04-18 04:00:00+00:00,2024-04-18 08:00:00+00:00,2024-04-19 12:00:00+00:00,0.11664735419080752,7,1.0,-0.07244196044711959
LINK,2024-06-07 16:00:00+00:00,2024-06-07 20:00:00+00:00,2024-06-09 00:00:00+00:00,-0.022024539877300575,7,1.0,-0.05485329931578331
SOL,2024-06-11 12:00:00+00:00,2024-06-11 16:00:00+00:00,2024-06-12 20:00:00+00:00,0.04009210348096981,7,0.9944444444444445,-0.09070755588398294
ETH,2024-06-13 12:00:00+00:00,2024-06-13 16:00:00+00:00,2024-06-14 20:00:00+00:00,-0.01089356263072272,7,1.0,-0.048955685711128294
SOL,2024-06-13 12:00:00+00:00,2024-06-13 16:00:00+00:00,2024-06-14 20:00:00+00:00,-0.03465649894464495,7,1.0,-0.0757661569441822
ETH,2024-06-18 00:00:00+00:00,2024-06-18 04:00:00+00:00,2024-06-19 08:00:00+00:00,0.03070749367530312,7,0.8833333333333333,-0.03941340782122904
XRP,2024-07-18 04:00:00+00:00,2024-07-18 08:00:00+00:00,2024-07-19 12:00:00+00:00,-0.046117801092218524,7,1.0,-0.048628183695545224
SOL,2024-08-02 16:00:00+00:00,2024-08-02 20:00:00+00:00,2024-08-04 00:00:00+00:00,-0.05795183911087587,7,0.9222222222222223,-0.06898250800689831
SOL,2024-08-09 20:00:00+00:00,2024-08-10 00:00:00+00:00,2024-08-11 04:00:00+00:00,-0.003454231433506205,7,0.8472222222222222,-0.04250627794450912
XRP,2024-08-09 20:00:00+00:00,2024-08-10 00:00:00+00:00,2024-08-11 04:00:00+00:00,0.014717780111201062,7,0.8722222222222222,-0.05855184260849855
XRP,2024-10-02 04:00:00+00:00,2024-10-02 08:00:00+00:00,2024-10-03 12:00:00+00:00,-0.1385729747731248,7,0.9388888888888889,-0.04451657041032253
ADA,2024-11-12 20:00:00+00:00,2024-11-13 00:00:00+00:00,2024-11-14 04:00:00+00:00,0.00356456403983918,7,0.9944444444444445,-0.06797602762035049
AVAX,2024-11-12 20:00:00+00:00,2024-11-13 00:00:00+00:00,2024-11-14 04:00:00+00:00,-0.018534863195057483,7,0.9944444444444445,-0.04949664429530187
DOT,2024-11-12 20:00:00+00:00,2024-11-13 00:00:00+00:00,2024-11-14 04:00:00+00:00,-0.04365004703668862,7,0.9111111111111111,-0.07145352900069879
LINK,2024-11-12 20:00:00+00:00,2024-11-13 00:00:00+00:00,2024-11-14 04:00:00+00:00,-0.03392256494668289,7,0.9166666666666666,-0.06503847440615584
SOL,2024-11-12 20:00:00+00:00,2024-11-13 00:00:00+00:00,2024-11-14 04:00:00+00:00,0.035485391140433586,7,0.8222222222222222,-0.047234195402298895
ETH,2024-11-13 04:00:00+00:00,2024-11-13 08:00:00+00:00,2024-11-14 12:00:00+00:00,0.007739693571315653,7,0.8111111111111111,-0.06268506455051515
ADA,2024-11-14 12:00:00+00:00,2024-11-14 16:00:00+00:00,2024-11-15 20:00:00+00:00,0.23592088008159706,7,1.0,-0.08110460251046037
AVAX,2024-11-14 12:00:00+00:00,2024-11-14 16:00:00+00:00,2024-11-15 20:00:00+00:00,0.021390374331550888,7,1.0,-0.08754305396096451
LINK,2024-11-14 12:00:00+00:00,2024-11-14 16:00:00+00:00,2024-11-15 20:00:00+00:00,0.03682915577425794,7,1.0,-0.08851356086621343
ETH,2024-11-14 20:00:00+00:00,2024-11-15 00:00:00+00:00,2024-11-16 04:00:00+00:00,0.032047303256999005,7,1.0,-0.04163927240850318
SOL,2024-11-15 00:00:00+00:00,2024-11-15 04:00:00+00:00,2024-11-16 08:00:00+00:00,0.04727081540961664,7,1.0,-0.047831429481636545
ADA,2024-11-17 00:00:00+00:00,2024-11-17 04:00:00+00:00,2024-11-18 08:00:00+00:00,0.0665137614678899,7,1.0,-0.042797285176905175
DOT,2024-11-17 16:00:00+00:00,2024-11-17 20:00:00+00:00,2024-11-19 00:00:00+00:00,0.10555351232070609,7,1.0,-0.04880181913591042
LINK,2024-11-17 16:00:00+00:00,2024-11-17 20:00:00+00:00,2024-11-19 00:00:00+00:00,0.09832635983263605,7,0.9888888888888889,-0.06077647537096009
XRP,2024-11-17 16:00:00+00:00,2024-11-17 20:00:00+00:00,2024-11-19 00:00:00+00:00,0.07511623868963802,7,1.0,-0.12744198574158094
AVAX,2024-11-18 08:00:00+00:00,2024-11-18 12:00:00+00:00,2024-11-19 16:00:00+00:00,-0.00977854472246198,7,1.0,-0.04372937293729362
XRP,2024-11-19 04:00:00+00:00,2024-11-19 08:00:00+00:00,2024-11-20 12:00:00+00:00,0.016444778307735497,7,1.0,-0.05794333557853815
XRP,2024-11-24 08:00:00+00:00,2024-11-24 12:00:00+00:00,2024-11-25 16:00:00+00:00,0.026977186448736035,7,0.8111111111111111,-0.10403381954304902
ADA,2024-11-24 12:00:00+00:00,2024-11-24 16:00:00+00:00,2024-11-25 20:00:00+00:00,0.05758941736529466,7,0.8722222222222222,-0.14165868122728664
DOT,2024-11-24 12:00:00+00:00,2024-11-24 16:00:00+00:00,2024-11-25 20:00:00+00:00,0.03261792166848543,7,1.0,-0.07138835716698577
SOL,2024-11-25 20:00:00+00:00,2024-11-26 00:00:00+00:00,2024-11-27 04:00:00+00:00,-0.011992147490611171,7,0.8222222222222222,-0.07500394757618822
ADA,2024-11-26 00:00:00+00:00,2024-11-26 04:00:00+00:00,2024-11-27 08:00:00+00:00,0.010818370662882382,7,0.9805555555555555,-0.04131791428824938
DOT,2024-11-26 00:00:00+00:00,2024-11-26 04:00:00+00:00,2024-11-27 08:00:00+00:00,-0.007779772591262835,7,0.9972222222222222,-0.04372210140780586
AVAX,2024-11-26 04:00:00+00:00,2024-11-26 08:00:00+00:00,2024-11-27 12:00:00+00:00,0.0535238556551223,7,0.8277777777777777,-0.0830557406173662
LINK,2024-11-26 08:00:00+00:00,2024-11-26 12:00:00+00:00,2024-11-27 16:00:00+00:00,0.09292355995652679,7,0.8944444444444445,-0.11267077417626559
XRP,2024-11-26 08:00:00+00:00,2024-11-26 12:00:00+00:00,2024-11-27 16:00:00+00:00,0.12431057382769395,7,0.8722222222222222,-0.10081981039775989
ADA,2024-11-28 12:00:00+00:00,2024-11-28 16:00:00+00:00,2024-11-29 20:00:00+00:00,0.07631893810015633,7,0.9444444444444444,-0.05595512777193168
DOT,2024-11-28 12:00:00+00:00,2024-11-28 16:00:00+00:00,2024-11-29 20:00:00+00:00,0.08673469387755106,7,0.9277777777777778,-0.044357236294446545
XRP,2024-11-28 12:00:00+00:00,2024-11-28 16:00:00+00:00,2024-11-29 20:00:00+00:00,0.20549872211815012,7,0.8166666666666667,-0.0415940839223381
ADA,2024-12-01 04:00:00+00:00,2024-12-01 08:00:00+00:00,2024-12-02 12:00:00+00:00,0.015170132325141639,7,0.9388888888888889,-0.06300370193244409
XRP,2024-12-03 12:00:00+00:00,2024-12-03 16:00:00+00:00,2024-12-04 20:00:00+00:00,-0.05080102930190089,7,0.9555555555555556,-0.0644075694426468
XRP,2024-12-05 20:00:00+00:00,2024-12-06 00:00:00+00:00,2024-12-07 04:00:00+00:00,0.07672793349949569,7,1.0,-0.0484804416843867
XRP,2024-12-09 00:00:00+00:00,2024-12-09 04:00:00+00:00,2024-12-10 08:00:00+00:00,-0.10779732213179316,7,1.0,-0.04798068160407298
LINK,2024-12-09 08:00:00+00:00,2024-12-09 12:00:00+00:00,2024-12-10 16:00:00+00:00,-0.1331275636599928,7,0.9277777777777778,-0.07678752202767047
ADA,2024-12-09 20:00:00+00:00,2024-12-10 00:00:00+00:00,2024-12-11 04:00:00+00:00,0.005071901664777112,7,0.9555555555555556,-0.15976736801644453
AVAX,2024-12-09 20:00:00+00:00,2024-12-10 00:00:00+00:00,2024-12-11 04:00:00+00:00,-0.018206039076376523,7,0.9555555555555556,-0.1676215117353539
DOT,2024-12-09 20:00:00+00:00,2024-12-10 00:00:00+00:00,2024-12-11 04:00:00+00:00,-0.013692162417374809,7,1.0,-0.18687014108839628
SOL,2024-12-10 12:00:00+00:00,2024-12-10 16:00:00+00:00,2024-12-11 20:00:00+00:00,0.11418199419167485,7,0.8055555555555556,-0.07895323436315815
XRP,2024-12-10 12:00:00+00:00,2024-12-10 16:00:00+00:00,2024-12-11 20:00:00+00:00,0.19664648346530034,7,0.8166666666666667,-0.14587520938023446
ADA,2024-12-13 04:00:00+00:00,2024-12-13 08:00:00+00:00,2024-12-14 12:00:00+00:00,0.008752996500638321,7,0.9277777777777778,-0.06022234881834021
DOT,2024-12-13 04:00:00+00:00,2024-12-13 08:00:00+00:00,2024-12-14 12:00:00+00:00,-0.015197568389057725,7,0.9222222222222223,-0.046274425595877244
ADA,2024-12-14 16:00:00+00:00,2024-12-14 20:00:00+00:00,2024-12-16 00:00:00+00:00,0.036047925641726764,7,0.9166666666666666,-0.03907785678699216
DOT,2024-12-14 16:00:00+00:00,2024-12-14 20:00:00+00:00,2024-12-16 00:00:00+00:00,0.06050281954887193,7,0.9388888888888889,-0.060070671378091745
AVAX,2024-12-14 20:00:00+00:00,2024-12-15 00:00:00+00:00,2024-12-16 04:00:00+00:00,0.002606777621816825,7,0.9166666666666666,-0.05620741862225598
ETH,2024-12-19 12:00:00+00:00,2024-12-19 16:00:00+00:00,2024-12-20 20:00:00+00:00,-0.03724817356652643,7,0.9388888888888889,-0.06603602905068362
SOL,2024-12-19 12:00:00+00:00,2024-12-19 16:00:00+00:00,2024-12-20 20:00:00+00:00,-0.06846916942229131,7,0.9722222222222222,-0.05574432913949867
LINK,2024-12-19 16:00:00+00:00,2024-12-19 20:00:00+00:00,2024-12-21 00:00:00+00:00,0.05079949694574193,7,0.8222222222222222,-0.15733696680670683
ADA,2024-12-20 08:00:00+00:00,2024-12-20 12:00:00+00:00,2024-12-21 16:00:00+00:00,0.21011647604165296,7,1.0,-0.22844753345964075
AVAX,2024-12-20 08:00:00+00:00,2024-12-20 12:00:00+00:00,2024-12-21 16:00:00+00:00,0.14833531510107023,7,1.0,-0.22309468822170897
DOT,2024-12-20 08:00:00+00:00,2024-12-20 12:00:00+00:00,2024-12-21 16:00:00+00:00,0.1741424802110818,7,1.0,-0.21805286911669886
XRP,2024-12-20 08:00:00+00:00,2024-12-20 12:00:00+00:00,2024-12-21 16:00:00+00:00,0.1489161456399084,7,0.9666666666666667,-0.18431852604933885
ADA,2024-12-21 20:00:00+00:00,2024-12-22 00:00:00+00:00,2024-12-23 04:00:00+00:00,0.003803500547306049,7,0.9972222222222222,-0.047065641133705705
AVAX,2024-12-21 20:00:00+00:00,2024-12-22 00:00:00+00:00,2024-12-23 04:00:00+00:00,0.009893048128342352,7,1.0,-0.06100928948029127
DOT,2024-12-21 20:00:00+00:00,2024-12-22 00:00:00+00:00,2024-12-23 04:00:00+00:00,0.014469914040114551,7,0.9972222222222222,-0.043442510620802954
ETH,2024-12-21 20:00:00+00:00,2024-12-22 00:00:00+00:00,2024-12-23 04:00:00+00:00,0.0034174710714069967,7,1.0,-0.038951310861423116
LINK,2024-12-21 20:00:00+00:00,2024-12-22 00:00:00+00:00,2024-12-23 04:00:00+00:00,0.04402914159011706,7,0.9944444444444445,-0.05539645223338319
SOL,2024-12-21 20:00:00+00:00,2024-12-22 00:00:00+00:00,2024-12-23 04:00:00+00:00,0.026420297848869234,7,1.0,-0.06733885487936608
XRP,2024-12-22 04:00:00+00:00,2024-12-22 08:00:00+00:00,2024-12-23 12:00:00+00:00,-0.011721223498134092,7,0.9611111111111111,-0.05409756677767974
AVAX,2024-12-26 04:00:00+00:00,2024-12-26 08:00:00+00:00,2024-12-27 12:00:00+00:00,-0.004652364952184018,7,0.8166666666666667,-0.053108174253548746
LINK,2024-12-26 04:00:00+00:00,2024-12-26 08:00:00+00:00,2024-12-27 12:00:00+00:00,0.000640751815463414,7,0.8166666666666667,-0.05425604977174481
ADA,2024-12-26 08:00:00+00:00,2024-12-26 12:00:00+00:00,2024-12-27 12:00:00+00:00,0.03852555934382562,6,0.85,-0.0438185350647069
DOT,2024-12-26 08:00:00+00:00,2024-12-26 12:00:00+00:00,2024-12-27 12:00:00+00:00,0.026746336605491416,6,0.8166666666666667,-0.05077650236326814
SOL,2025-01-20 00:00:00+00:00,2025-01-20 04:00:00+00:00,2025-01-21 08:00:00+00:00,-0.019441220361465783,7,0.8,-0.05488736532810967
XRP,2025-01-21 04:00:00+00:00,2025-01-21 08:00:00+00:00,2025-01-22 12:00:00+00:00,0.0545182461047915,7,0.8166666666666667,-0.03893178086655724
SOL,2025-01-21 12:00:00+00:00,2025-01-21 16:00:00+00:00,2025-01-22 20:00:00+00:00,0.10177303492089851,7,0.8555555555555555,-0.05084144563118265
LINK,2025-01-22 16:00:00+00:00,2025-01-22 20:00:00+00:00,2025-01-24 00:00:00+00:00,0.010631595526854554,7,0.8444444444444444,-0.046446138249540025
SOL,2025-01-23 08:00:00+00:00,2025-01-23 12:00:00+00:00,2025-01-24 16:00:00+00:00,0.07451253481894149,7,0.9277777777777778,-0.05277044854881274
XRP,2025-01-23 08:00:00+00:00,2025-01-23 12:00:00+00:00,2025-01-24 16:00:00+00:00,0.026853689220912358,7,0.8111111111111111,-0.046477762834484904
SOL,2025-01-25 04:00:00+00:00,2025-01-25 08:00:00+00:00,2025-01-26 12:00:00+00:00,0.03397920796084297,7,0.9888888888888889,-0.047873979356031326
LINK,2025-01-25 08:00:00+00:00,2025-01-25 12:00:00+00:00,2025-01-26 16:00:00+00:00,0.018437787465504174,7,0.8333333333333334,-0.04452002445735248
SOL,2025-01-26 20:00:00+00:00,2025-01-27 00:00:00+00:00,2025-01-28 04:00:00+00:00,-0.01630005405630175,7,0.8,-0.06190513340614767
LINK,2025-01-27 04:00:00+00:00,2025-01-27 08:00:00+00:00,2025-01-28 12:00:00+00:00,0.04912142325051483,7,0.85,-0.11129716889286956
LINK,2025-01-28 20:00:00+00:00,2025-01-29 00:00:00+00:00,2025-01-30 04:00:00+00:00,0.07450008847991518,7,0.8888888888888888,-0.06595041322314055
LINK,2025-02-01 12:00:00+00:00,2025-02-01 16:00:00+00:00,2025-02-02 20:00:00+00:00,-0.1508484972398283,7,0.85,-0.056192350739068475
SOL,2025-02-02 00:00:00+00:00,2025-02-02 04:00:00+00:00,2025-02-03 08:00:00+00:00,-0.03726077711192721,7,0.8055555555555556,-0.10582948014346838
ADA,2025-02-03 00:00:00+00:00,2025-02-03 04:00:00+00:00,2025-02-04 08:00:00+00:00,0.08914575612127118,7,1.0,-0.24069845224090614
LINK,2025-02-03 00:00:00+00:00,2025-02-03 04:00:00+00:00,2025-02-04 08:00:00+00:00,0.11031947978512857,7,1.0,-0.20705734654530794
XRP,2025-02-03 00:00:00+00:00,2025-02-03 04:00:00+00:00,2025-02-04 08:00:00+00:00,0.10175558282426023,7,1.0,-0.20322962074016548
LINK,2025-02-04 16:00:00+00:00,2025-02-04 20:00:00+00:00,2025-02-06 00:00:00+00:00,-0.0575153751537516,7,0.9833333333333333,-0.07276459854014605
XRP,2025-02-04 16:00:00+00:00,2025-02-04 20:00:00+00:00,2025-02-06 00:00:00+00:00,-0.08143009357917175,7,0.9833333333333333,-0.05806545454545453
LINK,2025-02-06 12:00:00+00:00,2025-02-06 16:00:00+00:00,2025-02-07 20:00:00+00:00,0.0,7,1.0,-0.04666666666666652
SOL,2025-02-06 12:00:00+00:00,2025-02-06 16:00:00+00:00,2025-02-07 20:00:00+00:00,0.021641400940930478,7,0.8777777777777778,-0.051561725334655306
XRP,2025-02-06 12:00:00+00:00,2025-02-06 16:00:00+00:00,2025-02-07 20:00:00+00:00,0.04960906603736892,7,1.0,-0.0755889215623603
ADA,2025-05-13 00:00:00+00:00,2025-05-13 04:00:00+00:00,2025-05-14 08:00:00+00:00,0.06383308171718349,7,0.9166666666666666,-0.055339533636441174
ADA,2025-05-14 16:00:00+00:00,2025-05-14 20:00:00+00:00,2025-05-16 00:00:00+00:00,-0.04784790532780747,7,0.9,-0.04080655203793282
SOL,2025-05-14 20:00:00+00:00,2025-05-15 00:00:00+00:00,2025-05-16 04:00:00+00:00,-0.022809599275526393,7,0.9333333333333333,-0.03873775843307947
XRP,2025-05-15 04:00:00+00:00,2025-05-15 08:00:00+00:00,2025-05-16 12:00:00+00:00,-0.014405815936966992,7,0.9888888888888889,-0.06008192121667888
XRP,2025-07-12 16:00:00+00:00,2025-07-12 20:00:00+00:00,2025-07-14 00:00:00+00:00,0.036135784718015485,7,0.95,-0.04260753204736267
ADA,2025-07-19 00:00:00+00:00,2025-07-19 04:00:00+00:00,2025-07-19 16:00:00+00:00,-0.006438986675042613,3,0.8916666666666667,-0.039096871553775614
XRP,2025-07-19 00:00:00+00:00,2025-07-19 04:00:00+00:00,2025-07-20 08:00:00+00:00,-0.001477494285573644,7,0.975,-0.044214682663846094
ADA,2025-07-23 12:00:00+00:00,2025-07-23 16:00:00+00:00,2025-07-24 20:00:00+00:00,-0.020480513569837377,7,0.9333333333333333,-0.05290501145670279
LINK,2025-07-23 12:00:00+00:00,2025-07-23 16:00:00+00:00,2025-07-24 20:00:00+00:00,-0.008748244950858575,7,0.8777777777777778,-0.04378808220592789
XRP,2025-07-23 12:00:00+00:00,2025-07-23 16:00:00+00:00,2025-07-24 20:00:00+00:00,-0.033532368822984604,7,0.9555555555555556,-0.05331378883401883
SOL,2025-07-23 16:00:00+00:00,2025-07-23 20:00:00+00:00,2025-07-25 00:00:00+00:00,-0.02788992775180621,7,0.8277777777777777,-0.05449796574413579
LINK,2025-07-25 00:00:00+00:00,2025-07-25 04:00:00+00:00,2025-07-26 08:00:00+00:00,0.042675959780621664,7,1.0,-0.04008774335069909
ADA,2025-07-25 12:00:00+00:00,2025-07-25 16:00:00+00:00,2025-07-26 20:00:00+00:00,0.05749002307760964,7,0.9555555555555556,-0.048421537938899806
AVAX,2025-07-25 12:00:00+00:00,2025-07-25 16:00:00+00:00,2025-07-26 20:00:00+00:00,0.096877019168641,7,0.9888888888888889,-0.040266236719169846
SOL,2025-07-25 12:00:00+00:00,2025-07-25 16:00:00+00:00,2025-07-26 20:00:00+00:00,0.04608656649472964,7,0.9666666666666667,-0.05469578121687513
XRP,2025-07-25 12:00:00+00:00,2025-07-25 16:00:00+00:00,2025-07-26 20:00:00+00:00,0.0505940242346099,7,0.9444444444444444,-0.05844533911427685
LINK,2025-07-28 16:00:00+00:00,2025-07-28 20:00:00+00:00,2025-07-30 00:00:00+00:00,-0.022856829642622145,7,0.9944444444444445,-0.04029458179905321
ADA,2025-07-28 20:00:00+00:00,2025-07-29 00:00:00+00:00,2025-07-30 04:00:00+00:00,-0.010287054196134737,7,0.8277777777777777,-0.04703380667483603
AVAX,2025-07-29 00:00:00+00:00,2025-07-29 04:00:00+00:00,2025-07-30 08:00:00+00:00,-0.04176982669115892,7,0.9944444444444445,-0.043431758279536936
SOL,2025-07-29 00:00:00+00:00,2025-07-29 04:00:00+00:00,2025-07-30 08:00:00+00:00,-0.019356937591498147,7,0.9972222222222222,-0.04731649362053825
XRP,2025-07-29 00:00:00+00:00,2025-07-29 04:00:00+00:00,2025-07-30 08:00:00+00:00,-0.006999796276961345,7,0.85,-0.0403763325900357
LINK,2025-07-30 04:00:00+00:00,2025-07-30 08:00:00+00:00,2025-07-31 12:00:00+00:00,0.0163990047500564,7,0.9722222222222222,-0.0505234899328858
ADA,2025-07-30 08:00:00+00:00,2025-07-30 12:00:00+00:00,2025-07-31 16:00:00+00:00,0.007515016802942309,7,0.8444444444444444,-0.050620509470933994
AVAX,2025-07-30 20:00:00+00:00,2025-07-31 00:00:00+00:00,2025-08-01 04:00:00+00:00,-0.03845658611957603,7,0.9305555555555556,-0.04351574366763833
ETH,2025-08-02 12:00:00+00:00,2025-08-02 16:00:00+00:00,2025-08-03 20:00:00+00:00,0.010812686114082481,7,0.8277777777777777,-0.04331351127091687
SOL,2025-08-06 08:00:00+00:00,2025-08-06 12:00:00+00:00,2025-08-07 16:00:00+00:00,0.038669995737165896,7,0.8444444444444444,-0.038977000058524
AVAX,2025-08-11 20:00:00+00:00,2025-08-12 00:00:00+00:00,2025-08-12 16:00:00+00:00,0.0623027008067345,4,0.8611111111111112,-0.043930248155600315
SOL,2025-08-11 20:00:00+00:00,2025-08-12 00:00:00+00:00,2025-08-12 16:00:00+00:00,0.03922241280731842,4,0.8333333333333334,-0.04347826086956519
AVAX,2025-08-14 12:00:00+00:00,2025-08-14 16:00:00+00:00,2025-08-15 20:00:00+00:00,-0.014055048941688186,7,0.8055555555555556,-0.044677109974424645
LINK,2025-08-14 16:00:00+00:00,2025-08-14 20:00:00+00:00,2025-08-16 00:00:00+00:00,-0.028164613461881816,7,1.0,-0.058971774193548376
SOL,2025-08-14 16:00:00+00:00,2025-08-14 20:00:00+00:00,2025-08-16 00:00:00+00:00,-0.0377866349189917,7,0.8888888888888888,-0.044465327925610865
ADA,2025-08-15 00:00:00+00:00,2025-08-15 04:00:00+00:00,2025-08-16 08:00:00+00:00,0.03506115567582646,7,0.9,-0.05366651762123498
ETH,2025-08-15 12:00:00+00:00,2025-08-15 16:00:00+00:00,2025-08-16 20:00:00+00:00,-0.002031281738777202,7,1.0,-0.04194866694055832
AVAX,2025-08-16 00:00:00+00:00,2025-08-16 04:00:00+00:00,2025-08-17 08:00:00+00:00,0.02850684415421334,7,0.9916666666666667,-0.03990836749457449
SOL,2025-08-16 04:00:00+00:00,2025-08-16 08:00:00+00:00,2025-08-17 12:00:00+00:00,0.02319805537941222,7,0.9833333333333333,-0.04021910026880349
SOL,2025-08-18 00:00:00+00:00,2025-08-18 04:00:00+00:00,2025-08-19 08:00:00+00:00,-0.013735361716099459,7,1.0,-0.04668996817778703
ADA,2025-08-18 04:00:00+00:00,2025-08-18 08:00:00+00:00,2025-08-19 12:00:00+00:00,0.015906935162067537,7,0.9944444444444445,-0.043955471241843735
AVAX,2025-08-18 04:00:00+00:00,2025-08-18 08:00:00+00:00,2025-08-19 12:00:00+00:00,-0.007434154630416301,7,1.0,-0.04192104192104196
ETH,2025-08-18 04:00:00+00:00,2025-08-18 08:00:00+00:00,2025-08-19 12:00:00+00:00,0.012043949852091895,7,1.0,-0.047284602308311885
LINK,2025-08-19 12:00:00+00:00,2025-08-19 16:00:00+00:00,2025-08-20 20:00:00+00:00,0.07742998352553543,7,1.0,-0.04364266582637466
ADA,2025-08-19 16:00:00+00:00,2025-08-19 20:00:00+00:00,2025-08-21 00:00:00+00:00,0.031919376360699525,7,1.0,-0.0712787120479178
AVAX,2025-08-19 16:00:00+00:00,2025-08-19 20:00:00+00:00,2025-08-21 00:00:00+00:00,0.04186831239177735,7,0.9888888888888889,-0.05607476635514019
ETH,2025-08-19 16:00:00+00:00,2025-08-19 20:00:00+00:00,2025-08-21 00:00:00+00:00,0.04690630808970875,7,1.0,-0.04953880042219261
ADA,2025-08-21 16:00:00+00:00,2025-08-21 20:00:00+00:00,2025-08-23 00:00:00+00:00,0.09478578389357883,7,0.9277777777777778,-0.0448683443233302
LINK,2025-08-21 16:00:00+00:00,2025-08-21 20:00:00+00:00,2025-08-23 00:00:00+00:00,0.07638916750250746,7,0.9277777777777778,-0.04720948012232418
SOL,2025-08-21 16:00:00+00:00,2025-08-21 20:00:00+00:00,2025-08-23 00:00:00+00:00,0.11408427246988295,7,0.8222222222222222,-0.040074606981081895
LINK,2025-08-23 16:00:00+00:00,2025-08-23 20:00:00+00:00,2025-08-25 00:00:00+00:00,-0.011855591249808728,7,0.9055555555555556,-0.03906508397339303
LINK,2025-08-25 12:00:00+00:00,2025-08-25 16:00:00+00:00,2025-08-26 20:00:00+00:00,-0.0018432802195552656,7,0.9444444444444444,-0.04565888745553337
ADA,2025-08-25 16:00:00+00:00,2025-08-25 20:00:00+00:00,2025-08-27 00:00:00+00:00,0.019256331533566318,7,0.8055555555555556,-0.07914035334770408
ETH,2025-08-25 16:00:00+00:00,2025-08-25 20:00:00+00:00,2025-08-27 00:00:00+00:00,0.04110301768990632,7,0.8944444444444445,-0.08158643757920758
ETH,2025-08-29 04:00:00+00:00,2025-08-29 08:00:00+00:00,2025-08-30 12:00:00+00:00,0.0021671191003034274,7,0.8611111111111112,-0.04658648513451791
AVAX,2025-09-22 04:00:00+00:00,2025-09-22 08:00:00+00:00,2025-09-23 12:00:00+00:00,0.12931853161738216,7,0.8333333333333334,-0.07539286038695614
AVAX,2025-09-24 00:00:00+00:00,2025-09-24 04:00:00+00:00,2025-09-25 08:00:00+00:00,-0.07568834916436218,7,0.9888888888888889,-0.04673486346313649
ADA,2025-09-25 08:00:00+00:00,2025-09-25 12:00:00+00:00,2025-09-26 16:00:00+00:00,-0.008393147302294013,7,0.8111111111111111,-0.046480986714489636
LINK,2025-09-25 08:00:00+00:00,2025-09-25 12:00:00+00:00,2025-09-26 16:00:00+00:00,-0.007273953465966598,7,0.8055555555555556,-0.04727155904355418
SOL,2025-09-25 08:00:00+00:00,2025-09-25 12:00:00+00:00,2025-09-26 16:00:00+00:00,-0.02651308276649622,7,0.9,-0.05209902108433728
AVAX,2025-09-25 12:00:00+00:00,2025-09-25 16:00:00+00:00,2025-09-26 20:00:00+00:00,-0.052742825060272835,7,1.0,-0.12260214430599825
ETH,2025-09-25 16:00:00+00:00,2025-09-25 20:00:00+00:00,2025-09-27 00:00:00+00:00,0.03152485170791586,7,0.8055555555555556,-0.060598054521436295
XRP,2025-09-25 16:00:00+00:00,2025-09-25 20:00:00+00:00,2025-09-27 00:00:00+00:00,0.008746165630285185,7,0.9777777777777777,-0.07257606749762358
AVAX,2025-09-30 12:00:00+00:00,2025-09-30 16:00:00+00:00,2025-10-01 20:00:00+00:00,0.05292641853112001,7,0.8611111111111112,-0.04568711052804186
DOT,2025-10-07 12:00:00+00:00,2025-10-07 16:00:00+00:00,2025-10-08 20:00:00+00:00,0.01514787208463586,7,0.9111111111111111,-0.05132299270073004
XRP,2025-10-07 12:00:00+00:00,2025-10-07 16:00:00+00:00,2025-10-08 20:00:00+00:00,0.00858413701363503,7,0.8222222222222222,-0.04838007832588309
DOT,2025-10-09 16:00:00+00:00,2025-10-09 20:00:00+00:00,2025-10-11 00:00:00+00:00,-0.27153465346534655,7,0.9972222222222222,-0.04310753197536721
ETH,2025-10-09 16:00:00+00:00,2025-10-09 20:00:00+00:00,2025-10-11 00:00:00+00:00,-0.11807251117151141,7,0.8861111111111111,-0.03893918933876439
SOL,2025-10-10 12:00:00+00:00,2025-10-10 16:00:00+00:00,2025-10-11 20:00:00+00:00,-0.1585163401792914,7,0.8833333333333333,-0.038754388364564796
ADA,2025-10-10 16:00:00+00:00,2025-10-10 20:00:00+00:00,2025-10-12 00:00:00+00:00,-0.17602918186555483,7,1.0,-0.052088221492257336
LINK,2025-10-10 16:00:00+00:00,2025-10-10 20:00:00+00:00,2025-10-12 00:00:00+00:00,-0.16027704614183969,7,1.0,-0.05707584050039094
AVAX,2025-10-10 20:00:00+00:00,2025-10-11 00:00:00+00:00,2025-10-12 04:00:00+00:00,0.03436916117612343,7,1.0,-0.2840497060583659
ETH,2025-10-11 04:00:00+00:00,2025-10-11 08:00:00+00:00,2025-10-12 12:00:00+00:00,0.016059131637021107,7,1.0,-0.13056242631591108
SOL,2025-10-12 00:00:00+00:00,2025-10-12 04:00:00+00:00,2025-10-13 08:00:00+00:00,0.1125932624915218,7,1.0,-0.03978290366350079
ETH,2025-10-14 04:00:00+00:00,2025-10-14 08:00:00+00:00,2025-10-15 12:00:00+00:00,0.029997238747897725,7,1.0,-0.04718966754364984
SOL,2025-10-14 16:00:00+00:00,2025-10-14 20:00:00+00:00,2025-10-16 00:00:00+00:00,-0.02371481798499575,7,0.9888888888888889,-0.04173501881694475
SOL,2025-10-16 04:00:00+00:00,2025-10-16 08:00:00+00:00,2025-10-17 12:00:00+00:00,-0.05934179839336606,7,0.9777777777777777,-0.05786132812500011
ADA,2026-08-23 00:00:00+00:00,2026-08-23 04:00:00+00:00,2026-08-24 08:00:00+00:00,-0.001185212198568708,7,1.0,-0.10134775306214405
LINK,2026-08-23 00:00:00+00:00,2026-08-23 04:00:00+00:00,2026-08-24 08:00:00+00:00,0.004889548589889214,7,1.0,-0.07368165642187008
XRP,2026-08-23 00:00:00+00:00,2026-08-23 04:00:00+00:00,2026-08-24 08:00:00+00:00,-6.780580417697912e-05,7,0.9944444444444445,-0.0570332480818414
SOL,2026-08-26 00:00:00+00:00,2026-08-26 04:00:00+00:00,2026-08-27 08:00:00+00:00,0.04872270292542247,7,0.9555555555555556,-0.04439413328083475
XRP,2026-08-26 00:00:00+00:00,2026-08-26 04:00:00+00:00,2026-08-27 08:00:00+00:00,-0.01896360100027772,7,0.9944444444444445,-0.048638646576790956
XRP,2026-08-28 12:00:00+00:00,2026-08-28 16:00:00+00:00,2026-08-29 20:00:00+00:00,-0.004345038820428804,7,0.9611111111111111,-0.04222949924955666
LINK,2026-08-28 16:00:00+00:00,2026-08-28 20:00:00+00:00,2026-08-30 00:00:00+00:00,0.006847511193047051,7,1.0,-0.039787574812441995
SOL,2026-08-28 16:00:00+00:00,2026-08-28 20:00:00+00:00,2026-08-30 00:00:00+00:00,0.021566731141199114,7,1.0,-0.05432595573440646
