entry,exit,gross,net,cost,bars,entry_pct,entry_mom,instrument,signal_time,base_weight,sized_weight,event_weight
2023-01-25 00:00:00+00:00,2023-01-26 04:00:00+00:00,0.058872513637919566,0.057872513637919565,0.001,7,1.0,-0.05558643690939413,AVAX,2023-01-24 20:00:00+00:00,0.1111111111111111,0.08396518234131281,0.25
2023-01-25 00:00:00+00:00,2023-01-26 04:00:00+00:00,0.03711248525071187,0.03611248525071187,0.001,7,0.9666666666666667,-0.05653764096312108,DOT,2023-01-24 20:00:00+00:00,0.1111111111111111,0.10870455792600282,0.25
2023-01-25 00:00:00+00:00,2023-01-26 04:00:00+00:00,0.037895694518340406,0.036895694518340405,0.001,7,1.0,-0.04324407415377984,ETH,2023-01-24 20:00:00+00:00,0.1111111111111111,0.1111111111111111,0.25
2023-01-25 00:00:00+00:00,2023-01-26 04:00:00+00:00,0.041277764369626935,0.040277764369626934,0.001,7,0.9166666666666666,-0.05046329294369212,LINK,2023-01-24 20:00:00+00:00,0.1111111111111111,0.1111111111111111,0.25
2023-01-30 20:00:00+00:00,2023-02-01 00:00:00+00:00,0.046767142037249965,0.045767142037249964,0.001,7,0.9777777777777777,-0.05968454258675082,ADA,2023-01-30 16:00:00+00:00,0.1111111111111111,0.10220302318927517,0.3333333333333333
2023-01-30 20:00:00+00:00,2023-02-01 00:00:00+00:00,0.015256805366680837,0.014256805366680836,0.001,7,1.0,-0.04676243944477443,BTC,2023-01-30 16:00:00+00:00,0.1111111111111111,0.1111111111111111,0.3333333333333333
2023-01-30 20:00:00+00:00,2023-02-01 00:00:00+00:00,0.019784067397620175,0.018784067397620174,0.001,7,1.0,-0.0607600289995166,ETH,2023-01-30 16:00:00+00:00,0.1111111111111111,0.1111111111111111,0.3333333333333333
2023-03-03 04:00:00+00:00,2023-03-04 08:00:00+00:00,0.014368174972090308,0.013368174972090308,0.001,7,1.0,-0.07846320346320346,LINK,2023-03-03 00:00:00+00:00,0.1111111111111111,0.093433861092713,0.25
2023-03-03 04:00:00+00:00,2023-03-04 08:00:00+00:00,0.0019594360821977297,0.0009594360821977297,0.001,7,1.0,-0.050357355207435894,ETH,2023-03-03 00:00:00+00:00,0.1111111111111111,0.1111111111111111,0.25
2023-03-03 04:00:00+00:00,2023-03-04 08:00:00+00:00,0.03530745245778588,0.03430745245778588,0.001,7,0.9833333333333333,-0.07286288009179576,AVAX,2023-03-03 00:00:00+00:00,0.1111111111111111,0.09029100976008625,0.25
2023-03-03 04:00:00+00:00,2023-03-04 08:00:00+00:00,0.0016372770209298615,0.0006372770209298615,0.001,7,0.8944444444444445,-0.05032848827313885,BTC,2023-03-03 00:00:00+00:00,0.1111111111111111,0.1111111111111111,0.25
2023-03-22 20:00:00+00:00,2023-03-24 00:00:00+00:00,0.061563985896616824,0.06056398589661682,0.001,7,1.0,-0.051825430130088224,BTC,2023-03-22 16:00:00+00:00,0.1111111111111111,0.1111111111111111,0.3333333333333333
2023-03-22 20:00:00+00:00,2023-03-24 00:00:00+00:00,0.056370757077006894,0.055370757077006894,0.001,7,0.95,-0.041172529313232786,ETH,2023-03-22 16:00:00+00:00,0.1111111111111111,0.1111111111111111,0.3333333333333333
2023-03-22 20:00:00+00:00,2023-03-24 00:00:00+00:00,0.07837458778826978,0.07737458778826978,0.001,7,1.0,-0.13300035826431478,XRP,2023-03-22 16:00:00+00:00,0.1111111111111111,0.08149762478267925,0.3333333333333333
2023-05-01 16:00:00+00:00,2023-05-02 20:00:00+00:00,0.014656557991406638,0.013656557991406637,0.001,7,0.8444444444444444,-0.04954412523653884,ADA,2023-05-01 12:00:00+00:00,0.1111111111111111,0.10021392119060196,0.3333333333333333
2023-05-01 16:00:00+00:00,2023-05-02 20:00:00+00:00,0.018302640388269786,0.017302640388269785,0.001,7,0.9277777777777778,-0.04996003871355004,BTC,2023-05-01 12:00:00+00:00,0.1111111111111111,0.1111111111111111,0.3333333333333333
2023-05-01 16:00:00+00:00,2023-05-02 20:00:00+00:00,0.0187420032358947,0.0177420032358947,0.001,7,0.9111111111111111,-0.04468034127488463,ETH,2023-05-01 12:00:00+00:00,0.1111111111111111,0.1111111111111111,0.3333333333333333
2023-11-14 20:00:00+00:00,2023-11-16 00:00:00+00:00,0.07312420045932755,0.07212420045932755,0.001,7,1.0,-0.0424488112487722,BTC,2023-11-14 16:00:00+00:00,0.1111111111111111,0.1111111111111111,0.25
2023-11-14 20:00:00+00:00,2023-11-16 00:00:00+00:00,0.040598128634255826,0.039598128634255825,0.001,7,0.8333333333333334,-0.057841834864132635,ETH,2023-11-14 16:00:00+00:00,0.1111111111111111,0.1111111111111111,0.25
2023-11-14 20:00:00+00:00,2023-11-16 00:00:00+00:00,0.06882342330897262,0.06782342330897262,0.001,7,1.0,-0.07227722772277234,LINK,2023-11-14 16:00:00+00:00,0.1111111111111111,0.07582464821733914,0.25
2023-11-14 20:00:00+00:00,2023-11-16 00:00:00+00:00,0.04179989614912549,0.04079989614912549,0.001,7,1.0,-0.04585186321116397,XRP,2023-11-14 16:00:00+00:00,0.1111111111111111,0.1111111111111111,0.25
2023-11-16 20:00:00+00:00,2023-11-18 00:00:00+00:00,-0.06178552551318384,-0.06278552551318384,0.001,7,0.9222222222222223,-0.046351537402478216,SOL,2023-11-16 16:00:00+00:00,0.1111111111111111,0.058452239719822274,0.2
2023-11-16 20:00:00+00:00,2023-11-18 00:00:00+00:00,-0.0023238869908090987,-0.0033238869908090987,0.001,7,1.0,-0.04258294635591531,ETH,2023-11-16 16:00:00+00:00,0.1111111111111111,0.1111111111111111,0.2
2023-11-16 20:00:00+00:00,2023-11-18 00:00:00+00:00,-0.00469258319589716,-0.00569258319589716,0.001,7,0.9333333333333333,-0.046727525916756885,XRP,2023-11-16 16:00:00+00:00,0.1111111111111111,0.1111111111111111,0.2
2023-11-16 20:00:00+00:00,2023-11-18 00:00:00+00:00,0.006285889955983892,0.005285889955983892,0.001,7,0.8166666666666667,-0.03873517786561265,BNB,2023-11-16 16:00:00+00:00,0.1111111111111111,0.1111111111111111,0.2
2023-11-16 20:00:00+00:00,2023-11-18 00:00:00+00:00,0.019251523820705607,0.018251523820705606,0.001,7,0.9944444444444445,-0.04269467669156901,BTC,2023-11-16 16:00:00+00:00,0.1111111111111111,0.1111111111111111,0.2
2023-11-22 00:00:00+00:00,2023-11-23 04:00:00+00:00,0.09438182075917445,0.09338182075917445,0.001,7,1.0,-0.0877319142816051,AVAX,2023-11-21 20:00:00+00:00,0.1111111111111111,0.05190925606751157,0.3333333333333333
2023-11-22 00:00:00+00:00,2023-11-23 04:00:00+00:00,0.04425057873845817,0.04325057873845817,0.001,7,1.0,-0.04568869519239249,BTC,2023-11-21 20:00:00+00:00,0.1111111111111111,0.1111111111111111,0.3333333333333333
2023-11-22 00:00:00+00:00,2023-11-23 04:00:00+00:00,0.065215881586133,0.064215881586133,0.001,7,0.8277777777777777,-0.04350063076656685,ETH,2023-11-21 20:00:00+00:00,0.1111111111111111,0.1111111111111111,0.3333333333333333
2023-12-17 16:00:00+00:00,2023-12-18 20:00:00+00:00,-0.02659112520628948,-0.02759112520628948,0.001,7,0.9666666666666667,-0.04646302250803869,ADA,2023-12-17 12:00:00+00:00,0.1111111111111111,0.08469511047447847,0.25
2023-12-17 16:00:00+00:00,2023-12-18 20:00:00+00:00,-0.05388793079483001,-0.05488793079483001,0.001,7,0.8055555555555556,-0.06256684491978604,AVAX,2023-12-17 12:00:00+00:00,0.1111111111111111,0.05710907803802517,0.25
2023-12-17 16:00:00+00:00,2023-12-18 20:00:00+00:00,-0.03485102776277316,-0.03585102776277316,0.001,7,0.9555555555555556,-0.04835829097403499,DOT,2023-12-17 12:00:00+00:00,0.1111111111111111,0.08665641062415202,0.25
2023-12-17 16:00:00+00:00,2023-12-18 20:00:00+00:00,-0.005425360257615752,-0.006425360257615752,0.001,7,0.8,-0.05755768732175259,SOL,2023-12-17 12:00:00+00:00,0.1111111111111111,0.08768308125515525,0.25
2024-01-08 04:00:00+00:00,2024-01-09 08:00:00+00:00,0.16733076421241488,0.16633076421241488,0.001,7,0.8111111111111111,-0.06081153804757278,SOL,2024-01-08 00:00:00+00:00,0.1111111111111111,0.08242152109067111,0.3333333333333333
2024-01-08 04:00:00+00:00,2024-01-09 08:00:00+00:00,0.037176651651195325,0.036176651651195324,0.001,7,0.9833333333333333,-0.04146261834802478,BNB,2024-01-08 00:00:00+00:00,0.1111111111111111,0.1111111111111111,0.3333333333333333
2024-01-08 04:00:00+00:00,2024-01-09 08:00:00+00:00,0.1147467431070257,0.1137467431070257,0.001,7,0.8055555555555556,-0.06188605108055023,DOT,2024-01-08 00:00:00+00:00,0.1111111111111111,0.10767203132331189,0.3333333333333333
2024-03-05 20:00:00+00:00,2024-03-07 00:00:00+00:00,0.1627088600079989,0.1617088600079989,0.001,7,1.0,-0.18705776405506236,ADA,2024-03-05 16:00:00+00:00,0.1111111111111111,0.08778855145149123,0.1111111111111111
2024-03-05 20:00:00+00:00,2024-03-07 00:00:00+00:00,0.10453822089686637,0.10353822089686637,0.001,7,1.0,-0.11677117828037298,AVAX,2024-03-05 16:00:00+00:00,0.1111111111111111,0.09677591370675254,0.1111111111111111
2024-03-05 20:00:00+00:00,2024-03-07 00:00:00+00:00,0.13953013404740355,0.13853013404740355,0.001,7,1.0,-0.09514656415184997,BNB,2024-03-05 16:00:00+00:00,0.1111111111111111,0.1111111111111111,0.1111111111111111
2024-03-05 20:00:00+00:00,2024-03-07 00:00:00+00:00,0.07520971191930403,0.07420971191930403,0.001,7,1.0,-0.08879837731563167,BTC,2024-03-05 16:00:00+00:00,0.1111111111111111,0.1111111111111111,0.1111111111111111
2024-03-05 20:00:00+00:00,2024-03-07 00:00:00+00:00,0.18276850703616376,0.18176850703616376,0.001,7,1.0,-0.10327126321087066,DOT,2024-03-05 16:00:00+00:00,0.1111111111111111,0.09715520084947421,0.1111111111111111
2024-03-05 20:00:00+00:00,2024-03-07 00:00:00+00:00,0.13200783641284475,0.13100783641284475,0.001,7,1.0,-0.06145560658619842,ETH,2024-03-05 16:00:00+00:00,0.1111111111111111,0.1111111111111111,0.1111111111111111
2024-03-05 20:00:00+00:00,2024-03-07 00:00:00+00:00,0.13277088308375018,0.13177088308375018,0.001,7,1.0,-0.12758535986244168,LINK,2024-03-05 16:00:00+00:00,0.1111111111111111,0.1111111111111111,0.1111111111111111
2024-03-05 20:00:00+00:00,2024-03-07 00:00:00+00:00,0.1002927949661494,0.0992927949661494,0.001,7,1.0,-0.08263251292338558,SOL,2024-03-05 16:00:00+00:00,0.1111111111111111,0.08981642237374696,0.1111111111111111
2024-03-05 20:00:00+00:00,2024-03-07 00:00:00+00:00,0.07745344603047521,0.07645344603047521,0.001,7,1.0,-0.13386186918737608,XRP,2024-03-05 16:00:00+00:00,0.1111111111111111,0.1111111111111111,0.1111111111111111
2024-04-12 20:00:00+00:00,2024-04-14 00:00:00+00:00,-0.11850757405749068,-0.11950757405749068,0.001,7,0.8166666666666667,-0.16752532686812704,AVAX,2024-04-12 16:00:00+00:00,0.1111111111111111,0.09309412938584843,0.3333333333333333
2024-04-12 20:00:00+00:00,2024-04-14 00:00:00+00:00,-0.07179639844988228,-0.07279639844988228,0.001,7,0.8388888888888889,-0.14605519294629565,SOL,2024-04-12 16:00:00+00:00,0.1111111111111111,0.1111111111111111,0.3333333333333333
2024-04-12 20:00:00+00:00,2024-04-14 00:00:00+00:00,-0.10720221380336792,-0.10820221380336792,0.001,7,1.0,-0.12442847811887658,XRP,2024-04-12 16:00:00+00:00,0.1111111111111111,0.1111111111111111,0.3333333333333333
2024-06-13 16:00:00+00:00,2024-06-14 20:00:00+00:00,-0.001965415757645528,-0.002965415757645528,0.001,7,1.0,-0.04920382165605097,BNB,2024-06-13 12:00:00+00:00,0.1111111111111111,0.1111111111111111,0.25
2024-06-13 16:00:00+00:00,2024-06-14 20:00:00+00:00,-0.014258567359677232,-0.015258567359677233,0.001,7,1.0,-0.04689384217205206,BTC,2024-06-13 12:00:00+00:00,0.1111111111111111,0.1111111111111111,0.25
2024-06-13 16:00:00+00:00,2024-06-14 20:00:00+00:00,-0.010835714550671227,-0.011835714550671228,0.001,7,1.0,-0.048415135326355774,ETH,2024-06-13 12:00:00+00:00,0.1111111111111111,0.1111111111111111,0.25
2024-06-13 16:00:00+00:00,2024-06-14 20:00:00+00:00,-0.03491307382885411,-0.035913073828854114,0.001,7,1.0,-0.07511648407001636,SOL,2024-06-13 12:00:00+00:00,0.1111111111111111,0.1111111111111111,0.25
2024-11-13 00:00:00+00:00,2024-11-14 04:00:00+00:00,0.002678120452567656,0.001678120452567656,0.001,7,0.9944444444444445,-0.06960065199674015,ADA,2024-11-12 20:00:00+00:00,0.1111111111111111,0.06596110708282842,0.16666666666666666
2024-11-13 00:00:00+00:00,2024-11-14 04:00:00+00:00,-0.018438873757807506,-0.019438873757807507,0.001,7,0.9944444444444445,-0.049469470029956164,AVAX,2024-11-12 20:00:00+00:00,0.1111111111111111,0.09468443155946439,0.16666666666666666
2024-11-13 00:00:00+00:00,2024-11-14 04:00:00+00:00,0.0021066246839955838,0.0011066246839955838,0.001,7,0.9888888888888889,-0.052998182919442804,BNB,2024-11-12 20:00:00+00:00,0.1111111111111111,0.1111111111111111,0.16666666666666666
2024-11-13 00:00:00+00:00,2024-11-14 04:00:00+00:00,-0.04428482580219162,-0.04528482580219162,0.001,7,0.9111111111111111,-0.07006480994920294,DOT,2024-11-12 20:00:00+00:00,0.1111111111111111,0.09469969556408576,0.16666666666666666
2024-11-13 00:00:00+00:00,2024-11-14 04:00:00+00:00,-0.033625604019081545,-0.034625604019081546,0.001,7,0.95,-0.06469996647670129,LINK,2024-11-12 20:00:00+00:00,0.1111111111111111,0.1111111111111111,0.16666666666666666
2024-11-13 00:00:00+00:00,2024-11-14 04:00:00+00:00,0.036782226714200617,0.035782226714200616,0.001,7,0.8722222222222222,-0.047344734473447225,SOL,2024-11-12 20:00:00+00:00,0.1111111111111111,0.10178797096109186,0.16666666666666666
2024-11-14 16:00:00+00:00,2024-11-15 20:00:00+00:00,0.23535928331346367,0.23435928331346367,0.001,7,1.0,-0.07973812321638407,ADA,2024-11-14 12:00:00+00:00,0.1111111111111111,0.06257791401675407,0.25
2024-11-14 16:00:00+00:00,2024-11-15 20:00:00+00:00,0.02097269029415716,0.019972690294157158,0.001,7,1.0,-0.08586962775444451,AVAX,2024-11-14 12:00:00+00:00,0.1111111111111111,0.09098146631188458,0.25
2024-11-14 16:00:00+00:00,2024-11-15 20:00:00+00:00,0.027597804532345283,0.02659780453234528,0.001,7,1.0,-0.049646072004252306,BTC,2024-11-14 12:00:00+00:00,0.1111111111111111,0.1111111111111111,0.25
2024-11-14 16:00:00+00:00,2024-11-15 20:00:00+00:00,0.039263879227861676,0.038263879227861675,0.001,7,1.0,-0.08951029298110036,LINK,2024-11-14 12:00:00+00:00,0.1111111111111111,0.10936189777338996,0.25
2024-11-17 20:00:00+00:00,2024-11-19 00:00:00+00:00,0.1041078841146641,0.1031078841146641,0.001,7,1.0,-0.04763572679509631,DOT,2024-11-17 16:00:00+00:00,0.1111111111111111,0.10087652738143044,0.3333333333333333
2024-11-17 20:00:00+00:00,2024-11-19 00:00:00+00:00,0.10126345092268796,0.10026345092268796,0.001,7,0.9888888888888889,-0.059577933093573954,LINK,2024-11-17 16:00:00+00:00,0.1111111111111111,0.1111111111111111,0.3333333333333333
2024-11-17 20:00:00+00:00,2024-11-19 00:00:00+00:00,0.07584210048434548,0.07484210048434548,0.001,7,1.0,-0.12688643453334447,XRP,2024-11-17 16:00:00+00:00,0.1111111111111111,0.07153386650272006,0.3333333333333333
