timestamp_ms,timestamp_utc,currency,open_interest_usd,volume_usd,fetched_at_utc,source_url
1773072000000,2026-03-09T16:00:00+00:00,LINK,24794023.3072,45364695.7806,2026-09-04T21:10:46.200737Z,https://www.okx.com/api/v5/rubik/stat/contracts/open-interest-volume?ccy=LINK&period=1D
1773158400000,2026-03-10T16:00:00+00:00,LINK,26817400.1286,42804386.7459,2026-09-04T21:10:46.200737Z,https://www.okx.com/api/v5/rubik/stat/contracts/open-interest-volume?ccy=LINK&period=1D
1773244800000,2026-03-11T16:00:00+00:00,LINK,25441189.344,55041981.2118,2026-09-04T21:10:46.200737Z,https://www.okx.com/api/v5/rubik/stat/contracts/open-interest-volume?ccy=LINK&period=1D
1773331200000,2026-03-12T16:00:00+00:00,LINK,24991276.093,32580026.5146,2026-09-04T21:10:46.200737Z,https://www.okx.com/api/v5/rubik/stat/contracts/open-interest-volume?ccy=LINK&period=1D
1773417600000,2026-03-13T16:00:00+00:00,LINK,29521305.2884,62691451.2941,2026-09-04T21:10:46.200737Z,https://www.okx.com/api/v5/rubik/stat/contracts/open-interest-volume?ccy=LINK&period=1D
1773504000000,2026-03-14T16:00:00+00:00,LINK,25511220.4925,38067167.1803,2026-09-04T21:10:46.200737Z,https://www.okx.com/api/v5/rubik/stat/contracts/open-interest-volume?ccy=LINK&period=1D
1773590400000,2026-03-15T16:00:00+00:00,LINK,26501718.3817,23716998.3685,2026-09-04T21:10:46.200737Z,https://www.okx.com/api/v5/rubik/stat/contracts/open-interest-volume?ccy=LINK&period=1D
1773676800000,2026-03-16T16:00:00+00:00,LINK,33546621.2469,74297504.7328,2026-09-04T21:10:46.200737Z,https://www.okx.com/api/v5/rubik/stat/contracts/open-interest-volume?ccy=LINK&period=1D
1773763200000,2026-03-17T16:00:00+00:00,LINK,33641478.8297,50933466.8688,2026-09-04T21:10:46.200737Z,https://www.okx.com/api/v5/rubik/stat/contracts/open-interest-volume?ccy=LINK&period=1D
1773849600000,2026-03-18T16:00:00+00:00,LINK,27798508.9479,56347061.9817,2026-09-04T21:10:46.200737Z,https://www.okx.com/api/v5/rubik/stat/contracts/open-interest-volume?ccy=LINK&period=1D
1773936000000,2026-03-19T16:00:00+00:00,LINK,27076323.996,42754153.2453,2026-09-04T21:10:46.200737Z,https://www.okx.com/api/v5/rubik/stat/contracts/open-interest-volume?ccy=LINK&period=1D
1774022400000,2026-03-20T16:00:00+00:00,LINK,26234664.9906,29976953.0191,2026-09-04T21:10:46.200737Z,https://www.okx.com/api/v5/rubik/stat/contracts/open-interest-volume?ccy=LINK&period=1D
1774108800000,2026-03-21T16:00:00+00:00,LINK,25842584.8468,19018749.3858,2026-09-04T21:10:46.200737Z,https://www.okx.com/api/v5/rubik/stat/contracts/open-interest-volume?ccy=LINK&period=1D
1774195200000,2026-03-22T16:00:00+00:00,LINK,25840281.7116,33987368.7127,2026-09-04T21:10:46.200737Z,https://www.okx.com/api/v5/rubik/stat/contracts/open-interest-volume?ccy=LINK&period=1D
1774281600000,2026-03-23T16:00:00+00:00,LINK,25757954.7988,71897218.4735,2026-09-04T21:10:46.200737Z,https://www.okx.com/api/v5/rubik/stat/contracts/open-interest-volume?ccy=LINK&period=1D
1774368000000,2026-03-24T16:00:00+00:00,LINK,24770228.8922,42401987.4098,2026-09-04T21:10:46.200737Z,https://www.okx.com/api/v5/rubik/stat/contracts/open-interest-volume?ccy=LINK&period=1D
1774454400000,2026-03-25T16:00:00+00:00,LINK,26039266.4784,39631308.9696,2026-09-04T21:10:46.200737Z,https://www.okx.com/api/v5/rubik/stat/contracts/open-interest-volume?ccy=LINK&period=1D
1774540800000,2026-03-26T16:00:00+00:00,LINK,24700471.0032,37554837.1556,2026-09-04T21:10:46.200737Z,https://www.okx.com/api/v5/rubik/stat/contracts/open-interest-volume?ccy=LINK&period=1D
1774627200000,2026-03-27T16:00:00+00:00,LINK,25502130.302,43345919.2946,2026-09-04T21:10:46.200737Z,https://www.okx.com/api/v5/rubik/stat/contracts/open-interest-volume?ccy=LINK&period=1D
1774713600000,2026-03-28T16:00:00+00:00,LINK,25330433.9532,26550165.1729,2026-09-04T21:10:46.200737Z,https://www.okx.com/api/v5/rubik/stat/contracts/open-interest-volume?ccy=LINK&period=1D
1774800000000,2026-03-29T16:00:00+00:00,LINK,24802080.5347,29012198.7633,2026-09-04T21:10:46.200737Z,https://www.okx.com/api/v5/rubik/stat/contracts/open-interest-volume?ccy=LINK&period=1D
1774886400000,2026-03-30T16:00:00+00:00,LINK,23899630.6576,53636142.465,2026-09-04T21:10:46.200737Z,https://www.okx.com/api/v5/rubik/stat/contracts/open-interest-volume?ccy=LINK&period=1D
1774972800000,2026-03-31T16:00:00+00:00,LINK,22419760.9828,38114345.4958,2026-09-04T21:10:46.200737Z,https://www.okx.com/api/v5/rubik/stat/contracts/open-interest-volume?ccy=LINK&period=1D
1775059200000,2026-04-01T16:00:00+00:00,LINK,25060563.9112,41867897.4348,2026-09-04T21:10:46.200737Z,https://www.okx.com/api/v5/rubik/stat/contracts/open-interest-volume?ccy=LINK&period=1D
1775145600000,2026-04-02T16:00:00+00:00,LINK,22516011.4862,56435624.507,2026-09-04T21:10:46.200737Z,https://www.okx.com/api/v5/rubik/stat/contracts/open-interest-volume?ccy=LINK&period=1D
1775232000000,2026-04-03T16:00:00+00:00,LINK,22449932.149,24062693.4886,2026-09-04T21:10:46.200737Z,https://www.okx.com/api/v5/rubik/stat/contracts/open-interest-volume?ccy=LINK&period=1D
1775318400000,2026-04-04T16:00:00+00:00,LINK,23105321.0154,15750939.4349,2026-09-04T21:10:46.200737Z,https://www.okx.com/api/v5/rubik/stat/contracts/open-interest-volume?ccy=LINK&period=1D
1775404800000,2026-04-05T16:00:00+00:00,LINK,22695200.8384,25574803.2315,2026-09-04T21:10:46.200737Z,https://www.okx.com/api/v5/rubik/stat/contracts/open-interest-volume?ccy=LINK&period=1D
1775491200000,2026-04-06T16:00:00+00:00,LINK,25881674.2135,50681598.276,2026-09-04T21:10:46.200737Z,https://www.okx.com/api/v5/rubik/stat/contracts/open-interest-volume?ccy=LINK&period=1D
1775577600000,2026-04-07T16:00:00+00:00,LINK,23548826.058,46512457.1609,2026-09-04T21:10:46.200737Z,https://www.okx.com/api/v5/rubik/stat/contracts/open-interest-volume?ccy=LINK&period=1D
1775664000000,2026-04-08T16:00:00+00:00,LINK,24960870.1116,62281949.1789,2026-09-04T21:10:46.200737Z,https://www.okx.com/api/v5/rubik/stat/contracts/open-interest-volume?ccy=LINK&period=1D
1775750400000,2026-04-09T16:00:00+00:00,LINK,22678063.8203,35342589.061,2026-09-04T21:10:46.200737Z,https://www.okx.com/api/v5/rubik/stat/contracts/open-interest-volume?ccy=LINK&period=1D
1775836800000,2026-04-10T16:00:00+00:00,LINK,22916848.122,38914620.343,2026-09-04T21:10:46.200737Z,https://www.okx.com/api/v5/rubik/stat/contracts/open-interest-volume?ccy=LINK&period=1D
1775923200000,2026-04-11T16:00:00+00:00,LINK,22773057.2174,18046769.8195,2026-09-04T21:10:46.200737Z,https://www.okx.com/api/v5/rubik/stat/contracts/open-interest-volume?ccy=LINK&period=1D
1776009600000,2026-04-12T16:00:00+00:00,LINK,22354419.4044,33182406.1132,2026-09-04T21:10:46.200737Z,https://www.okx.com/api/v5/rubik/stat/contracts/open-interest-volume?ccy=LINK&period=1D
1776096000000,2026-04-13T16:00:00+00:00,LINK,21965210.6144,26283716.1523,2026-09-04T21:10:46.200737Z,https://www.okx.com/api/v5/rubik/stat/contracts/open-interest-volume?ccy=LINK&period=1D
1776182400000,2026-04-14T16:00:00+00:00,LINK,23746133.6324,53805187.373,2026-09-04T21:10:46.200737Z,https://www.okx.com/api/v5/rubik/stat/contracts/open-interest-volume?ccy=LINK&period=1D
1776268800000,2026-04-15T16:00:00+00:00,LINK,23097639.7471,29339786.0239,2026-09-04T21:10:46.200737Z,https://www.okx.com/api/v5/rubik/stat/contracts/open-interest-volume?ccy=LINK&period=1D
1776355200000,2026-04-16T16:00:00+00:00,LINK,25137746.5363,45002087.1572,2026-09-04T21:10:46.200737Z,https://www.okx.com/api/v5/rubik/stat/contracts/open-interest-volume?ccy=LINK&period=1D
1776441600000,2026-04-17T16:00:00+00:00,LINK,26650424.635,60748694.0583,2026-09-04T21:10:46.200737Z,https://www.okx.com/api/v5/rubik/stat/contracts/open-interest-volume?ccy=LINK&period=1D
1776528000000,2026-04-18T16:00:00+00:00,LINK,26110912.1712,37403983.68,2026-09-04T21:10:46.200737Z,https://www.okx.com/api/v5/rubik/stat/contracts/open-interest-volume?ccy=LINK&period=1D
1776614400000,2026-04-19T16:00:00+00:00,LINK,26122151.2697,31778477.1942,2026-09-04T21:10:46.200737Z,https://www.okx.com/api/v5/rubik/stat/contracts/open-interest-volume?ccy=LINK&period=1D
1776700800000,2026-04-20T16:00:00+00:00,LINK,25141877.635,38804678.6948,2026-09-04T21:10:46.200737Z,https://www.okx.com/api/v5/rubik/stat/contracts/open-interest-volume?ccy=LINK&period=1D
1776787200000,2026-04-21T16:00:00+00:00,LINK,25152125.4336,34065558.6322,2026-09-04T21:10:46.200737Z,https://www.okx.com/api/v5/rubik/stat/contracts/open-interest-volume?ccy=LINK&period=1D
1776873600000,2026-04-22T16:00:00+00:00,LINK,25472722.33,42890644.875,2026-09-04T21:10:46.200737Z,https://www.okx.com/api/v5/rubik/stat/contracts/open-interest-volume?ccy=LINK&period=1D
1776960000000,2026-04-23T16:00:00+00:00,LINK,24994515.5787,35202429.3961,2026-09-04T21:10:46.200737Z,https://www.okx.com/api/v5/rubik/stat/contracts/open-interest-volume?ccy=LINK&period=1D
1777046400000,2026-04-24T16:00:00+00:00,LINK,24257132.9885,29267348.3293,2026-09-04T21:10:46.200737Z,https://www.okx.com/api/v5/rubik/stat/contracts/open-interest-volume?ccy=LINK&period=1D
1777132800000,2026-04-25T16:00:00+00:00,LINK,24596682.2812,16642492.6486,2026-09-04T21:10:46.200737Z,https://www.okx.com/api/v5/rubik/stat/contracts/open-interest-volume?ccy=LINK&period=1D
1777219200000,2026-04-26T16:00:00+00:00,LINK,24943778.7442,14890630.4025,2026-09-04T21:10:46.200737Z,https://www.okx.com/api/v5/rubik/stat/contracts/open-interest-volume?ccy=LINK&period=1D
1777305600000,2026-04-27T16:00:00+00:00,LINK,24486386.8656,32706079.205,2026-09-04T21:10:46.200737Z,https://www.okx.com/api/v5/rubik/stat/contracts/open-interest-volume?ccy=LINK&period=1D
1777392000000,2026-04-28T16:00:00+00:00,LINK,24423364.2144,16973222.0626,2026-09-04T21:10:46.200737Z,https://www.okx.com/api/v5/rubik/stat/contracts/open-interest-volume?ccy=LINK&period=1D
1777478400000,2026-04-29T16:00:00+00:00,LINK,24488118.539,24127688.8219,2026-09-04T21:10:46.200737Z,https://www.okx.com/api/v5/rubik/stat/contracts/open-interest-volume?ccy=LINK&period=1D
1777564800000,2026-04-30T16:00:00+00:00,LINK,26197654.8137,31622485.6369,2026-09-04T21:10:46.200737Z,https://www.okx.com/api/v5/rubik/stat/contracts/open-interest-volume?ccy=LINK&period=1D
1777651200000,2026-05-01T16:00:00+00:00,LINK,25644048.6225,18234885.9884,2026-09-04T21:10:46.200737Z,https://www.okx.com/api/v5/rubik/stat/contracts/open-interest-volume?ccy=LINK&period=1D
1777737600000,2026-05-02T16:00:00+00:00,LINK,25345492.0884,18736509.668,2026-09-04T21:10:46.200737Z,https://www.okx.com/api/v5/rubik/stat/contracts/open-interest-volume?ccy=LINK&period=1D
1777824000000,2026-05-03T16:00:00+00:00,LINK,25631440.5655,21222794.5138,2026-09-04T21:10:46.200737Z,https://www.okx.com/api/v5/rubik/stat/contracts/open-interest-volume?ccy=LINK&period=1D
1777910400000,2026-05-04T16:00:00+00:00,LINK,28584168.9441,60011073.8382,2026-09-04T21:10:46.200737Z,https://www.okx.com/api/v5/rubik/stat/contracts/open-interest-volume?ccy=LINK&period=1D
1777996800000,2026-05-05T16:00:00+00:00,LINK,30630037.0968,44794468.1322,2026-09-04T21:10:46.200737Z,https://www.okx.com/api/v5/rubik/stat/contracts/open-interest-volume?ccy=LINK&period=1D
1778083200000,2026-05-06T16:00:00+00:00,LINK,30615355.6656,58715463.8495,2026-09-04T21:10:46.200737Z,https://www.okx.com/api/v5/rubik/stat/contracts/open-interest-volume?ccy=LINK&period=1D
1778169600000,2026-05-07T16:00:00+00:00,LINK,30431494.0835,35945711.5875,2026-09-04T21:10:46.200737Z,https://www.okx.com/api/v5/rubik/stat/contracts/open-interest-volume?ccy=LINK&period=1D
1778256000000,2026-05-08T16:00:00+00:00,LINK,31757804.749,33114211.8796,2026-09-04T21:10:46.200737Z,https://www.okx.com/api/v5/rubik/stat/contracts/open-interest-volume?ccy=LINK&period=1D
1778342400000,2026-05-09T16:00:00+00:00,LINK,34086897.7728,46101622.7025,2026-09-04T21:10:46.200737Z,https://www.okx.com/api/v5/rubik/stat/contracts/open-interest-volume?ccy=LINK&period=1D
1778428800000,2026-05-10T16:00:00+00:00,LINK,34645410.5466,27490653.349,2026-09-04T21:10:46.200737Z,https://www.okx.com/api/v5/rubik/stat/contracts/open-interest-volume?ccy=LINK&period=1D
1778515200000,2026-05-11T16:00:00+00:00,LINK,32709527.8163,55021436.6891,2026-09-04T21:10:46.200737Z,https://www.okx.com/api/v5/rubik/stat/contracts/open-interest-volume?ccy=LINK&period=1D
1778601600000,2026-05-12T16:00:00+00:00,LINK,31550026.4602,47014606.5378,2026-09-04T21:10:46.200737Z,https://www.okx.com/api/v5/rubik/stat/contracts/open-interest-volume?ccy=LINK&period=1D
1778688000000,2026-05-13T16:00:00+00:00,LINK,30882098.2114,58516318.3869,2026-09-04T21:10:46.200737Z,https://www.okx.com/api/v5/rubik/stat/contracts/open-interest-volume?ccy=LINK&period=1D
1778774400000,2026-05-14T16:00:00+00:00,LINK,32145222.9328,44951001.2531,2026-09-04T21:10:46.200737Z,https://www.okx.com/api/v5/rubik/stat/contracts/open-interest-volume?ccy=LINK&period=1D
1778860800000,2026-05-15T16:00:00+00:00,LINK,30332126.7508,66837335.2432,2026-09-04T21:10:46.200737Z,https://www.okx.com/api/v5/rubik/stat/contracts/open-interest-volume?ccy=LINK&period=1D
1778947200000,2026-05-16T16:00:00+00:00,LINK,29707419.1443,36002349.5703,2026-09-04T21:10:46.200737Z,https://www.okx.com/api/v5/rubik/stat/contracts/open-interest-volume?ccy=LINK&period=1D
1779033600000,2026-05-17T16:00:00+00:00,LINK,31026995.892,35753926.6005,2026-09-04T21:10:46.200737Z,https://www.okx.com/api/v5/rubik/stat/contracts/open-interest-volume?ccy=LINK&period=1D
1779120000000,2026-05-18T16:00:00+00:00,LINK,29683215.4748,48171454.348,2026-09-04T21:10:46.200737Z,https://www.okx.com/api/v5/rubik/stat/contracts/open-interest-volume?ccy=LINK&period=1D
1779206400000,2026-05-19T16:00:00+00:00,LINK,30289181.424,45995598.7415,2026-09-04T21:10:46.200737Z,https://www.okx.com/api/v5/rubik/stat/contracts/open-interest-volume?ccy=LINK&period=1D
1779292800000,2026-05-20T16:00:00+00:00,LINK,30803785.9823,33709795.4444,2026-09-04T21:10:46.200737Z,https://www.okx.com/api/v5/rubik/stat/contracts/open-interest-volume?ccy=LINK&period=1D
1779379200000,2026-05-21T16:00:00+00:00,LINK,30760795.2784,30037923.881,2026-09-04T21:10:46.200737Z,https://www.okx.com/api/v5/rubik/stat/contracts/open-interest-volume?ccy=LINK&period=1D
1779465600000,2026-05-22T16:00:00+00:00,LINK,31179797.1194,48172882.2112,2026-09-04T21:10:46.200737Z,https://www.okx.com/api/v5/rubik/stat/contracts/open-interest-volume?ccy=LINK&period=1D
1779552000000,2026-05-23T16:00:00+00:00,LINK,30387381.7214,61073388.069,2026-09-04T21:10:46.200737Z,https://www.okx.com/api/v5/rubik/stat/contracts/open-interest-volume?ccy=LINK&period=1D
1779638400000,2026-05-24T16:00:00+00:00,LINK,29259529.2462,43967780.1118,2026-09-04T21:10:46.200737Z,https://www.okx.com/api/v5/rubik/stat/contracts/open-interest-volume?ccy=LINK&period=1D
1779724800000,2026-05-25T16:00:00+00:00,LINK,29951078.52,31453005.534,2026-09-04T21:10:46.200737Z,https://www.okx.com/api/v5/rubik/stat/contracts/open-interest-volume?ccy=LINK&period=1D
1779811200000,2026-05-26T16:00:00+00:00,LINK,29281375.712,35860083.2792,2026-09-04T21:10:46.200737Z,https://www.okx.com/api/v5/rubik/stat/contracts/open-interest-volume?ccy=LINK&period=1D
1779897600000,2026-05-27T16:00:00+00:00,LINK,28981650.8252,35536670.9313,2026-09-04T21:10:46.200737Z,https://www.okx.com/api/v5/rubik/stat/contracts/open-interest-volume?ccy=LINK&period=1D
1779984000000,2026-05-28T16:00:00+00:00,LINK,28494272.98,50440189.8795,2026-09-04T21:10:46.200737Z,https://www.okx.com/api/v5/rubik/stat/contracts/open-interest-volume?ccy=LINK&period=1D
1780070400000,2026-05-29T16:00:00+00:00,LINK,27937848.7224,29106748.7029,2026-09-04T21:10:46.200737Z,https://www.okx.com/api/v5/rubik/stat/contracts/open-interest-volume?ccy=LINK&period=1D
1780156800000,2026-05-30T16:00:00+00:00,LINK,27469407.7772,30986743.8609,2026-09-04T21:10:46.200737Z,https://www.okx.com/api/v5/rubik/stat/contracts/open-interest-volume?ccy=LINK&period=1D
1780243200000,2026-05-31T16:00:00+00:00,LINK,26708224.0928,18804203.5922,2026-09-04T21:10:46.200737Z,https://www.okx.com/api/v5/rubik/stat/contracts/open-interest-volume?ccy=LINK&period=1D
1780329600000,2026-06-01T16:00:00+00:00,LINK,26435432.3901,32053795.9056,2026-09-04T21:10:46.200737Z,https://www.okx.com/api/v5/rubik/stat/contracts/open-interest-volume?ccy=LINK&period=1D
1780416000000,2026-06-02T16:00:00+00:00,LINK,26532113.0561,47189707.4421,2026-09-04T21:10:46.200737Z,https://www.okx.com/api/v5/rubik/stat/contracts/open-interest-volume?ccy=LINK&period=1D
1780502400000,2026-06-03T16:00:00+00:00,LINK,25081277.9276,59810028.772,2026-09-04T21:10:46.200737Z,https://www.okx.com/api/v5/rubik/stat/contracts/open-interest-volume?ccy=LINK&period=1D
1780588800000,2026-06-04T16:00:00+00:00,LINK,24712989.0512,80407768.8502,2026-09-04T21:10:46.200737Z,https://www.okx.com/api/v5/rubik/stat/contracts/open-interest-volume?ccy=LINK&period=1D
1780675200000,2026-06-05T16:00:00+00:00,LINK,22766024.179,76117959.1506,2026-09-04T21:10:46.200737Z,https://www.okx.com/api/v5/rubik/stat/contracts/open-interest-volume?ccy=LINK&period=1D
1780761600000,2026-06-06T16:00:00+00:00,LINK,21047294.1472,76960860.9196,2026-09-04T21:10:46.200737Z,https://www.okx.com/api/v5/rubik/stat/contracts/open-interest-volume?ccy=LINK&period=1D
1780848000000,2026-06-07T16:00:00+00:00,LINK,22291778.805,38138466.5986,2026-09-04T21:10:46.200737Z,https://www.okx.com/api/v5/rubik/stat/contracts/open-interest-volume?ccy=LINK&period=1D
1780934400000,2026-06-08T16:00:00+00:00,LINK,23431382.02,42409234.7005,2026-09-04T21:10:46.200737Z,https://www.okx.com/api/v5/rubik/stat/contracts/open-interest-volume?ccy=LINK&period=1D
1781020800000,2026-06-09T16:00:00+00:00,LINK,21599674.5072,45052838.5981,2026-09-04T21:10:46.200737Z,https://www.okx.com/api/v5/rubik/stat/contracts/open-interest-volume?ccy=LINK&period=1D
1781107200000,2026-06-10T16:00:00+00:00,LINK,21628978.5911,43831714.177,2026-09-04T21:10:46.200737Z,https://www.okx.com/api/v5/rubik/stat/contracts/open-interest-volume?ccy=LINK&period=1D
1781193600000,2026-06-11T16:00:00+00:00,LINK,22911253.1246,38815368.1954,2026-09-04T21:10:46.200737Z,https://www.okx.com/api/v5/rubik/stat/contracts/open-interest-volume?ccy=LINK&period=1D
1781280000000,2026-06-12T16:00:00+00:00,LINK,22627395.9964,27030542.3615,2026-09-04T21:10:46.200737Z,https://www.okx.com/api/v5/rubik/stat/contracts/open-interest-volume?ccy=LINK&period=1D
1781366400000,2026-06-13T16:00:00+00:00,LINK,23370537.7188,15188304.9744,2026-09-04T21:10:46.200737Z,https://www.okx.com/api/v5/rubik/stat/contracts/open-interest-volume?ccy=LINK&period=1D
1781452800000,2026-06-14T16:00:00+00:00,LINK,22649391.994,15231720.3133,2026-09-04T21:10:46.200737Z,https://www.okx.com/api/v5/rubik/stat/contracts/open-interest-volume?ccy=LINK&period=1D
1781539200000,2026-06-15T16:00:00+00:00,LINK,25873715.048,40390109.7798,2026-09-04T21:10:46.200737Z,https://www.okx.com/api/v5/rubik/stat/contracts/open-interest-volume?ccy=LINK&period=1D
1781625600000,2026-06-16T16:00:00+00:00,LINK,23926913.084,28790150.1148,2026-09-04T21:10:46.200737Z,https://www.okx.com/api/v5/rubik/stat/contracts/open-interest-volume?ccy=LINK&period=1D
1781712000000,2026-06-17T16:00:00+00:00,LINK,23448736.0162,24278942.5893,2026-09-04T21:10:46.200737Z,https://www.okx.com/api/v5/rubik/stat/contracts/open-interest-volume?ccy=LINK&period=1D
1781798400000,2026-06-18T16:00:00+00:00,LINK,22414911.18,38979442.9969,2026-09-04T21:10:46.200737Z,https://www.okx.com/api/v5/rubik/stat/contracts/open-interest-volume?ccy=LINK&period=1D
1781884800000,2026-06-19T16:00:00+00:00,LINK,22258594.7336,23516006.5312,2026-09-04T21:10:46.200737Z,https://www.okx.com/api/v5/rubik/stat/contracts/open-interest-volume?ccy=LINK&period=1D
1781971200000,2026-06-20T16:00:00+00:00,LINK,22354573.1649,17695788.0795,2026-09-04T21:10:46.200737Z,https://www.okx.com/api/v5/rubik/stat/contracts/open-interest-volume?ccy=LINK&period=1D
1782057600000,2026-06-21T16:00:00+00:00,LINK,22663501.09,12396939.61,2026-09-04T21:10:46.200737Z,https://www.okx.com/api/v5/rubik/stat/contracts/open-interest-volume?ccy=LINK&period=1D
1782144000000,2026-06-22T16:00:00+00:00,LINK,22471984.2452,23406580.1066,2026-09-04T21:10:46.200737Z,https://www.okx.com/api/v5/rubik/stat/contracts/open-interest-volume?ccy=LINK&period=1D
1782230400000,2026-06-23T16:00:00+00:00,LINK,23542675.6242,34116959.2966,2026-09-04T21:10:46.200737Z,https://www.okx.com/api/v5/rubik/stat/contracts/open-interest-volume?ccy=LINK&period=1D
1782316800000,2026-06-24T16:00:00+00:00,LINK,21220069.9968,30381155.8737,2026-09-04T21:10:46.200737Z,https://www.okx.com/api/v5/rubik/stat/contracts/open-interest-volume?ccy=LINK&period=1D
1782403200000,2026-06-25T16:00:00+00:00,LINK,19061572.531,52855302.4773,2026-09-04T21:10:46.200737Z,https://www.okx.com/api/v5/rubik/stat/contracts/open-interest-volume?ccy=LINK&period=1D
1782489600000,2026-06-26T16:00:00+00:00,LINK,19584550.8758,34428850.3823,2026-09-04T21:10:46.200737Z,https://www.okx.com/api/v5/rubik/stat/contracts/open-interest-volume?ccy=LINK&period=1D
1782576000000,2026-06-27T16:00:00+00:00,LINK,19761001.5265,16664357.7665,2026-09-04T21:10:46.200737Z,https://www.okx.com/api/v5/rubik/stat/contracts/open-interest-volume?ccy=LINK&period=1D
1782662400000,2026-06-28T16:00:00+00:00,LINK,19559385.046,16551475.6184,2026-09-04T21:10:46.200737Z,https://www.okx.com/api/v5/rubik/stat/contracts/open-interest-volume?ccy=LINK&period=1D
1782748800000,2026-06-29T16:00:00+00:00,LINK,19689861.1379,25372433.8095,2026-09-04T21:10:46.200737Z,https://www.okx.com/api/v5/rubik/stat/contracts/open-interest-volume?ccy=LINK&period=1D
1782835200000,2026-06-30T16:00:00+00:00,LINK,19316389.5508,27337640.365,2026-09-04T21:10:46.200737Z,https://www.okx.com/api/v5/rubik/stat/contracts/open-interest-volume?ccy=LINK&period=1D
1782921600000,2026-07-01T16:00:00+00:00,LINK,20373608.648,25066299.128,2026-09-04T21:10:46.200737Z,https://www.okx.com/api/v5/rubik/stat/contracts/open-interest-volume?ccy=LINK&period=1D
1783008000000,2026-07-02T16:00:00+00:00,LINK,21309177.0582,42322943.9144,2026-09-04T21:10:46.200737Z,https://www.okx.com/api/v5/rubik/stat/contracts/open-interest-volume?ccy=LINK&period=1D
1783094400000,2026-07-03T16:00:00+00:00,LINK,21201289.0772,22572569.1696,2026-09-04T21:10:46.200737Z,https://www.okx.com/api/v5/rubik/stat/contracts/open-interest-volume?ccy=LINK&period=1D
1783180800000,2026-07-04T16:00:00+00:00,LINK,21030666.7977,19673594.6626,2026-09-04T21:10:46.200737Z,https://www.okx.com/api/v5/rubik/stat/contracts/open-interest-volume?ccy=LINK&period=1D
1783267200000,2026-07-05T16:00:00+00:00,LINK,19923820.682,17889620.9385,2026-09-04T21:10:46.200737Z,https://www.okx.com/api/v5/rubik/stat/contracts/open-interest-volume?ccy=LINK&period=1D
1783353600000,2026-07-06T16:00:00+00:00,LINK,20444894.9003,26299546.3469,2026-09-04T21:10:46.200737Z,https://www.okx.com/api/v5/rubik/stat/contracts/open-interest-volume?ccy=LINK&period=1D
1783440000000,2026-07-07T16:00:00+00:00,LINK,19943680.4172,23360418.9293,2026-09-04T21:10:46.200737Z,https://www.okx.com/api/v5/rubik/stat/contracts/open-interest-volume?ccy=LINK&period=1D
1783526400000,2026-07-08T16:00:00+00:00,LINK,18831956.0336,31478382.0105,2026-09-04T21:10:46.200737Z,https://www.okx.com/api/v5/rubik/stat/contracts/open-interest-volume?ccy=LINK&period=1D
1783612800000,2026-07-09T16:00:00+00:00,LINK,18571787.67,17533887.6481,2026-09-04T21:10:46.200737Z,https://www.okx.com/api/v5/rubik/stat/contracts/open-interest-volume?ccy=LINK&period=1D
1783699200000,2026-07-10T16:00:00+00:00,LINK,18888903.2914,20479732.995,2026-09-04T21:10:46.200737Z,https://www.okx.com/api/v5/rubik/stat/contracts/open-interest-volume?ccy=LINK&period=1D
1783785600000,2026-07-11T16:00:00+00:00,LINK,19514259.9704,14392691.2524,2026-09-04T21:10:46.200737Z,https://www.okx.com/api/v5/rubik/stat/contracts/open-interest-volume?ccy=LINK&period=1D
1783872000000,2026-07-12T16:00:00+00:00,LINK,19723456.4732,20157720.849,2026-09-04T21:10:46.200737Z,https://www.okx.com/api/v5/rubik/stat/contracts/open-interest-volume?ccy=LINK&period=1D
1783958400000,2026-07-13T16:00:00+00:00,LINK,19275146.614,27169247.3252,2026-09-04T21:10:46.200737Z,https://www.okx.com/api/v5/rubik/stat/contracts/open-interest-volume?ccy=LINK&period=1D
1784044800000,2026-07-14T16:00:00+00:00,LINK,21492399.2464,32361504.6266,2026-09-04T21:10:46.200737Z,https://www.okx.com/api/v5/rubik/stat/contracts/open-interest-volume?ccy=LINK&period=1D
1784131200000,2026-07-15T16:00:00+00:00,LINK,22170540.2448,34295897.9154,2026-09-04T21:10:46.200737Z,https://www.okx.com/api/v5/rubik/stat/contracts/open-interest-volume?ccy=LINK&period=1D
1784217600000,2026-07-16T16:00:00+00:00,LINK,21724078.0626,31137097.2255,2026-09-04T21:10:46.200737Z,https://www.okx.com/api/v5/rubik/stat/contracts/open-interest-volume?ccy=LINK&period=1D
1784304000000,2026-07-17T16:00:00+00:00,LINK,19914454.336,29975450.6525,2026-09-04T21:10:46.200737Z,https://www.okx.com/api/v5/rubik/stat/contracts/open-interest-volume?ccy=LINK&period=1D
1784390400000,2026-07-18T16:00:00+00:00,LINK,19501241.3428,14636138.4414,2026-09-04T21:10:46.200737Z,https://www.okx.com/api/v5/rubik/stat/contracts/open-interest-volume?ccy=LINK&period=1D
1784476800000,2026-07-19T16:00:00+00:00,LINK,19283132.9608,10561114.7194,2026-09-04T21:10:46.200737Z,https://www.okx.com/api/v5/rubik/stat/contracts/open-interest-volume?ccy=LINK&period=1D
1784563200000,2026-07-20T16:00:00+00:00,LINK,21030758.3339,34874630.921,2026-09-04T21:10:46.200737Z,https://www.okx.com/api/v5/rubik/stat/contracts/open-interest-volume?ccy=LINK&period=1D
1784649600000,2026-07-21T16:00:00+00:00,LINK,22643533.0405,35589125.0085,2026-09-04T21:10:46.200737Z,https://www.okx.com/api/v5/rubik/stat/contracts/open-interest-volume?ccy=LINK&period=1D
1784736000000,2026-07-22T16:00:00+00:00,LINK,22587878.8754,21824174.396,2026-09-04T21:10:46.200737Z,https://www.okx.com/api/v5/rubik/stat/contracts/open-interest-volume?ccy=LINK&period=1D
1784822400000,2026-07-23T16:00:00+00:00,LINK,21141544.337,23189632.4662,2026-09-04T21:10:46.200737Z,https://www.okx.com/api/v5/rubik/stat/contracts/open-interest-volume?ccy=LINK&period=1D
1784908800000,2026-07-24T16:00:00+00:00,LINK,20732318.929,22508158.4393,2026-09-04T21:10:46.200737Z,https://www.okx.com/api/v5/rubik/stat/contracts/open-interest-volume?ccy=LINK&period=1D
1784995200000,2026-07-25T16:00:00+00:00,LINK,20698224.4212,12215641.9515,2026-09-04T21:10:46.200737Z,https://www.okx.com/api/v5/rubik/stat/contracts/open-interest-volume?ccy=LINK&period=1D
1785081600000,2026-07-26T16:00:00+00:00,LINK,21128291.7432,12517192.2732,2026-09-04T21:10:46.200737Z,https://www.okx.com/api/v5/rubik/stat/contracts/open-interest-volume?ccy=LINK&period=1D
1785168000000,2026-07-27T16:00:00+00:00,LINK,21584342.1982,35137394.2501,2026-09-04T21:10:46.200737Z,https://www.okx.com/api/v5/rubik/stat/contracts/open-interest-volume?ccy=LINK&period=1D
1785254400000,2026-07-28T16:00:00+00:00,LINK,20607349.3411,38986884.3931,2026-09-04T21:10:46.200737Z,https://www.okx.com/api/v5/rubik/stat/contracts/open-interest-volume?ccy=LINK&period=1D
1785340800000,2026-07-29T16:00:00+00:00,LINK,19611536.885,25231406.494,2026-09-04T21:10:46.200737Z,https://www.okx.com/api/v5/rubik/stat/contracts/open-interest-volume?ccy=LINK&period=1D
1785427200000,2026-07-30T16:00:00+00:00,LINK,19970318.2142,35181141.8892,2026-09-04T21:10:46.200737Z,https://www.okx.com/api/v5/rubik/stat/contracts/open-interest-volume?ccy=LINK&period=1D
1785513600000,2026-07-31T16:00:00+00:00,LINK,20411264.7428,33531582.1229,2026-09-04T21:10:46.200737Z,https://www.okx.com/api/v5/rubik/stat/contracts/open-interest-volume?ccy=LINK&period=1D
1785600000000,2026-08-01T16:00:00+00:00,LINK,20727233.531,12784419.32,2026-09-04T21:10:46.200737Z,https://www.okx.com/api/v5/rubik/stat/contracts/open-interest-volume?ccy=LINK&period=1D
1785686400000,2026-08-02T16:00:00+00:00,LINK,20479344.5232,29465275.853,2026-09-04T21:10:46.200737Z,https://www.okx.com/api/v5/rubik/stat/contracts/open-interest-volume?ccy=LINK&period=1D
1785772800000,2026-08-03T16:00:00+00:00,LINK,20056867.0138,23587258.1526,2026-09-04T21:10:46.200737Z,https://www.okx.com/api/v5/rubik/stat/contracts/open-interest-volume?ccy=LINK&period=1D
1785859200000,2026-08-04T16:00:00+00:00,LINK,20139928.4357,23301043.3038,2026-09-04T21:10:46.200737Z,https://www.okx.com/api/v5/rubik/stat/contracts/open-interest-volume?ccy=LINK&period=1D
1785945600000,2026-08-05T16:00:00+00:00,LINK,20269029.9708,17360969.154,2026-09-04T21:10:46.200737Z,https://www.okx.com/api/v5/rubik/stat/contracts/open-interest-volume?ccy=LINK&period=1D
1786032000000,2026-08-06T16:00:00+00:00,LINK,20743034.4925,20324087.4686,2026-09-04T21:10:46.200737Z,https://www.okx.com/api/v5/rubik/stat/contracts/open-interest-volume?ccy=LINK&period=1D
1786118400000,2026-08-07T16:00:00+00:00,LINK,20969024.0341,21957976.54,2026-09-04T21:10:46.200737Z,https://www.okx.com/api/v5/rubik/stat/contracts/open-interest-volume?ccy=LINK&period=1D
1786204800000,2026-08-08T16:00:00+00:00,LINK,21953836.8126,15016010.3027,2026-09-04T21:10:46.200737Z,https://www.okx.com/api/v5/rubik/stat/contracts/open-interest-volume?ccy=LINK&period=1D
1786291200000,2026-08-09T16:00:00+00:00,LINK,22596463.5244,13459818.0797,2026-09-04T21:10:46.200737Z,https://www.okx.com/api/v5/rubik/stat/contracts/open-interest-volume?ccy=LINK&period=1D
1786377600000,2026-08-10T16:00:00+00:00,LINK,21757779.3765,28256922.4567,2026-09-04T21:10:46.200737Z,https://www.okx.com/api/v5/rubik/stat/contracts/open-interest-volume?ccy=LINK&period=1D
1786464000000,2026-08-11T16:00:00+00:00,LINK,25965020.0963,47157290.6539,2026-09-04T21:10:46.200737Z,https://www.okx.com/api/v5/rubik/stat/contracts/open-interest-volume?ccy=LINK&period=1D
1786550400000,2026-08-12T16:00:00+00:00,LINK,27647299.3969,40535540.6363,2026-09-04T21:10:46.200737Z,https://www.okx.com/api/v5/rubik/stat/contracts/open-interest-volume?ccy=LINK&period=1D
1786636800000,2026-08-13T16:00:00+00:00,LINK,27764088.6756,23146351.3275,2026-09-04T21:10:46.200737Z,https://www.okx.com/api/v5/rubik/stat/contracts/open-interest-volume?ccy=LINK&period=1D
1786723200000,2026-08-14T16:00:00+00:00,LINK,28593606.0954,30769147.1933,2026-09-04T21:10:46.200737Z,https://www.okx.com/api/v5/rubik/stat/contracts/open-interest-volume?ccy=LINK&period=1D
1786809600000,2026-08-15T16:00:00+00:00,LINK,30739965.5126,103658764.7721,2026-09-04T21:10:46.200737Z,https://www.okx.com/api/v5/rubik/stat/contracts/open-interest-volume?ccy=LINK&period=1D
1786896000000,2026-08-16T16:00:00+00:00,LINK,31552190.814,44104388.5533,2026-09-04T21:10:46.200737Z,https://www.okx.com/api/v5/rubik/stat/contracts/open-interest-volume?ccy=LINK&period=1D
1786982400000,2026-08-17T16:00:00+00:00,LINK,30466158.1399,44354497.5364,2026-09-04T21:10:46.200737Z,https://www.okx.com/api/v5/rubik/stat/contracts/open-interest-volume?ccy=LINK&period=1D
1787068800000,2026-08-18T16:00:00+00:00,LINK,29847671.6063,33291390.0429,2026-09-04T21:10:46.200737Z,https://www.okx.com/api/v5/rubik/stat/contracts/open-interest-volume?ccy=LINK&period=1D
1787155200000,2026-08-19T16:00:00+00:00,LINK,33029603.996,71657613.0278,2026-09-04T21:10:46.200737Z,https://www.okx.com/api/v5/rubik/stat/contracts/open-interest-volume?ccy=LINK&period=1D
1787241600000,2026-08-20T16:00:00+00:00,LINK,33002506.5319,95955188.4185,2026-09-04T21:10:46.200737Z,https://www.okx.com/api/v5/rubik/stat/contracts/open-interest-volume?ccy=LINK&period=1D
1787328000000,2026-08-21T16:00:00+00:00,LINK,32324492.828,110967655.9864,2026-09-04T21:10:46.200737Z,https://www.okx.com/api/v5/rubik/stat/contracts/open-interest-volume?ccy=LINK&period=1D
1787414400000,2026-08-22T16:00:00+00:00,LINK,29689982.5596,131029753.9867,2026-09-04T21:10:46.200737Z,https://www.okx.com/api/v5/rubik/stat/contracts/open-interest-volume?ccy=LINK&period=1D
1787500800000,2026-08-23T16:00:00+00:00,LINK,33276617.2826,78011007.911,2026-09-04T21:10:46.200737Z,https://www.okx.com/api/v5/rubik/stat/contracts/open-interest-volume?ccy=LINK&period=1D
1787587200000,2026-08-24T16:00:00+00:00,LINK,31470285.574,61892194.7444,2026-09-04T21:10:46.200737Z,https://www.okx.com/api/v5/rubik/stat/contracts/open-interest-volume?ccy=LINK&period=1D
1787673600000,2026-08-25T16:00:00+00:00,LINK,31788767.6171,56874058.1755,2026-09-04T21:10:46.200737Z,https://www.okx.com/api/v5/rubik/stat/contracts/open-interest-volume?ccy=LINK&period=1D
1787760000000,2026-08-26T16:00:00+00:00,LINK,31241641.3711,38987299.0906,2026-09-04T21:10:46.200737Z,https://www.okx.com/api/v5/rubik/stat/contracts/open-interest-volume?ccy=LINK&period=1D
1787846400000,2026-08-27T16:00:00+00:00,LINK,32228147.0308,55392780.5336,2026-09-04T21:10:46.200737Z,https://www.okx.com/api/v5/rubik/stat/contracts/open-interest-volume?ccy=LINK&period=1D
1787932800000,2026-08-28T16:00:00+00:00,LINK,32535039.367,57215834.4969,2026-09-04T21:10:46.200737Z,https://www.okx.com/api/v5/rubik/stat/contracts/open-interest-volume?ccy=LINK&period=1D
1788019200000,2026-08-29T16:00:00+00:00,LINK,33087657.973,36202150.8037,2026-09-04T21:10:46.200737Z,https://www.okx.com/api/v5/rubik/stat/contracts/open-interest-volume?ccy=LINK&period=1D
1788105600000,2026-08-30T16:00:00+00:00,LINK,34165868.4144,26005469.2693,2026-09-04T21:10:46.200737Z,https://www.okx.com/api/v5/rubik/stat/contracts/open-interest-volume?ccy=LINK&period=1D
1788192000000,2026-08-31T16:00:00+00:00,LINK,33624388.5118,58353985.288,2026-09-04T21:10:46.200737Z,https://www.okx.com/api/v5/rubik/stat/contracts/open-interest-volume?ccy=LINK&period=1D
1788278400000,2026-09-01T16:00:00+00:00,LINK,34926821.7126,45054372.7104,2026-09-04T21:10:46.200737Z,https://www.okx.com/api/v5/rubik/stat/contracts/open-interest-volume?ccy=LINK&period=1D
1788364800000,2026-09-02T16:00:00+00:00,LINK,32548463.858,33867247.2329,2026-09-04T21:10:46.200737Z,https://www.okx.com/api/v5/rubik/stat/contracts/open-interest-volume?ccy=LINK&period=1D
1788451200000,2026-09-03T16:00:00+00:00,LINK,34247827.9412,37480725.0492,2026-09-04T21:10:46.200737Z,https://www.okx.com/api/v5/rubik/stat/contracts/open-interest-volume?ccy=LINK&period=1D
