,conditioner,pair,D,n,n_q1,n_q5,quintile_means,quintile_counts
0,dsd,BTC/USDT:USDT,-0.103755153188,28775,5754,5755,"[0.21396846521688784, 0.16806988096871536, 0.34594881887747664, 0.1003574713873055, 0.3177236184044167]","[5754, 5755, 5756, 5755, 5755]"
1,dsd,ETH/USDT:USDT,-0.0555241400802,28775,5755,5755,"[0.07520979829408202, 0.03698240635959878, 0.30976447379628386, 0.060205509466505804, 0.13073393837426087]","[5755, 5754, 5756, 5755, 5755]"
2,dsd,SOL/USDT:USDT,-0.393463825901,28775,5755,5755,"[-0.05013849436371383, 0.2924580829096742, -0.37543578811404565, 0.06289034530952302, 0.34332533153740313]","[5755, 5754, 5756, 5755, 5755]"
3,dsd,BNB/USDT:USDT,-1.05129552374,20225,4045,4045,"[0.013776462777383801, 0.07647814180220111, 0.11835857624847308, 0.40389229977151586, 1.0650719865206595]","[4045, 4045, 4045, 4045, 4045]"
4,dsd,XRP/USDT:USDT,-0.550458291587,28775,5755,5756,"[0.10692769360071278, -0.3014582413405997, -0.1910212981362736, 0.11788388191730143, 0.6573859851874514]","[5755, 5755, 5755, 5754, 5756]"
5,dsd,ADA/USDT:USDT,-0.428267348282,28775,5755,5755,"[-0.0773061126484012, -0.0871315374473419, 0.11036712646526801, -0.253290060059539, 0.35096123563361187]","[5755, 5755, 5755, 5755, 5755]"
6,dsd,AVAX/USDT:USDT,-0.48946831718,28775,5754,5755,"[-0.1410934124136897, -0.07094777429591893, -0.3964671723946485, -0.0423349650999797, 0.3483749047662479]","[5754, 5756, 5755, 5755, 5755]"
7,dsd,DOT/USDT:USDT,-0.434830711734,28775,5755,5756,"[0.01708754486331694, 0.01876997216548877, -0.3017718393024155, -0.12348610316153652, 0.4519182565976197]","[5755, 5755, 5755, 5754, 5756]"
8,dsd,LINK/USDT:USDT,-0.332213728574,28775,5755,5755,"[-0.05190226498996522, -0.002776258304571808, 0.5204410179274093, -0.2214718335841921, 0.28031146358429987]","[5755, 5755, 5755, 5755, 5755]"
9,sd,BTC/USDT:USDT,0.122912461426,28775,5755,5755,"[0.26621365876745773, 0.29020021456105655, -0.15225754034986777, 0.5986336576979526, 0.14330119734130653]","[5755, 5755, 5755, 5755, 5755]"
10,sd,ETH/USDT:USDT,0.0411693852229,28775,5755,5755,"[0.12125903778317797, -0.06725444939243842, 0.24369032382407516, 0.23515896065849715, 0.08008965256032773]","[5755, 5755, 5755, 5755, 5755]"
11,sd,SOL/USDT:USDT,-0.381057303527,28775,5755,5755,"[-0.19447759546128265, 0.10822774073581841, 0.012226827723673608, 0.16042674167633045, 0.18657970806546123]","[5755, 5755, 5755, 5755, 5755]"
12,sd,BNB/USDT:USDT,-0.75806167296,20225,4045,4045,"[0.17935265577422185, -0.006019043913457278, -0.002619323488876741, 0.5694488500139677, 0.9374143287343778]","[4045, 4045, 4045, 4045, 4045]"
13,sd,XRP/USDT:USDT,-0.478643129053,28775,5755,5755,"[-0.03819474961747491, -0.20949203224197735, 0.18519317524675127, 0.011856993340905507, 0.4404483794357951]","[5755, 5755, 5755, 5755, 5755]"
14,sd,ADA/USDT:USDT,-0.00933456265367,28775,5755,5755,"[-0.03335631458494908, -0.3019881211601642, 0.11304827639609405, 0.2899185632238958, -0.02402175193127879]","[5755, 5755, 5755, 5755, 5755]"
15,sd,AVAX/USDT:USDT,-0.0855167597514,28775,5755,5755,"[0.04452343875250628, -0.5647713339419898, 0.05116627959711832, 0.036585186293047564, 0.13004019850392085]","[5755, 5755, 5755, 5755, 5755]"
16,sd,DOT/USDT:USDT,-0.272335954898,28775,5755,5755,"[0.0028626302100952373, -0.11805062638398105, 0.1803729235565156, -0.277765697946832, 0.27519858510804096]","[5755, 5755, 5755, 5755, 5755]"
17,sd,LINK/USDT:USDT,-0.0246738327935,28775,5755,5755,"[-0.016949721435724936, -0.06652230269052312, 0.3937424670879914, 0.20660757031341276, 0.0077241113578239064]","[5755, 5755, 5755, 5755, 5755]"
18,usd,BTC/USDT:USDT,0.203310961699,28775,5755,5755,"[0.408367454907598, 0.2773086537951873, -0.19332833341820832, 0.44865714567754905, 0.20505649320836297]","[5755, 5754, 5755, 5756, 5755]"
19,usd,ETH/USDT:USDT,0.316765267698,28775,5755,5755,"[0.5616650896370572, 0.02250863236394581, -0.4710173252748307, 0.2548873067686611, 0.24489982193880608]","[5755, 5755, 5755, 5755, 5755]"
20,usd,SOL/USDT:USDT,-0.535430240846,28775,5755,5755,"[-0.2685983984105301, 0.06556590893796103, 0.16606969796890403, 0.04311437180860308, 0.2668318424350629]","[5755, 5755, 5755, 5755, 5755]"
21,usd,BNB/USDT:USDT,-0.982215463924,20225,4045,4045,"[-0.014116149600108341, 0.14338197864377786, 0.5118339828302448, 0.06837834092240778, 0.9680993143239114]","[4045, 4045, 4045, 4045, 4045]"
22,usd,XRP/USDT:USDT,-0.300409039915,28775,5755,5755,"[-0.010742569364451372, -0.10641434215579595, 0.39172208788252194, -0.17441988074913034, 0.2896664705508556]","[5755, 5755, 5755, 5755, 5755]"
23,usd,ADA/USDT:USDT,0.00380906936854,28775,5754,5755,"[-0.19501527565029544, -0.05057015334319896, 0.007987855529395587, 0.4799974713609663, -0.19882434501883137]","[5754, 5756, 5755, 5755, 5755]"
24,usd,AVAX/USDT:USDT,-0.214588859653,28775,5755,5755,"[-0.23422790881997788, -0.03305633002634207, 0.04061679299667068, -0.05616253736429818, -0.019639049166683447]","[5755, 5754, 5756, 5755, 5755]"
25,usd,DOT/USDT:USDT,-0.0955814568415,28775,5755,5755,"[0.06717287809015432, -0.437673810418424, 0.4857471157421165, -0.21526089528538594, 0.16275433493162958]","[5755, 5755, 5754, 5756, 5755]"
26,usd,LINK/USDT:USDT,-0.105109262448,28775,5755,5755,"[-0.14076564208536654, 0.011882504704806084, 0.5795427321353518, 0.10968055368200076, -0.03565637963726933]","[5755, 5755, 5754, 5756, 5755]"
