pair,open_date,close_date,open_rate,close_rate,stake_amount,profit_abs,profit_ratio,exit_reason,trade_duration,is_open
BTC/USDT,2023-05-21 01:00:00+00:00,2023-05-24 13:00:00+00:00,27244.0,26426.7,249.99993452,-8.23856459,-0.032904909626941196,stop_loss,5040,False
ETH/USDT,2023-05-23 02:00:00+00:00,2023-05-24 14:00:00+00:00,1834.55,1779.52,249.99963215,-8.23785343,-0.03290210904121966,stop_loss,2160,False
BNB/USDT,2023-05-20 20:00:00+00:00,2023-05-26 05:00:00+00:00,311.23,301.9,249.99985472,-8.233211,-0.03288353783119863,stop_loss,7740,False
SOL/USDT,2023-05-27 23:00:00+00:00,2023-05-31 04:00:00+00:00,20.374,20.759,249.99998196,3.96707172,0.015844521243190877,trailing_stop_loss,4620,False
ETH/USDT,2023-05-28 23:00:00+00:00,2023-05-31 14:00:00+00:00,1907.01,1849.8,249.99947595,-8.23869346,-0.03290548469290237,stop_loss,3780,False
BTC/USDT,2023-05-28 19:00:00+00:00,2023-06-01 02:00:00+00:00,27590.9,26763.2,249.99976535,-8.23849799,-0.032904665891150084,stop_loss,4740,False
ETH/USDT,2023-06-06 17:00:00+00:00,2023-06-10 04:00:00+00:00,1863.77,1807.86,249.99865272,-8.2382904,-0.03290398321467728,stop_loss,4980,False
BNB/USDT,2023-06-13 13:00:00+00:00,2023-06-13 15:00:00+00:00,241.86,234.61,249.9997983,-8.23275715,-0.03288173256992043,stop_loss,120,False
ETH/USDT,2023-06-17 06:00:00+00:00,2023-06-19 16:00:00+00:00,1758.8,1706.04,249.9993496,-8.23816085,-0.03290337406871703,stop_loss,3480,False
SOL/USDT,2023-06-20 17:00:00+00:00,2023-06-21 10:00:00+00:00,16.07,16.698,249.99999366,9.00510245,0.0359664610219447,trailing_stop_loss,1020,False
BTC/USDT,2023-06-20 17:00:00+00:00,2023-06-21 16:00:00+00:00,27387.5,29895.2,249.99994688,22.10657632,0.08829388324572528,trailing_stop_loss,1380,False
BNB/USDT,2023-06-22 03:00:00+00:00,2023-06-22 11:00:00+00:00,256.73,249.03,249.99982305,-8.23689675,-0.03289826292592969,stop_loss,480,False
ETH/USDT,2023-06-21 02:00:00+00:00,2023-06-22 14:00:00+00:00,1809.2,1875.32,249.9988744,8.37289233,0.03344155777645596,trailing_stop_loss,2160,False
BNB/USDT,2023-06-23 17:00:00+00:00,2023-06-24 15:00:00+00:00,245.8,238.43,249.9999846,-8.23468725,-0.03288941690367156,stop_loss,1320,False
SOL/USDT,2023-06-29 10:00:00+00:00,2023-06-29 11:00:00+00:00,17.22,17.737,249.99999444,6.74454834,0.026937787279076416,trailing_stop_loss,60,False
BNB/USDT,2023-07-01 14:00:00+00:00,2023-07-05 10:00:00+00:00,246.72,239.32,249.99989568,-8.23712772,-0.032899175864962917,stop_loss,5520,False
SOL/USDT,2023-07-02 16:00:00+00:00,2023-07-05 10:00:00+00:00,19.289,18.711,249.99998391,-8.23007879,-0.032871010763133646,stop_loss,3960,False
ETH/USDT,2023-07-06 09:00:00+00:00,2023-07-06 12:00:00+00:00,1949.4,1890.92,249.9988536,-8.23845612,-0.03290461866575186,stop_loss,180,False
BTC/USDT,2023-07-06 09:00:00+00:00,2023-07-06 13:00:00+00:00,31336.8,30396.7,249.99997651,-8.23871736,-0.032905514264779015,stop_loss,240,False
SOL/USDT,2023-07-12 13:00:00+00:00,2023-07-13 01:00:00+00:00,22.339,21.669,249.99999341,-8.23685013,-0.03289805430703296,stop_loss,720,False
BNB/USDT,2023-07-10 10:00:00+00:00,2023-07-13 15:00:00+00:00,240.79,246.14,249.99997671,4.79630027,0.019156468165045928,trailing_stop_loss,4620,False
SOL/USDT,2023-07-13 16:00:00+00:00,2023-07-13 16:00:00+00:00,24.058,24.299,249.99998207,1.75060778,0.006991943706542544,trailing_stop_loss,0,False
SOL/USDT,2023-07-13 17:00:00+00:00,2023-07-13 17:00:00+00:00,25.3,25.553,249.9999766,1.74624984,0.006974538206486271,trailing_stop_loss,0,False
SOL/USDT,2023-07-13 18:00:00+00:00,2023-07-14 00:00:00+00:00,25.995,31.913,249.99999783,56.07941863,0.2239817039112106,trailing_stop_loss,360,False
SOL/USDT,2023-07-14 01:00:00+00:00,2023-07-14 01:00:00+00:00,29.36,28.48,249.99998896,-8.23194787,-0.03287847522125945,stop_loss,0,False
ETH/USDT,2023-07-12 13:00:00+00:00,2023-07-14 17:00:00+00:00,1886.88,1968.2,249.99839184,10.00817409,0.03997299438600143,trailing_stop_loss,3120,False
BNB/USDT,2023-07-13 16:00:00+00:00,2023-07-14 18:00:00+00:00,251.17,243.64,249.99979897,-8.23367475,-0.032885397387390373,stop_loss,1560,False
SOL/USDT,2023-07-26 19:00:00+00:00,2023-07-30 19:00:00+00:00,25.099,24.347,249.99999504,-8.22910259,-0.032867110347014415,stop_loss,5760,False
ETH/USDT,2023-08-02 00:00:00+00:00,2023-08-04 20:00:00+00:00,1873.57,1817.37,249.99981295,-8.23779787,-0.03290186333909127,stop_loss,4080,False
SOL/USDT,2023-08-06 09:00:00+00:00,2023-08-07 16:00:00+00:00,23.264,22.567,249.99999229,-8.22887806,-0.032866213934476037,stop_loss,1860,False
BNB/USDT,2023-07-27 06:00:00+00:00,2023-08-15 19:00:00+00:00,241.76,234.51,249.99990608,-8.23585582,-0.03289409451441828,stop_loss,28140,False
ETH/USDT,2023-08-08 19:00:00+00:00,2023-08-16 20:00:00+00:00,1858.51,1802.76,249.99933116,-8.23801609,-0.032902798321388683,stop_loss,11580,False
BTC/USDT,2023-07-26 19:00:00+00:00,2023-08-17 00:00:00+00:00,29377.2,28495.9,249.999972,-8.23861312,-0.03290509852311442,stop_loss,30540,False
ETH/USDT,2023-08-19 17:00:00+00:00,2023-08-22 16:00:00+00:00,1691.82,1641.07,249.99854958,-8.23802348,-0.03290293070255958,stop_loss,4260,False
SOL/USDT,2023-08-23 18:00:00+00:00,2023-08-25 03:00:00+00:00,21.293,20.655,249.99998447,-8.22948805,-0.0328686512678299,stop_loss,1980,False
SOL/USDT,2023-08-27 11:00:00+00:00,2023-08-28 09:00:00+00:00,20.651,20.032,249.9999941,-8.23234328,-0.032880053816277094,stop_loss,1320,False
BTC/USDT,2023-08-29 17:00:00+00:00,2023-08-30 13:00:00+00:00,28003.8,27163.7,249.99972393,-8.23861611,-0.0329051431163217,stop_loss,1200,False
ETH/USDT,2023-09-07 03:00:00+00:00,2023-09-11 09:00:00+00:00,1634.0,1584.98,249.998732,-8.23870821,-0.03290564152547173,stop_loss,6120,False
BTC/USDT,2023-09-07 17:00:00+00:00,2023-09-11 14:00:00+00:00,25831.2,25056.3,249.99977815,-8.2383948,-0.0329042520646715,stop_loss,5580,False
BTC/USDT,2023-09-13 13:00:00+00:00,2023-09-21 10:00:00+00:00,26217.9,26675.0,249.99999891,3.60212535,0.014386921081026625,trailing_stop_loss,11340,False
BNB/USDT,2023-09-12 11:00:00+00:00,2023-09-24 23:00:00+00:00,213.06,206.67,249.99991668,-8.23663834,-0.032897218512661974,stop_loss,18000,False
ETH/USDT,2023-09-12 11:00:00+00:00,2023-09-25 00:00:00+00:00,1613.77,1565.36,249.99879332,-8.23823071,-0.03290372630584068,stop_loss,18060,False
SOL/USDT,2023-09-30 13:00:00+00:00,2023-09-30 14:00:00+00:00,20.525,20.877,249.99998017,3.53102286,0.014102938152811323,trailing_stop_loss,60,False
SOL/USDT,2023-09-30 15:00:00+00:00,2023-10-01 10:00:00+00:00,21.312,23.764,249.99998976,27.96999229,0.11171240513490137,trailing_stop_loss,1140,False
ETH/USDT,2023-09-27 10:00:00+00:00,2023-10-01 22:00:00+00:00,1612.33,1731.45,249.99982815,17.69244689,0.07066384044651564,trailing_stop_loss,6480,False
BTC/USDT,2023-09-28 15:00:00+00:00,2023-10-01 22:00:00+00:00,26800.6,27645.0,249.99974888,7.11486715,0.0284168718787223,trailing_stop_loss,4740,False
SOL/USDT,2023-10-01 11:00:00+00:00,2023-10-01 22:00:00+00:00,23.098,23.799,249.99997881,6.82585556,0.027262530758537313,trailing_stop_loss,660,False
SOL/USDT,2023-10-01 23:00:00+00:00,2023-10-02 00:00:00+00:00,24.39,23.659,249.99998778,-8.23158529,-0.032877027228596735,stop_loss,60,False
BNB/USDT,2023-10-02 08:00:00+00:00,2023-10-02 18:00:00+00:00,219.83,213.24,249.99990886,-8.23318287,-0.03288341835842333,stop_loss,600,False
BTC/USDT,2023-10-05 14:00:00+00:00,2023-10-11 02:00:00+00:00,27994.2,27154.4,249.99996356,-8.23851696,-0.032904715569504105,stop_loss,7920,False
BNB/USDT,2023-10-10 10:00:00+00:00,2023-10-12 09:00:00+00:00,210.44,204.13,249.99998428,-8.23495363,-0.03289048086995074,stop_loss,2820,False
BNB/USDT,2023-10-15 14:00:00+00:00,2023-10-16 13:00:00+00:00,208.78,213.11,249.99985296,4.42710368,0.017681902281964382,trailing_stop_loss,1380,False
BTC/USDT,2023-10-15 21:00:00+00:00,2023-10-16 13:00:00+00:00,27202.6,29619.8,249.99978275,21.43144749,0.08559746825202656,trailing_stop_loss,960,False
ETH/USDT,2023-10-15 21:00:00+00:00,2023-10-16 13:00:00+00:00,1564.06,1595.13,249.9993504,4.20878141,0.01680995445282489,trailing_stop_loss,960,False
SOL/USDT,2023-10-16 13:00:00+00:00,2023-10-16 13:00:00+00:00,23.409,23.643,249.99999708,1.74529025,0.006970705024087604,trailing_stop_loss,0,False
SOL/USDT,2023-10-16 14:00:00+00:00,2023-10-17 13:00:00+00:00,23.307,23.851,249.99999504,5.07640398,0.02027520351783035,trailing_stop_loss,1380,False
SOL/USDT,2023-10-19 17:00:00+00:00,2023-10-20 08:00:00+00:00,24.987,26.318,249.99998237,12.54694853,0.05011262871536743,trailing_stop_loss,900,False
BTC/USDT,2023-10-16 14:00:00+00:00,2023-10-20 17:00:00+00:00,27997.7,29359.9,249.99986261,11.39524763,0.045512746449828174,trailing_stop_loss,5940,False
SOL/USDT,2023-10-21 07:00:00+00:00,2023-10-21 11:00:00+00:00,28.046,29.1,249.99999664,8.63118615,0.034473035510470665,trailing_stop_loss,240,False
SOL/USDT,2023-10-21 12:00:00+00:00,2023-10-21 15:00:00+00:00,29.52,28.635,249.99997968,-8.23367565,-0.032885377211116174,stop_loss,180,False
ETH/USDT,2023-10-16 14:00:00+00:00,2023-10-23 22:00:00+00:00,1579.43,1738.42,249.99849812,24.37782931,0.0973658542633128,trailing_stop_loss,10560,False
BTC/USDT,2023-10-21 18:00:00+00:00,2023-10-23 22:00:00+00:00,30146.2,34841.7,249.99972344,38.1309507,0.15229552823454626,trailing_stop_loss,3120,False
BTC/USDT,2023-10-23 23:00:00+00:00,2023-10-24 02:00:00+00:00,33362.0,34214.8,249.9998151,5.63091425,0.022489938750383465,trailing_stop_loss,180,False
BNB/USDT,2023-10-23 23:00:00+00:00,2023-10-24 15:00:00+00:00,230.22,223.32,249.99981174,-8.23158749,-0.032877059166128056,stop_loss,960,False
ETH/USDT,2023-10-23 23:00:00+00:00,2023-10-26 11:00:00+00:00,1786.57,1811.96,249.99831324,2.79754923,0.011173512152986158,trailing_stop_loss,3600,False
SOL/USDT,2023-10-30 10:00:00+00:00,2023-10-31 00:00:00+00:00,34.774,35.227,249.99998795,2.50185831,0.00999244505493602,trailing_stop_loss,840,False
SOL/USDT,2023-11-01 19:00:00+00:00,2023-11-01 19:00:00+00:00,43.976,42.657,249.99999794,-8.23716054,-0.03289929349073353,stop_loss,0,False
BTC/USDT,2023-10-29 14:00:00+00:00,2023-11-02 13:00:00+00:00,34383.1,34909.4,249.99986393,3.07099287,0.01226557979618023,trailing_stop_loss,5700,False
BNB/USDT,2023-11-02 07:00:00+00:00,2023-11-07 09:00:00+00:00,228.67,248.15,249.99988026,20.51511022,0.08193757382295316,trailing_stop_loss,7320,False
ETH/USDT,2023-11-05 04:00:00+00:00,2023-11-09 14:00:00+00:00,1888.51,1937.3,249.99906529,5.69908606,0.022762286043137663,trailing_stop_loss,6360,False
BTC/USDT,2023-11-09 03:00:00+00:00,2023-11-09 16:00:00+00:00,36370.9,36887.3,249.99974566,2.79421382,0.011160126461294528,trailing_stop_loss,780,False
ETH/USDT,2023-11-09 16:00:00+00:00,2023-11-09 16:00:00+00:00,2034.94,1973.9,249.99848382,-8.23769415,-0.03290162400244216,stop_loss,0,False
ETH/USDT,2023-11-09 17:00:00+00:00,2023-11-10 12:00:00+00:00,2017.11,2072.58,249.99859629,6.1145882,0.024421857344491985,trailing_stop_loss,1140,False
SOL/USDT,2023-11-11 15:00:00+00:00,2023-11-11 15:00:00+00:00,62.04,60.179,249.99998232,-8.23794469,-0.032902427449176194,stop_loss,0,False
BTC/USDT,2023-11-15 19:00:00+00:00,2023-11-16 15:00:00+00:00,37400.1,36278.1,249.99984645,-8.23872492,-0.03290556157893886,stop_loss,1200,False
ETH/USDT,2023-11-15 19:00:00+00:00,2023-11-16 18:00:00+00:00,2038.23,1977.09,249.99910065,-8.23787531,-0.03290226638058612,stop_loss,1380,False
BNB/USDT,2023-11-20 18:00:00+00:00,2023-11-20 18:00:00+00:00,261.1,253.27,249.9998557,-8.23587709,-0.032894186095860214,stop_loss,0,False
BTC/USDT,2023-11-20 15:00:00+00:00,2023-11-21 15:00:00+00:00,37410.6,36288.3,249.99970145,-8.23862006,-0.03290516185098356,stop_loss,1440,False
ETH/USDT,2023-11-20 15:00:00+00:00,2023-11-21 15:00:00+00:00,2038.05,1976.91,249.9994413,-8.23854787,-0.03290490776454488,stop_loss,1440,False
BNB/USDT,2023-11-21 16:00:00+00:00,2023-11-21 16:00:00+00:00,264.6,256.67,249.9999012,-8.23119951,-0.03287549780517756,stop_loss,0,False
SOL/USDT,2023-11-30 13:00:00+00:00,2023-11-30 15:00:00+00:00,61.22,59.384,249.99995104,-8.23630188,-0.032895870166740594,stop_loss,120,False
ETH/USDT,2023-12-02 19:00:00+00:00,2023-12-04 15:00:00+00:00,2147.99,2207.34,249.99811213,6.14721276,0.024552208411002537,trailing_stop_loss,2640,False
BTC/USDT,2023-11-22 19:00:00+00:00,2023-12-05 17:00:00+00:00,37209.1,42827.0,249.9997569,36.93881674,0.14753410947433185,trailing_stop_loss,18600,False
SOL/USDT,2023-12-06 01:00:00+00:00,2023-12-06 08:00:00+00:00,63.13,64.28,249.99997666,3.79726323,0.01516630488072902,trailing_stop_loss,420,False
BTC/USDT,2023-12-05 18:00:00+00:00,2023-12-11 02:00:00+00:00,43379.0,42077.7,249.99968385,-8.23833677,-0.03290403270379972,stop_loss,7680,False
SOL/USDT,2023-12-14 14:00:00+00:00,2023-12-15 07:00:00+00:00,72.22,74.81,249.99992968,8.20220968,0.032759708385893906,trailing_stop_loss,1020,False
ETH/USDT,2023-12-14 14:00:00+00:00,2023-12-15 23:00:00+00:00,2279.34,2210.96,249.9980112,-8.23866256,-0.03290555407181143,stop_loss,1980,False
BNB/USDT,2023-12-19 11:00:00+00:00,2023-12-22 07:00:00+00:00,249.3,268.3,249.9997851,18.27475365,0.07298959304639736,trailing_stop_loss,4080,False
BTC/USDT,2023-12-20 15:00:00+00:00,2023-12-24 22:00:00+00:00,43866.0,42550.1,249.99979122,-8.23828787,-0.032903823264961406,stop_loss,6180,False
BNB/USDT,2023-12-26 11:00:00+00:00,2023-12-26 13:00:00+00:00,288.4,297.8,249.9998284,7.38617732,0.029500478841240508,trailing_stop_loss,120,False
ETH/USDT,2023-12-27 15:00:00+00:00,2023-12-28 06:00:00+00:00,2326.39,2372.43,249.99852218,4.19013359,0.016735530141584846,trailing_stop_loss,900,False
BTC/USDT,2024-01-02 01:00:00+00:00,2024-01-03 11:00:00+00:00,45114.0,43760.6,249.99968214,-8.23862886,-0.03290519954043174,stop_loss,2040,False
ETH/USDT,2024-01-02 01:00:00+00:00,2024-01-03 11:00:00+00:00,2388.37,2316.72,249.99785301,-8.23856428,-0.032905182358734374,stop_loss,2040,False
BNB/USDT,2024-01-03 10:00:00+00:00,2024-01-03 12:00:00+00:00,329.8,320.0,249.999943,-8.16759971,-0.03262147407773603,stop_loss,120,False
BTC/USDT,2024-01-08 19:00:00+00:00,2024-01-09 12:00:00+00:00,46975.8,45566.6,249.9995705,-8.23834262,-0.03290407098698002,stop_loss,1020,False
BTC/USDT,2024-01-10 21:00:00+00:00,2024-01-11 14:00:00+00:00,46113.6,47518.4,249.9998099,6.85454529,0.027377136303906254,trailing_stop_loss,1020,False
ETH/USDT,2024-01-12 15:00:00+00:00,2024-01-12 16:00:00+00:00,2705.52,2624.36,249.99816456,-8.23817283,-0.03290357788569869,stop_loss,60,False
SOL/USDT,2024-01-28 05:00:00+00:00,2024-01-28 20:00:00+00:00,97.04,94.13,249.99997928,-8.23566245,-0.03289331256144487,stop_loss,900,False
ETH/USDT,2024-01-30 16:00:00+00:00,2024-01-31 21:00:00+00:00,2341.04,2270.81,249.9996616,-8.23861089,-0.03290513047148795,stop_loss,1740,False
BNB/USDT,2024-02-08 03:00:00+00:00,2024-02-12 06:00:00+00:00,312.3,316.6,249.9998976,2.6870386,0.010732060711378777,trailing_stop_loss,5940,False
BTC/USDT,2024-01-28 05:00:00+00:00,2024-02-13 14:00:00+00:00,42717.6,48873.6,249.99962789,35.22321152,0.1406820327428728,trailing_stop_loss,23580,False
ETH/USDT,2024-02-07 18:00:00+00:00,2024-02-13 14:00:00+00:00,2410.74,2606.07,249.99855948,19.47573181,0.07778669608136346,trailing_stop_loss,8400,False
BNB/USDT,2024-02-12 20:00:00+00:00,2024-02-15 14:00:00+00:00,325.2,356.2,249.9997764,23.04572047,0.09204489698296883,trailing_stop_loss,3960,False
BNB/USDT,2024-02-15 15:00:00+00:00,2024-02-15 18:00:00+00:00,363.7,352.8,249.9997423,-8.23119168,-0.032875487427742905,stop_loss,180,False
BTC/USDT,2024-02-26 17:00:00+00:00,2024-02-27 02:00:00+00:00,53394.5,55775.0,249.99999028,10.37909178,0.041454187452147864,trailing_stop_loss,540,False
ETH/USDT,2024-02-25 03:00:00+00:00,2024-02-28 17:00:00+00:00,3031.29,3325.46,249.99958017,23.47469205,0.09375828845366373,trailing_stop_loss,5160,False
BTC/USDT,2024-02-28 18:00:00+00:00,2024-02-28 18:00:00+00:00,61381.3,59539.9,249.99989677,-8.23858799,-0.03290500805543348,stop_loss,0,False
ETH/USDT,2024-02-28 18:00:00+00:00,2024-02-28 18:00:00+00:00,3341.95,3241.7,249.9979117,-8.23804628,-0.03290310571991217,stop_loss,0,False
BNB/USDT,2024-02-28 18:00:00+00:00,2024-02-28 18:00:00+00:00,412.8,400.5,249.999936,-8.18795212,-0.03270276272038454,stop_loss,0,False
BTC/USDT,2024-03-04 01:00:00+00:00,2024-03-05 05:00:00+00:00,63457.7,66639.1,249.99985865,11.764739,0.04698849985717477,trailing_stop_loss,1680,False
BTC/USDT,2024-03-08 15:00:00+00:00,2024-03-08 16:00:00+00:00,68418.0,66365.5,249.999372,-8.23858336,-0.03290505863354323,stop_loss,60,False
SOL/USDT,2024-03-08 17:00:00+00:00,2024-03-08 21:00:00+00:00,148.36,143.91,249.9999524,-8.23740238,-0.03290026539551358,stop_loss,240,False
BNB/USDT,2024-03-08 16:00:00+00:00,2024-03-10 09:00:00+00:00,472.7,518.4,249.9996852,23.38337969,0.09339354621822779,trailing_stop_loss,2460,False
BNB/USDT,2024-03-10 10:00:00+00:00,2024-03-11 00:00:00+00:00,524.9,509.2,249.9998969,-8.21639497,-0.03281636888045006,stop_loss,840,False
BTC/USDT,2024-03-08 17:00:00+00:00,2024-03-12 15:00:00+00:00,67800.0,70902.4,249.999618,10.67235242,0.04262553660461074,trailing_stop_loss,5640,False
ETH/USDT,2024-03-11 08:00:00+00:00,2024-03-12 17:00:00+00:00,3997.97,3878.04,249.99706207,-8.238085,-0.03290337219293449,stop_loss,1980,False
SOL/USDT,2024-03-14 14:00:00+00:00,2024-03-14 19:00:00+00:00,166.27,161.29,249.99991406,-8.22658645,-0.03285707150463237,stop_loss,300,False
BNB/USDT,2024-03-16 00:00:00+00:00,2024-03-16 01:00:00+00:00,634.1,615.1,249.9996319,-8.22968351,-0.032869478292177096,stop_loss,60,False
BTC/USDT,2024-03-25 15:00:00+00:00,2024-04-02 02:00:00+00:00,69366.7,67285.7,249.9996678,-8.23873545,-0.03290562714972844,stop_loss,10740,False
BTC/USDT,2024-04-07 00:00:00+00:00,2024-04-09 06:00:00+00:00,68896.8,70615.1,249.99961745,5.47568915,0.02186998513811748,trailing_stop_loss,3240,False
ETH/USDT,2024-04-08 09:00:00+00:00,2024-04-09 15:00:00+00:00,3595.79,3487.92,249.99729975,-8.23840416,-0.032904615652379225,stop_loss,1800,False
BNB/USDT,2024-04-10 17:00:00+00:00,2024-04-12 18:00:00+00:00,607.3,589.1,249.9999034,-8.23093705,-0.03287444924786941,stop_loss,2940,False
SOL/USDT,2024-05-01 19:00:00+00:00,2024-05-01 19:00:00+00:00,133.97,129.96,249.99994333,-8.22179219,-0.03283791933586132,stop_loss,0,False
ETH/USDT,2024-05-05 09:00:00+00:00,2024-05-06 15:00:00+00:00,3155.7,3061.03,249.9977097,-8.23859542,-0.03290532559605317,stop_loss,1800,False
BTC/USDT,2024-05-06 09:00:00+00:00,2024-05-06 15:00:00+00:00,65143.0,63188.8,249.99994253,-8.23840323,-0.03290426409922943,stop_loss,360,False
BNB/USDT,2024-05-06 09:00:00+00:00,2024-05-07 21:00:00+00:00,599.4,581.5,249.9995502,-8.20458567,-0.03276924785508576,stop_loss,2160,False
BTC/USDT,2024-05-15 13:00:00+00:00,2024-05-16 17:00:00+00:00,63751.9,64785.4,249.99988826,3.29673968,0.013167213793619015,trailing_stop_loss,1680,False
ETH/USDT,2024-05-15 13:00:00+00:00,2024-05-20 01:00:00+00:00,2946.98,3052.57,249.99820736,8.19398014,0.03272706498591131,trailing_stop_loss,6480,False
ETH/USDT,2024-05-20 20:00:00+00:00,2024-05-20 21:00:00+00:00,3438.58,3539.53,249.99852032,6.57846404,0.026274600005260655,trailing_stop_loss,60,False
BNB/USDT,2024-05-21 01:00:00+00:00,2024-05-21 07:00:00+00:00,602.7,612.8,249.99996,3.4331959,0.013712217471039168,trailing_stop_loss,360,False
BNB/USDT,2024-05-21 08:00:00+00:00,2024-05-21 12:00:00+00:00,630.1,611.2,249.9997362,-8.23755281,-0.03290089466709894,stop_loss,240,False
BTC/USDT,2024-05-20 20:00:00+00:00,2024-05-23 13:00:00+00:00,70009.5,67909.3,249.99972393,-8.23843783,-0.03290443106361327,stop_loss,3900,False
ETH/USDT,2024-05-23 13:00:00+00:00,2024-05-23 13:00:00+00:00,3865.41,3749.45,249.99925716,-8.23857699,-0.03290504830694304,stop_loss,0,False
ETH/USDT,2024-05-23 22:00:00+00:00,2024-05-24 05:00:00+00:00,3843.01,3727.72,249.99932953,-8.23870842,-0.032905563715573016,stop_loss,420,False
ETH/USDT,2024-05-27 03:00:00+00:00,2024-05-28 18:00:00+00:00,3914.7,3797.26,249.9966567,-8.23857606,-0.032905386870090036,stop_loss,2340,False
BNB/USDT,2024-05-30 19:00:00+00:00,2024-06-03 06:00:00+00:00,599.8,619.9,249.999639,7.61521491,0.030415280704488103,trailing_stop_loss,4980,False
BNB/USDT,2024-06-03 07:00:00+00:00,2024-06-05 01:00:00+00:00,628.5,697.7,249.999702,26.73453456,0.10677809856256888,trailing_stop_loss,2520,False
BNB/USDT,2024-06-05 02:00:00+00:00,2024-06-07 18:00:00+00:00,705.3,684.2,249.9999327,-8.21786607,-0.03282223976934655,stop_loss,3840,False
BTC/USDT,2024-06-03 14:00:00+00:00,2024-06-11 04:00:00+00:00,69784.2,67690.7,249.99980297,-8.2386505,-0.03290527006657426,stop_loss,10920,False
BTC/USDT,2024-06-12 13:00:00+00:00,2024-06-12 19:00:00+00:00,69330.5,67250.6,249.99954325,-8.23868094,-0.032905425828987735,stop_loss,360,False
ETH/USDT,2024-06-12 13:00:00+00:00,2024-06-12 19:00:00+00:00,3638.04,3528.9,249.99883272,-8.23862919,-0.03290531266032125,stop_loss,360,False
SOL/USDT,2024-06-12 13:00:00+00:00,2024-06-12 19:00:00+00:00,158.84,154.08,249.9998644,-8.23057348,-0.03287300227365143,stop_loss,360,False
BNB/USDT,2024-06-12 13:00:00+00:00,2024-06-13 02:00:00+00:00,625.1,606.4,249.9999936,-8.21758498,-0.03282110909783397,stop_loss,780,False
ETH/USDT,2024-06-16 23:00:00+00:00,2024-06-17 09:00:00+00:00,3628.99,3520.13,249.99749211,-8.23800013,-0.032902976618358865,stop_loss,600,False
ETH/USDT,2024-07-01 02:00:00+00:00,2024-07-02 14:00:00+00:00,3518.62,3413.07,249.997951,-8.23807236,-0.032903204712109654,stop_loss,2160,False
SOL/USDT,2024-07-02 19:00:00+00:00,2024-07-03 04:00:00+00:00,152.93,148.35,249.99987062,-8.22585071,-0.03285413866018757,stop_loss,540,False
ETH/USDT,2024-07-15 03:00:00+00:00,2024-07-16 06:00:00+00:00,3331.44,3393.89,249.99792048,3.92934958,0.015693988077547797,trailing_stop_loss,1620,False
BTC/USDT,2024-07-15 03:00:00+00:00,2024-07-17 16:00:00+00:00,62489.1,64134.0,249.99951748,5.82086533,0.023248633309159154,trailing_stop_loss,3660,False
SOL/USDT,2024-07-20 18:00:00+00:00,2024-07-21 20:00:00+00:00,174.23,179.45,249.99983932,6.72885982,0.026875143863307294,trailing_stop_loss,1560,False
SOL/USDT,2024-07-21 21:00:00+00:00,2024-07-22 08:00:00+00:00,182.37,176.9,249.99990843,-8.23724132,-0.03289962790669139,stop_loss,660,False
BTC/USDT,2024-07-20 18:00:00+00:00,2024-07-24 21:00:00+00:00,67405.8,65383.7,249.99934945,-8.23845452,-0.03290454701265683,stop_loss,5940,False
BNB/USDT,2024-07-19 15:00:00+00:00,2024-07-25 01:00:00+00:00,582.6,565.2,249.999486,-8.20531269,-0.03277216000062936,stop_loss,7800,False
BTC/USDT,2024-07-27 14:00:00+00:00,2024-07-27 20:00:00+00:00,69234.4,67157.4,249.99987965,-8.23863066,-0.032905180733478256,stop_loss,360,False
BTC/USDT,2024-07-29 14:00:00+00:00,2024-07-29 16:00:00+00:00,69270.9,67192.8,249.99937081,-8.23863197,-0.03290525293956879,stop_loss,120,False
BNB/USDT,2024-07-29 13:00:00+00:00,2024-07-29 17:00:00+00:00,592.1,574.4,249.9994225,-8.21217069,-0.032799559301679944,stop_loss,240,False
BNB/USDT,2024-07-31 15:00:00+00:00,2024-08-01 02:00:00+00:00,588.1,570.5,249.9995457,-8.22048328,-0.03283274375752117,stop_loss,660,False
BTC/USDT,2024-08-20 01:00:00+00:00,2024-08-20 16:00:00+00:00,60483.9,58669.4,249.99991839,-8.23867715,-0.0329053613161598,stop_loss,900,False
SOL/USDT,2024-08-18 11:00:00+00:00,2024-08-21 13:00:00+00:00,143.97,139.66,249.99987384,-8.22296765,-0.03284262326366645,stop_loss,4440,False
ETH/USDT,2024-08-23 15:00:00+00:00,2024-08-24 21:00:00+00:00,2650.21,2735.79,249.99960972,7.31082433,0.02919954365688226,trailing_stop_loss,1800,False
BTC/USDT,2024-08-23 19:00:00+00:00,2024-08-27 21:00:00+00:00,63155.0,61260.4,249.99969905,-8.23854245,-0.03290485219198938,stop_loss,5880,False
BNB/USDT,2024-08-29 13:00:00+00:00,2024-08-30 15:00:00+00:00,544.0,527.7,249.999552,-8.22955786,-0.03286898694915272,stop_loss,1560,False
BTC/USDT,2024-09-09 17:00:00+00:00,2024-09-15 23:00:00+00:00,56430.5,58825.4,249.99952971,9.84402039,0.03931717986305435,trailing_stop_loss,9000,False
ETH/USDT,2024-09-17 15:00:00+00:00,2024-09-22 14:00:00+00:00,2346.4,2554.14,249.9995344,21.35066664,0.08527491324435589,trailing_stop_loss,7140,False
BNB/USDT,2024-09-12 03:00:00+00:00,2024-09-22 22:00:00+00:00,540.6,576.7,249.9999294,15.9193675,0.06358211481030714,trailing_stop_loss,15540,False
BTC/USDT,2024-09-17 15:00:00+00:00,2024-09-24 00:00:00+00:00,60276.0,62807.5,249.99953208,9.73385078,0.03887716025437015,trailing_stop_loss,9180,False
BTC/USDT,2024-09-27 15:00:00+00:00,2024-09-30 03:00:00+00:00,66243.8,64256.5,249.99946413,-8.23867958,-0.03290543081118698,stop_loss,3600,False
SOL/USDT,2024-09-26 16:00:00+00:00,2024-09-30 23:00:00+00:00,157.11,152.4,249.99987351,-8.23350261,-0.03288470005322052,stop_loss,6180,False
SOL/USDT,2024-10-07 15:00:00+00:00,2024-10-07 18:00:00+00:00,150.5,145.99,249.9999145,-8.230454,-0.03287251848154261,stop_loss,180,False
ETH/USDT,2024-10-07 01:00:00+00:00,2024-10-07 22:00:00+00:00,2488.99,2414.33,249.99913358,-8.23774862,-0.032901756043932424,stop_loss,1260,False
BTC/USDT,2024-10-07 01:00:00+00:00,2024-10-09 12:00:00+00:00,63684.6,61774.1,249.99962891,-8.23858882,-0.03290504662573354,stop_loss,3540,False
BTC/USDT,2024-10-11 16:00:00+00:00,2024-10-15 14:00:00+00:00,62267.2,65743.7,249.99969464,13.18703763,0.05266921113208155,trailing_stop_loss,5640,False
ETH/USDT,2024-10-14 15:00:00+00:00,2024-10-15 15:00:00+00:00,2622.59,2543.92,249.99839175,-8.2379641,-0.0329027143091921,stop_loss,1440,False
ETH/USDT,2024-10-20 23:00:00+00:00,2024-10-21 13:00:00+00:00,2747.65,2665.23,249.9976829,-8.23781057,-0.0329021943965298,stop_loss,840,False
SOL/USDT,2024-10-20 23:00:00+00:00,2024-10-21 13:00:00+00:00,166.72,161.72,249.9999744,-8.23635352,-0.03289607334359535,stop_loss,840,False
BTC/USDT,2024-10-18 15:00:00+00:00,2024-10-23 09:00:00+00:00,68430.1,66377.2,249.99979014,-8.23873214,-0.03290559782749449,stop_loss,6840,False
BTC/USDT,2024-10-27 23:00:00+00:00,2024-10-30 13:00:00+00:00,68121.8,71440.5,249.9995126,11.41099651,0.04557571146013332,trailing_stop_loss,3720,False
ETH/USDT,2024-11-06 03:00:00+00:00,2024-11-07 01:00:00+00:00,2568.48,2752.1,249.99786384,17.09548344,0.06828009791712346,trailing_stop_loss,1320,False
SOL/USDT,2024-11-06 04:00:00+00:00,2024-11-08 15:00:00+00:00,184.93,198.99,249.99983966,18.22866943,0.07280551621027229,trailing_stop_loss,3540,False
BTC/USDT,2024-11-06 04:00:00+00:00,2024-11-10 04:00:00+00:00,74356.0,77162.2,249.9997432,8.6708539,0.03463150397088477,trailing_stop_loss,5760,False
ETH/USDT,2024-11-10 06:00:00+00:00,2024-11-10 21:00:00+00:00,3180.89,3085.47,249.99886866,-8.23818693,-0.03290354153142412,stop_loss,900,False
BTC/USDT,2024-11-10 05:00:00+00:00,2024-11-12 00:00:00+00:00,79192.0,86887.8,249.99964096,23.50827611,0.09389240088544905,trailing_stop_loss,2580,False
BNB/USDT,2024-11-23 08:00:00+00:00,2024-11-23 20:00:00+00:00,665.0,645.1,249.999435,-8.21996263,-0.03283067881041449,stop_loss,720,False
BNB/USDT,2024-12-03 23:00:00+00:00,2024-12-04 00:00:00+00:00,736.8,747.6,249.999924,2.90899749,0.01161856564886872,trailing_stop_loss,60,False
BTC/USDT,2024-12-05 03:00:00+00:00,2024-12-05 20:00:00+00:00,101255.9,98218.3,249.99980454,-8.23855373,-0.03290488335977206,stop_loss,1020,False
BNB/USDT,2024-12-06 17:00:00+00:00,2024-12-09 02:00:00+00:00,742.7,720.5,249.9995043,-8.21150923,-0.03279690668722031,stop_loss,3420,False
ETH/USDT,2024-12-12 14:00:00+00:00,2024-12-18 04:00:00+00:00,3942.4,3824.13,249.9994112,-8.23860396,-0.03290513575079679,stop_loss,8040,False
BNB/USDT,2024-12-12 01:00:00+00:00,2024-12-18 20:00:00+00:00,715.9,694.5,249.999439,-8.21188268,-0.03279840681979465,stop_loss,9780,False
BTC/USDT,2024-12-16 00:00:00+00:00,2024-12-18 20:00:00+00:00,104477.5,101343.2,249.99898587,-8.23865685,-0.03290540297652354,stop_loss,4080,False
SOL/USDT,2024-12-21 08:00:00+00:00,2024-12-21 11:00:00+00:00,198.75,192.79,249.99987375,-8.2356059,-0.032893100585054735,stop_loss,180,False
