timestamp_ms,timestamp_utc,currency,taker_buy_volume_usd,taker_sell_volume_usd,fetched_at_utc,source_url
1773072000000,2026-03-09T16:00:00+00:00,XRP,112502877.8586,115790040.8072,2026-09-04T21:11:00.644711Z,https://www.okx.com/api/v5/rubik/stat/taker-volume?ccy=XRP&period=1D&instType=CONTRACTS
1773158400000,2026-03-10T16:00:00+00:00,XRP,136009391.6893,142984001.5948,2026-09-04T21:11:00.644711Z,https://www.okx.com/api/v5/rubik/stat/taker-volume?ccy=XRP&period=1D&instType=CONTRACTS
1773244800000,2026-03-11T16:00:00+00:00,XRP,112142252.0652,105895260.7053,2026-09-04T21:11:00.644711Z,https://www.okx.com/api/v5/rubik/stat/taker-volume?ccy=XRP&period=1D&instType=CONTRACTS
1773331200000,2026-03-12T16:00:00+00:00,XRP,98671117.5491,91875600.3884,2026-09-04T21:11:00.644711Z,https://www.okx.com/api/v5/rubik/stat/taker-volume?ccy=XRP&period=1D&instType=CONTRACTS
1773417600000,2026-03-13T16:00:00+00:00,XRP,138463435.5504,151031780.1419,2026-09-04T21:11:00.644711Z,https://www.okx.com/api/v5/rubik/stat/taker-volume?ccy=XRP&period=1D&instType=CONTRACTS
1773504000000,2026-03-14T16:00:00+00:00,XRP,76732074.0427,70769229.6303,2026-09-04T21:11:00.644711Z,https://www.okx.com/api/v5/rubik/stat/taker-volume?ccy=XRP&period=1D&instType=CONTRACTS
1773590400000,2026-03-15T16:00:00+00:00,XRP,66229819.9811,69017201.7444,2026-09-04T21:11:00.644711Z,https://www.okx.com/api/v5/rubik/stat/taker-volume?ccy=XRP&period=1D&instType=CONTRACTS
1773676800000,2026-03-16T16:00:00+00:00,XRP,171483219.9737,190816827.3647,2026-09-04T21:11:00.644711Z,https://www.okx.com/api/v5/rubik/stat/taker-volume?ccy=XRP&period=1D&instType=CONTRACTS
1773763200000,2026-03-17T16:00:00+00:00,XRP,281210848.7508,284168506.7906,2026-09-04T21:11:00.644711Z,https://www.okx.com/api/v5/rubik/stat/taker-volume?ccy=XRP&period=1D&instType=CONTRACTS
1773849600000,2026-03-18T16:00:00+00:00,XRP,194247988.5783,177319418.4091,2026-09-04T21:11:00.644711Z,https://www.okx.com/api/v5/rubik/stat/taker-volume?ccy=XRP&period=1D&instType=CONTRACTS
1773936000000,2026-03-19T16:00:00+00:00,XRP,148180626.4768,146170192.6848,2026-09-04T21:11:00.644711Z,https://www.okx.com/api/v5/rubik/stat/taker-volume?ccy=XRP&period=1D&instType=CONTRACTS
1774022400000,2026-03-20T16:00:00+00:00,XRP,93183614.3573,91754013.3089,2026-09-04T21:11:00.644711Z,https://www.okx.com/api/v5/rubik/stat/taker-volume?ccy=XRP&period=1D&instType=CONTRACTS
1774108800000,2026-03-21T16:00:00+00:00,XRP,54908996.6106,54825854.2008,2026-09-04T21:11:00.644711Z,https://www.okx.com/api/v5/rubik/stat/taker-volume?ccy=XRP&period=1D&instType=CONTRACTS
1774195200000,2026-03-22T16:00:00+00:00,XRP,94457952.1423,79562379.5249,2026-09-04T21:11:00.644711Z,https://www.okx.com/api/v5/rubik/stat/taker-volume?ccy=XRP&period=1D&instType=CONTRACTS
1774281600000,2026-03-23T16:00:00+00:00,XRP,186752762.4332,189125358.6883,2026-09-04T21:11:00.644711Z,https://www.okx.com/api/v5/rubik/stat/taker-volume?ccy=XRP&period=1D&instType=CONTRACTS
1774368000000,2026-03-24T16:00:00+00:00,XRP,104739155.673,101733433.9442,2026-09-04T21:11:00.644711Z,https://www.okx.com/api/v5/rubik/stat/taker-volume?ccy=XRP&period=1D&instType=CONTRACTS
1774454400000,2026-03-25T16:00:00+00:00,XRP,109034151.3491,108923418.8045,2026-09-04T21:11:00.644711Z,https://www.okx.com/api/v5/rubik/stat/taker-volume?ccy=XRP&period=1D&instType=CONTRACTS
1774540800000,2026-03-26T16:00:00+00:00,XRP,95976984.6674,82849764.6423,2026-09-04T21:11:00.644711Z,https://www.okx.com/api/v5/rubik/stat/taker-volume?ccy=XRP&period=1D&instType=CONTRACTS
1774627200000,2026-03-27T16:00:00+00:00,XRP,153241325.527,146694092.2592,2026-09-04T21:11:00.644711Z,https://www.okx.com/api/v5/rubik/stat/taker-volume?ccy=XRP&period=1D&instType=CONTRACTS
1774713600000,2026-03-28T16:00:00+00:00,XRP,74219384.018,78314132.5814,2026-09-04T21:11:00.644711Z,https://www.okx.com/api/v5/rubik/stat/taker-volume?ccy=XRP&period=1D&instType=CONTRACTS
1774800000000,2026-03-29T16:00:00+00:00,XRP,60152346.5345,56373541.7274,2026-09-04T21:11:00.644711Z,https://www.okx.com/api/v5/rubik/stat/taker-volume?ccy=XRP&period=1D&instType=CONTRACTS
1774886400000,2026-03-30T16:00:00+00:00,XRP,132716162.8067,133014779.1828,2026-09-04T21:11:00.644711Z,https://www.okx.com/api/v5/rubik/stat/taker-volume?ccy=XRP&period=1D&instType=CONTRACTS
1774972800000,2026-03-31T16:00:00+00:00,XRP,127111172.1813,114775942.4651,2026-09-04T21:11:00.644711Z,https://www.okx.com/api/v5/rubik/stat/taker-volume?ccy=XRP&period=1D&instType=CONTRACTS
1775059200000,2026-04-01T16:00:00+00:00,XRP,106136596.7005,114939485.9257,2026-09-04T21:11:00.644711Z,https://www.okx.com/api/v5/rubik/stat/taker-volume?ccy=XRP&period=1D&instType=CONTRACTS
1775145600000,2026-04-02T16:00:00+00:00,XRP,134052604.0196,114026479.4155,2026-09-04T21:11:00.644711Z,https://www.okx.com/api/v5/rubik/stat/taker-volume?ccy=XRP&period=1D&instType=CONTRACTS
1775232000000,2026-04-03T16:00:00+00:00,XRP,101581818.1973,106195117.4819,2026-09-04T21:11:00.644711Z,https://www.okx.com/api/v5/rubik/stat/taker-volume?ccy=XRP&period=1D&instType=CONTRACTS
1775318400000,2026-04-04T16:00:00+00:00,XRP,63529588.4273,61280083.031,2026-09-04T21:11:00.644711Z,https://www.okx.com/api/v5/rubik/stat/taker-volume?ccy=XRP&period=1D&instType=CONTRACTS
1775404800000,2026-04-05T16:00:00+00:00,XRP,101383205.3522,96107118.5897,2026-09-04T21:11:00.644711Z,https://www.okx.com/api/v5/rubik/stat/taker-volume?ccy=XRP&period=1D&instType=CONTRACTS
1775491200000,2026-04-06T16:00:00+00:00,XRP,109704739.91,119553103.4568,2026-09-04T21:11:00.644711Z,https://www.okx.com/api/v5/rubik/stat/taker-volume?ccy=XRP&period=1D&instType=CONTRACTS
1775577600000,2026-04-07T16:00:00+00:00,XRP,105916580.9521,97390872.17,2026-09-04T21:11:00.644711Z,https://www.okx.com/api/v5/rubik/stat/taker-volume?ccy=XRP&period=1D&instType=CONTRACTS
1775664000000,2026-04-08T16:00:00+00:00,XRP,170417326.2239,177671846.1491,2026-09-04T21:11:00.644711Z,https://www.okx.com/api/v5/rubik/stat/taker-volume?ccy=XRP&period=1D&instType=CONTRACTS
1775750400000,2026-04-09T16:00:00+00:00,XRP,103258262.8813,102878847.157,2026-09-04T21:11:00.644711Z,https://www.okx.com/api/v5/rubik/stat/taker-volume?ccy=XRP&period=1D&instType=CONTRACTS
1775836800000,2026-04-10T16:00:00+00:00,XRP,109433251.9359,103098112.0293,2026-09-04T21:11:00.644711Z,https://www.okx.com/api/v5/rubik/stat/taker-volume?ccy=XRP&period=1D&instType=CONTRACTS
1775923200000,2026-04-11T16:00:00+00:00,XRP,67194037.8601,62459532.6385,2026-09-04T21:11:00.644711Z,https://www.okx.com/api/v5/rubik/stat/taker-volume?ccy=XRP&period=1D&instType=CONTRACTS
1776009600000,2026-04-12T16:00:00+00:00,XRP,102009545.8229,96426629.1039,2026-09-04T21:11:00.644711Z,https://www.okx.com/api/v5/rubik/stat/taker-volume?ccy=XRP&period=1D&instType=CONTRACTS
1776096000000,2026-04-13T16:00:00+00:00,XRP,74385920.0438,68090707.0752,2026-09-04T21:11:00.644711Z,https://www.okx.com/api/v5/rubik/stat/taker-volume?ccy=XRP&period=1D&instType=CONTRACTS
1776182400000,2026-04-14T16:00:00+00:00,XRP,117300110.2335,132458993.5862,2026-09-04T21:11:00.644711Z,https://www.okx.com/api/v5/rubik/stat/taker-volume?ccy=XRP&period=1D&instType=CONTRACTS
1776268800000,2026-04-15T16:00:00+00:00,XRP,86683868.8683,79535624.6899,2026-09-04T21:11:00.644711Z,https://www.okx.com/api/v5/rubik/stat/taker-volume?ccy=XRP&period=1D&instType=CONTRACTS
1776355200000,2026-04-16T16:00:00+00:00,XRP,118469200.98,125048046.295,2026-09-04T21:11:00.644711Z,https://www.okx.com/api/v5/rubik/stat/taker-volume?ccy=XRP&period=1D&instType=CONTRACTS
1776441600000,2026-04-17T16:00:00+00:00,XRP,135488480.651,139750118.564,2026-09-04T21:11:00.644711Z,https://www.okx.com/api/v5/rubik/stat/taker-volume?ccy=XRP&period=1D&instType=CONTRACTS
1776528000000,2026-04-18T16:00:00+00:00,XRP,107873143.917,104860953.482,2026-09-04T21:11:00.644711Z,https://www.okx.com/api/v5/rubik/stat/taker-volume?ccy=XRP&period=1D&instType=CONTRACTS
1776614400000,2026-04-19T16:00:00+00:00,XRP,113672144.603,104567320.443,2026-09-04T21:11:00.644711Z,https://www.okx.com/api/v5/rubik/stat/taker-volume?ccy=XRP&period=1D&instType=CONTRACTS
1776700800000,2026-04-20T16:00:00+00:00,XRP,123409004.035,117188012.211,2026-09-04T21:11:00.644711Z,https://www.okx.com/api/v5/rubik/stat/taker-volume?ccy=XRP&period=1D&instType=CONTRACTS
1776787200000,2026-04-21T16:00:00+00:00,XRP,90732472.097,89329754.48,2026-09-04T21:11:00.644711Z,https://www.okx.com/api/v5/rubik/stat/taker-volume?ccy=XRP&period=1D&instType=CONTRACTS
1776873600000,2026-04-22T16:00:00+00:00,XRP,98502280.413,98278860.5,2026-09-04T21:11:00.644711Z,https://www.okx.com/api/v5/rubik/stat/taker-volume?ccy=XRP&period=1D&instType=CONTRACTS
1776960000000,2026-04-23T16:00:00+00:00,XRP,86501799.793,80356382.027,2026-09-04T21:11:00.644711Z,https://www.okx.com/api/v5/rubik/stat/taker-volume?ccy=XRP&period=1D&instType=CONTRACTS
1777046400000,2026-04-24T16:00:00+00:00,XRP,106979837.456,107677053.209,2026-09-04T21:11:00.644711Z,https://www.okx.com/api/v5/rubik/stat/taker-volume?ccy=XRP&period=1D&instType=CONTRACTS
1777132800000,2026-04-25T16:00:00+00:00,XRP,48229982.338,48482735.936,2026-09-04T21:11:00.644711Z,https://www.okx.com/api/v5/rubik/stat/taker-volume?ccy=XRP&period=1D&instType=CONTRACTS
1777219200000,2026-04-26T16:00:00+00:00,XRP,48392418.23,46596114.082,2026-09-04T21:11:00.644711Z,https://www.okx.com/api/v5/rubik/stat/taker-volume?ccy=XRP&period=1D&instType=CONTRACTS
1777305600000,2026-04-27T16:00:00+00:00,XRP,124851968.671,119071751.086,2026-09-04T21:11:00.644711Z,https://www.okx.com/api/v5/rubik/stat/taker-volume?ccy=XRP&period=1D&instType=CONTRACTS
1777392000000,2026-04-28T16:00:00+00:00,XRP,72371901.305,73925149.913,2026-09-04T21:11:00.644711Z,https://www.okx.com/api/v5/rubik/stat/taker-volume?ccy=XRP&period=1D&instType=CONTRACTS
1777478400000,2026-04-29T16:00:00+00:00,XRP,90601417.716,90751358.244,2026-09-04T21:11:00.644711Z,https://www.okx.com/api/v5/rubik/stat/taker-volume?ccy=XRP&period=1D&instType=CONTRACTS
1777564800000,2026-04-30T16:00:00+00:00,XRP,89403354.204,88516298.17,2026-09-04T21:11:00.644711Z,https://www.okx.com/api/v5/rubik/stat/taker-volume?ccy=XRP&period=1D&instType=CONTRACTS
1777651200000,2026-05-01T16:00:00+00:00,XRP,68032699.096,68658102.24,2026-09-04T21:11:00.644711Z,https://www.okx.com/api/v5/rubik/stat/taker-volume?ccy=XRP&period=1D&instType=CONTRACTS
1777737600000,2026-05-02T16:00:00+00:00,XRP,45786188.108,48009549.628,2026-09-04T21:11:00.644711Z,https://www.okx.com/api/v5/rubik/stat/taker-volume?ccy=XRP&period=1D&instType=CONTRACTS
1777824000000,2026-05-03T16:00:00+00:00,XRP,49329144.965,48356545.148,2026-09-04T21:11:00.644711Z,https://www.okx.com/api/v5/rubik/stat/taker-volume?ccy=XRP&period=1D&instType=CONTRACTS
1777910400000,2026-05-04T16:00:00+00:00,XRP,121990855.959,125207382.149,2026-09-04T21:11:00.644711Z,https://www.okx.com/api/v5/rubik/stat/taker-volume?ccy=XRP&period=1D&instType=CONTRACTS
1777996800000,2026-05-05T16:00:00+00:00,XRP,75910047.27,71559565.554,2026-09-04T21:11:00.644711Z,https://www.okx.com/api/v5/rubik/stat/taker-volume?ccy=XRP&period=1D&instType=CONTRACTS
1778083200000,2026-05-06T16:00:00+00:00,XRP,110654878.137,125793777.729,2026-09-04T21:11:00.644711Z,https://www.okx.com/api/v5/rubik/stat/taker-volume?ccy=XRP&period=1D&instType=CONTRACTS
1778169600000,2026-05-07T16:00:00+00:00,XRP,93740215.908,87217087.61,2026-09-04T21:11:00.644711Z,https://www.okx.com/api/v5/rubik/stat/taker-volume?ccy=XRP&period=1D&instType=CONTRACTS
1778256000000,2026-05-08T16:00:00+00:00,XRP,85938639.119,78217705.436,2026-09-04T21:11:00.644711Z,https://www.okx.com/api/v5/rubik/stat/taker-volume?ccy=XRP&period=1D&instType=CONTRACTS
1778342400000,2026-05-09T16:00:00+00:00,XRP,101468956.831,102941173.113,2026-09-04T21:11:00.644711Z,https://www.okx.com/api/v5/rubik/stat/taker-volume?ccy=XRP&period=1D&instType=CONTRACTS
1778428800000,2026-05-10T16:00:00+00:00,XRP,88439232.315,90505178.276,2026-09-04T21:11:00.644711Z,https://www.okx.com/api/v5/rubik/stat/taker-volume?ccy=XRP&period=1D&instType=CONTRACTS
1778515200000,2026-05-11T16:00:00+00:00,XRP,236422869.571,244286649.752,2026-09-04T21:11:00.644711Z,https://www.okx.com/api/v5/rubik/stat/taker-volume?ccy=XRP&period=1D&instType=CONTRACTS
1778601600000,2026-05-12T16:00:00+00:00,XRP,158024011.627,142892970.857,2026-09-04T21:11:00.644711Z,https://www.okx.com/api/v5/rubik/stat/taker-volume?ccy=XRP&period=1D&instType=CONTRACTS
1778688000000,2026-05-13T16:00:00+00:00,XRP,135146113.67,129347880.998,2026-09-04T21:11:00.644711Z,https://www.okx.com/api/v5/rubik/stat/taker-volume?ccy=XRP&period=1D&instType=CONTRACTS
1778774400000,2026-05-14T16:00:00+00:00,XRP,131716578.259,125630112.592,2026-09-04T21:11:00.644711Z,https://www.okx.com/api/v5/rubik/stat/taker-volume?ccy=XRP&period=1D&instType=CONTRACTS
1778860800000,2026-05-15T16:00:00+00:00,XRP,264756637.616,259717088.411,2026-09-04T21:11:00.644711Z,https://www.okx.com/api/v5/rubik/stat/taker-volume?ccy=XRP&period=1D&instType=CONTRACTS
1778947200000,2026-05-16T16:00:00+00:00,XRP,131766139.563,121217650.121,2026-09-04T21:11:00.644711Z,https://www.okx.com/api/v5/rubik/stat/taker-volume?ccy=XRP&period=1D&instType=CONTRACTS
1779033600000,2026-05-17T16:00:00+00:00,XRP,77877307.803,77307068.895,2026-09-04T21:11:00.644711Z,https://www.okx.com/api/v5/rubik/stat/taker-volume?ccy=XRP&period=1D&instType=CONTRACTS
1779120000000,2026-05-18T16:00:00+00:00,XRP,151442609.796,137115475.265,2026-09-04T21:11:00.644711Z,https://www.okx.com/api/v5/rubik/stat/taker-volume?ccy=XRP&period=1D&instType=CONTRACTS
1779206400000,2026-05-19T16:00:00+00:00,XRP,106249253.828,96755897.83,2026-09-04T21:11:00.644711Z,https://www.okx.com/api/v5/rubik/stat/taker-volume?ccy=XRP&period=1D&instType=CONTRACTS
1779292800000,2026-05-20T16:00:00+00:00,XRP,79950540.604,78460591.522,2026-09-04T21:11:00.644711Z,https://www.okx.com/api/v5/rubik/stat/taker-volume?ccy=XRP&period=1D&instType=CONTRACTS
1779379200000,2026-05-21T16:00:00+00:00,XRP,89293382.021,89026436.072,2026-09-04T21:11:00.644711Z,https://www.okx.com/api/v5/rubik/stat/taker-volume?ccy=XRP&period=1D&instType=CONTRACTS
1779465600000,2026-05-22T16:00:00+00:00,XRP,84747753.465,81343881.301,2026-09-04T21:11:00.644711Z,https://www.okx.com/api/v5/rubik/stat/taker-volume?ccy=XRP&period=1D&instType=CONTRACTS
1779552000000,2026-05-23T16:00:00+00:00,XRP,147592822.782,130208206.95,2026-09-04T21:11:00.644711Z,https://www.okx.com/api/v5/rubik/stat/taker-volume?ccy=XRP&period=1D&instType=CONTRACTS
1779638400000,2026-05-24T16:00:00+00:00,XRP,77764499.005,76504526.711,2026-09-04T21:11:00.644711Z,https://www.okx.com/api/v5/rubik/stat/taker-volume?ccy=XRP&period=1D&instType=CONTRACTS
1779724800000,2026-05-25T16:00:00+00:00,XRP,61583792.625,63425712.538,2026-09-04T21:11:00.644711Z,https://www.okx.com/api/v5/rubik/stat/taker-volume?ccy=XRP&period=1D&instType=CONTRACTS
1779811200000,2026-05-26T16:00:00+00:00,XRP,66254944.509,66696815.733,2026-09-04T21:11:00.644711Z,https://www.okx.com/api/v5/rubik/stat/taker-volume?ccy=XRP&period=1D&instType=CONTRACTS
1779897600000,2026-05-27T16:00:00+00:00,XRP,109897830.343,103960694.977,2026-09-04T21:11:00.644711Z,https://www.okx.com/api/v5/rubik/stat/taker-volume?ccy=XRP&period=1D&instType=CONTRACTS
1779984000000,2026-05-28T16:00:00+00:00,XRP,132101299.667,119352493.905,2026-09-04T21:11:00.644711Z,https://www.okx.com/api/v5/rubik/stat/taker-volume?ccy=XRP&period=1D&instType=CONTRACTS
1780070400000,2026-05-29T16:00:00+00:00,XRP,92795474.306,90917531.631,2026-09-04T21:11:00.644711Z,https://www.okx.com/api/v5/rubik/stat/taker-volume?ccy=XRP&period=1D&instType=CONTRACTS
1780156800000,2026-05-30T16:00:00+00:00,XRP,108629129.128,112529409.509,2026-09-04T21:11:00.644711Z,https://www.okx.com/api/v5/rubik/stat/taker-volume?ccy=XRP&period=1D&instType=CONTRACTS
1780243200000,2026-05-31T16:00:00+00:00,XRP,77425578.804,68380833.96,2026-09-04T21:11:00.644711Z,https://www.okx.com/api/v5/rubik/stat/taker-volume?ccy=XRP&period=1D&instType=CONTRACTS
1780329600000,2026-06-01T16:00:00+00:00,XRP,116345806.816,101061596.899,2026-09-04T21:11:00.644711Z,https://www.okx.com/api/v5/rubik/stat/taker-volume?ccy=XRP&period=1D&instType=CONTRACTS
1780416000000,2026-06-02T16:00:00+00:00,XRP,138307576.951,121896311.977,2026-09-04T21:11:00.644711Z,https://www.okx.com/api/v5/rubik/stat/taker-volume?ccy=XRP&period=1D&instType=CONTRACTS
1780502400000,2026-06-03T16:00:00+00:00,XRP,139382514.296,131547924.178,2026-09-04T21:11:00.644711Z,https://www.okx.com/api/v5/rubik/stat/taker-volume?ccy=XRP&period=1D&instType=CONTRACTS
1780588800000,2026-06-04T16:00:00+00:00,XRP,191406683.2,172561465.022,2026-09-04T21:11:00.644711Z,https://www.okx.com/api/v5/rubik/stat/taker-volume?ccy=XRP&period=1D&instType=CONTRACTS
1780675200000,2026-06-05T16:00:00+00:00,XRP,175416016.274,157371722.635,2026-09-04T21:11:00.644711Z,https://www.okx.com/api/v5/rubik/stat/taker-volume?ccy=XRP&period=1D&instType=CONTRACTS
1780761600000,2026-06-06T16:00:00+00:00,XRP,189790516.176,180846215.567,2026-09-04T21:11:00.644711Z,https://www.okx.com/api/v5/rubik/stat/taker-volume?ccy=XRP&period=1D&instType=CONTRACTS
1780848000000,2026-06-07T16:00:00+00:00,XRP,111074713.982,115250190.338,2026-09-04T21:11:00.644711Z,https://www.okx.com/api/v5/rubik/stat/taker-volume?ccy=XRP&period=1D&instType=CONTRACTS
1780934400000,2026-06-08T16:00:00+00:00,XRP,103906585.811,103887886.21,2026-09-04T21:11:00.644711Z,https://www.okx.com/api/v5/rubik/stat/taker-volume?ccy=XRP&period=1D&instType=CONTRACTS
1781020800000,2026-06-09T16:00:00+00:00,XRP,101666284.476,97797421.045,2026-09-04T21:11:00.644711Z,https://www.okx.com/api/v5/rubik/stat/taker-volume?ccy=XRP&period=1D&instType=CONTRACTS
1781107200000,2026-06-10T16:00:00+00:00,XRP,102290522.856,103989352.255,2026-09-04T21:11:00.644711Z,https://www.okx.com/api/v5/rubik/stat/taker-volume?ccy=XRP&period=1D&instType=CONTRACTS
1781193600000,2026-06-11T16:00:00+00:00,XRP,86939672.424,85556077.59,2026-09-04T21:11:00.644711Z,https://www.okx.com/api/v5/rubik/stat/taker-volume?ccy=XRP&period=1D&instType=CONTRACTS
1781280000000,2026-06-12T16:00:00+00:00,XRP,89212211.114,89308337.175,2026-09-04T21:11:00.644711Z,https://www.okx.com/api/v5/rubik/stat/taker-volume?ccy=XRP&period=1D&instType=CONTRACTS
1781366400000,2026-06-13T16:00:00+00:00,XRP,52340355.742,53187124.004,2026-09-04T21:11:00.644711Z,https://www.okx.com/api/v5/rubik/stat/taker-volume?ccy=XRP&period=1D&instType=CONTRACTS
1781452800000,2026-06-14T16:00:00+00:00,XRP,51094959.128,49833919.297,2026-09-04T21:11:00.644711Z,https://www.okx.com/api/v5/rubik/stat/taker-volume?ccy=XRP&period=1D&instType=CONTRACTS
1781539200000,2026-06-15T16:00:00+00:00,XRP,140406891.469,147382573.44,2026-09-04T21:11:00.644711Z,https://www.okx.com/api/v5/rubik/stat/taker-volume?ccy=XRP&period=1D&instType=CONTRACTS
1781625600000,2026-06-16T16:00:00+00:00,XRP,150726387.263,147046143.699,2026-09-04T21:11:00.644711Z,https://www.okx.com/api/v5/rubik/stat/taker-volume?ccy=XRP&period=1D&instType=CONTRACTS
1781712000000,2026-06-17T16:00:00+00:00,XRP,79283165.27,83169176.547,2026-09-04T21:11:00.644711Z,https://www.okx.com/api/v5/rubik/stat/taker-volume?ccy=XRP&period=1D&instType=CONTRACTS
1781798400000,2026-06-18T16:00:00+00:00,XRP,119549405.094,119453231.81,2026-09-04T21:11:00.644711Z,https://www.okx.com/api/v5/rubik/stat/taker-volume?ccy=XRP&period=1D&instType=CONTRACTS
1781884800000,2026-06-19T16:00:00+00:00,XRP,75102062.367,72189558.796,2026-09-04T21:11:00.644711Z,https://www.okx.com/api/v5/rubik/stat/taker-volume?ccy=XRP&period=1D&instType=CONTRACTS
1781971200000,2026-06-20T16:00:00+00:00,XRP,55866594.765,55346102.738,2026-09-04T21:11:00.644711Z,https://www.okx.com/api/v5/rubik/stat/taker-volume?ccy=XRP&period=1D&instType=CONTRACTS
1782057600000,2026-06-21T16:00:00+00:00,XRP,45447025.322,43539003.538,2026-09-04T21:11:00.644711Z,https://www.okx.com/api/v5/rubik/stat/taker-volume?ccy=XRP&period=1D&instType=CONTRACTS
1782144000000,2026-06-22T16:00:00+00:00,XRP,81796272.2762,76540779.0942,2026-09-04T21:11:00.644711Z,https://www.okx.com/api/v5/rubik/stat/taker-volume?ccy=XRP&period=1D&instType=CONTRACTS
1782230400000,2026-06-23T16:00:00+00:00,XRP,77658416.1304,65216734.0959,2026-09-04T21:11:00.644711Z,https://www.okx.com/api/v5/rubik/stat/taker-volume?ccy=XRP&period=1D&instType=CONTRACTS
1782316800000,2026-06-24T16:00:00+00:00,XRP,90739170.0929,74569977.1374,2026-09-04T21:11:00.644711Z,https://www.okx.com/api/v5/rubik/stat/taker-volume?ccy=XRP&period=1D&instType=CONTRACTS
1782403200000,2026-06-25T16:00:00+00:00,XRP,113878731.5426,102236679.8685,2026-09-04T21:11:00.644711Z,https://www.okx.com/api/v5/rubik/stat/taker-volume?ccy=XRP&period=1D&instType=CONTRACTS
1782489600000,2026-06-26T16:00:00+00:00,XRP,115340402.3771,108268930.514,2026-09-04T21:11:00.644711Z,https://www.okx.com/api/v5/rubik/stat/taker-volume?ccy=XRP&period=1D&instType=CONTRACTS
1782576000000,2026-06-27T16:00:00+00:00,XRP,68363926.6852,70596697.5424,2026-09-04T21:11:00.644711Z,https://www.okx.com/api/v5/rubik/stat/taker-volume?ccy=XRP&period=1D&instType=CONTRACTS
1782662400000,2026-06-28T16:00:00+00:00,XRP,55077286.5987,49448958.6075,2026-09-04T21:11:00.644711Z,https://www.okx.com/api/v5/rubik/stat/taker-volume?ccy=XRP&period=1D&instType=CONTRACTS
1782748800000,2026-06-29T16:00:00+00:00,XRP,81877158.9009,84492363.8489,2026-09-04T21:11:00.644711Z,https://www.okx.com/api/v5/rubik/stat/taker-volume?ccy=XRP&period=1D&instType=CONTRACTS
1782835200000,2026-06-30T16:00:00+00:00,XRP,75795659.121,76713286.4354,2026-09-04T21:11:00.644711Z,https://www.okx.com/api/v5/rubik/stat/taker-volume?ccy=XRP&period=1D&instType=CONTRACTS
1782921600000,2026-07-01T16:00:00+00:00,XRP,74481491.9936,70250175.9324,2026-09-04T21:11:00.644711Z,https://www.okx.com/api/v5/rubik/stat/taker-volume?ccy=XRP&period=1D&instType=CONTRACTS
1783008000000,2026-07-02T16:00:00+00:00,XRP,79981588.0596,89663392.588,2026-09-04T21:11:00.644711Z,https://www.okx.com/api/v5/rubik/stat/taker-volume?ccy=XRP&period=1D&instType=CONTRACTS
1783094400000,2026-07-03T16:00:00+00:00,XRP,59152542.4416,50153264.4451,2026-09-04T21:11:00.644711Z,https://www.okx.com/api/v5/rubik/stat/taker-volume?ccy=XRP&period=1D&instType=CONTRACTS
1783180800000,2026-07-04T16:00:00+00:00,XRP,99862756.6595,99150528.5377,2026-09-04T21:11:00.644711Z,https://www.okx.com/api/v5/rubik/stat/taker-volume?ccy=XRP&period=1D&instType=CONTRACTS
1783267200000,2026-07-05T16:00:00+00:00,XRP,79963813.4976,75160952.6431,2026-09-04T21:11:00.644711Z,https://www.okx.com/api/v5/rubik/stat/taker-volume?ccy=XRP&period=1D&instType=CONTRACTS
1783353600000,2026-07-06T16:00:00+00:00,XRP,110170164.171,104767555.1253,2026-09-04T21:11:00.644711Z,https://www.okx.com/api/v5/rubik/stat/taker-volume?ccy=XRP&period=1D&instType=CONTRACTS
1783440000000,2026-07-07T16:00:00+00:00,XRP,99898116.9814,94696198.685,2026-09-04T21:11:00.644711Z,https://www.okx.com/api/v5/rubik/stat/taker-volume?ccy=XRP&period=1D&instType=CONTRACTS
1783526400000,2026-07-08T16:00:00+00:00,XRP,104783308.6719,91784224.3384,2026-09-04T21:11:00.644711Z,https://www.okx.com/api/v5/rubik/stat/taker-volume?ccy=XRP&period=1D&instType=CONTRACTS
1783612800000,2026-07-09T16:00:00+00:00,XRP,63596724.3961,60149739.0923,2026-09-04T21:11:00.644711Z,https://www.okx.com/api/v5/rubik/stat/taker-volume?ccy=XRP&period=1D&instType=CONTRACTS
1783699200000,2026-07-10T16:00:00+00:00,XRP,47117863.1153,45588538.2045,2026-09-04T21:11:00.644711Z,https://www.okx.com/api/v5/rubik/stat/taker-volume?ccy=XRP&period=1D&instType=CONTRACTS
1783785600000,2026-07-11T16:00:00+00:00,XRP,31873509.3401,29942791.2513,2026-09-04T21:11:00.644711Z,https://www.okx.com/api/v5/rubik/stat/taker-volume?ccy=XRP&period=1D&instType=CONTRACTS
1783872000000,2026-07-12T16:00:00+00:00,XRP,45635294.3459,41140823.1451,2026-09-04T21:11:00.644711Z,https://www.okx.com/api/v5/rubik/stat/taker-volume?ccy=XRP&period=1D&instType=CONTRACTS
1783958400000,2026-07-13T16:00:00+00:00,XRP,71501898.243,65272448.9902,2026-09-04T21:11:00.644711Z,https://www.okx.com/api/v5/rubik/stat/taker-volume?ccy=XRP&period=1D&instType=CONTRACTS
1784044800000,2026-07-14T16:00:00+00:00,XRP,82925970.3777,87025166.6642,2026-09-04T21:11:00.644711Z,https://www.okx.com/api/v5/rubik/stat/taker-volume?ccy=XRP&period=1D&instType=CONTRACTS
1784131200000,2026-07-15T16:00:00+00:00,XRP,81099079.4397,85023847.0507,2026-09-04T21:11:00.644711Z,https://www.okx.com/api/v5/rubik/stat/taker-volume?ccy=XRP&period=1D&instType=CONTRACTS
1784217600000,2026-07-16T16:00:00+00:00,XRP,74794255.9389,66634526.3178,2026-09-04T21:11:00.644711Z,https://www.okx.com/api/v5/rubik/stat/taker-volume?ccy=XRP&period=1D&instType=CONTRACTS
1784304000000,2026-07-17T16:00:00+00:00,XRP,91336295.396,91860841.8172,2026-09-04T21:11:00.644711Z,https://www.okx.com/api/v5/rubik/stat/taker-volume?ccy=XRP&period=1D&instType=CONTRACTS
1784390400000,2026-07-18T16:00:00+00:00,XRP,49085984.9911,48767226.6206,2026-09-04T21:11:00.644711Z,https://www.okx.com/api/v5/rubik/stat/taker-volume?ccy=XRP&period=1D&instType=CONTRACTS
1784476800000,2026-07-19T16:00:00+00:00,XRP,41340056.1887,43450313.9242,2026-09-04T21:11:00.644711Z,https://www.okx.com/api/v5/rubik/stat/taker-volume?ccy=XRP&period=1D&instType=CONTRACTS
1784563200000,2026-07-20T16:00:00+00:00,XRP,77832072.9217,76015683.4966,2026-09-04T21:11:00.644711Z,https://www.okx.com/api/v5/rubik/stat/taker-volume?ccy=XRP&period=1D&instType=CONTRACTS
1784649600000,2026-07-21T16:00:00+00:00,XRP,96169742.1816,100694679.2303,2026-09-04T21:11:00.644711Z,https://www.okx.com/api/v5/rubik/stat/taker-volume?ccy=XRP&period=1D&instType=CONTRACTS
1784736000000,2026-07-22T16:00:00+00:00,XRP,89116784.6264,92664698.0853,2026-09-04T21:11:00.644711Z,https://www.okx.com/api/v5/rubik/stat/taker-volume?ccy=XRP&period=1D&instType=CONTRACTS
1784822400000,2026-07-23T16:00:00+00:00,XRP,88755712.2991,87591144.5645,2026-09-04T21:11:00.644711Z,https://www.okx.com/api/v5/rubik/stat/taker-volume?ccy=XRP&period=1D&instType=CONTRACTS
1784908800000,2026-07-24T16:00:00+00:00,XRP,78358862.3515,65941512.0287,2026-09-04T21:11:00.644711Z,https://www.okx.com/api/v5/rubik/stat/taker-volume?ccy=XRP&period=1D&instType=CONTRACTS
1784995200000,2026-07-25T16:00:00+00:00,XRP,43833527.7858,40660416.3051,2026-09-04T21:11:00.644711Z,https://www.okx.com/api/v5/rubik/stat/taker-volume?ccy=XRP&period=1D&instType=CONTRACTS
1785081600000,2026-07-26T16:00:00+00:00,XRP,43586850.897,38137495.5102,2026-09-04T21:11:00.644711Z,https://www.okx.com/api/v5/rubik/stat/taker-volume?ccy=XRP&period=1D&instType=CONTRACTS
1785168000000,2026-07-27T16:00:00+00:00,XRP,76348396.3197,70115183.9094,2026-09-04T21:11:00.644711Z,https://www.okx.com/api/v5/rubik/stat/taker-volume?ccy=XRP&period=1D&instType=CONTRACTS
1785254400000,2026-07-28T16:00:00+00:00,XRP,118550070.7484,103139087.0887,2026-09-04T21:11:00.644711Z,https://www.okx.com/api/v5/rubik/stat/taker-volume?ccy=XRP&period=1D&instType=CONTRACTS
1785340800000,2026-07-29T16:00:00+00:00,XRP,101155347.9381,87884792.1715,2026-09-04T21:11:00.644711Z,https://www.okx.com/api/v5/rubik/stat/taker-volume?ccy=XRP&period=1D&instType=CONTRACTS
1785427200000,2026-07-30T16:00:00+00:00,XRP,82445163.2321,85360099.8969,2026-09-04T21:11:00.644711Z,https://www.okx.com/api/v5/rubik/stat/taker-volume?ccy=XRP&period=1D&instType=CONTRACTS
1785513600000,2026-07-31T16:00:00+00:00,XRP,67065366.1092,70499100.8073,2026-09-04T21:11:00.644711Z,https://www.okx.com/api/v5/rubik/stat/taker-volume?ccy=XRP&period=1D&instType=CONTRACTS
1785600000000,2026-08-01T16:00:00+00:00,XRP,36250602.6273,34088193.5847,2026-09-04T21:11:00.644711Z,https://www.okx.com/api/v5/rubik/stat/taker-volume?ccy=XRP&period=1D&instType=CONTRACTS
1785686400000,2026-08-02T16:00:00+00:00,XRP,63187566.3684,59846478.5936,2026-09-04T21:11:00.644711Z,https://www.okx.com/api/v5/rubik/stat/taker-volume?ccy=XRP&period=1D&instType=CONTRACTS
1785772800000,2026-08-03T16:00:00+00:00,XRP,73314981.5835,72162652.9674,2026-09-04T21:11:00.644711Z,https://www.okx.com/api/v5/rubik/stat/taker-volume?ccy=XRP&period=1D&instType=CONTRACTS
1785859200000,2026-08-04T16:00:00+00:00,XRP,61049371.0001,64787956.8602,2026-09-04T21:11:00.644711Z,https://www.okx.com/api/v5/rubik/stat/taker-volume?ccy=XRP&period=1D&instType=CONTRACTS
1785945600000,2026-08-05T16:00:00+00:00,XRP,64653890.9103,57907583.3987,2026-09-04T21:11:00.644711Z,https://www.okx.com/api/v5/rubik/stat/taker-volume?ccy=XRP&period=1D&instType=CONTRACTS
1786032000000,2026-08-06T16:00:00+00:00,XRP,87695327.3995,80273769.9182,2026-09-04T21:11:00.644711Z,https://www.okx.com/api/v5/rubik/stat/taker-volume?ccy=XRP&period=1D&instType=CONTRACTS
1786118400000,2026-08-07T16:00:00+00:00,XRP,123424706.9054,106593960.7482,2026-09-04T21:11:00.644711Z,https://www.okx.com/api/v5/rubik/stat/taker-volume?ccy=XRP&period=1D&instType=CONTRACTS
1786204800000,2026-08-08T16:00:00+00:00,XRP,69187660.3356,62047824.9089,2026-09-04T21:11:00.644711Z,https://www.okx.com/api/v5/rubik/stat/taker-volume?ccy=XRP&period=1D&instType=CONTRACTS
1786291200000,2026-08-09T16:00:00+00:00,XRP,47425495.306,46426653.0361,2026-09-04T21:11:00.644711Z,https://www.okx.com/api/v5/rubik/stat/taker-volume?ccy=XRP&period=1D&instType=CONTRACTS
1786377600000,2026-08-10T16:00:00+00:00,XRP,70246616.5987,65475358.7869,2026-09-04T21:11:00.644711Z,https://www.okx.com/api/v5/rubik/stat/taker-volume?ccy=XRP&period=1D&instType=CONTRACTS
1786464000000,2026-08-11T16:00:00+00:00,XRP,137933545.3829,121750674.3193,2026-09-04T21:11:00.644711Z,https://www.okx.com/api/v5/rubik/stat/taker-volume?ccy=XRP&period=1D&instType=CONTRACTS
1786550400000,2026-08-12T16:00:00+00:00,XRP,96016849.1984,96592505.6655,2026-09-04T21:11:00.644711Z,https://www.okx.com/api/v5/rubik/stat/taker-volume?ccy=XRP&period=1D&instType=CONTRACTS
1786636800000,2026-08-13T16:00:00+00:00,XRP,66690465.0188,62473563.5322,2026-09-04T21:11:00.644711Z,https://www.okx.com/api/v5/rubik/stat/taker-volume?ccy=XRP&period=1D&instType=CONTRACTS
1786723200000,2026-08-14T16:00:00+00:00,XRP,52328635.0829,49738704.4447,2026-09-04T21:11:00.644711Z,https://www.okx.com/api/v5/rubik/stat/taker-volume?ccy=XRP&period=1D&instType=CONTRACTS
1786809600000,2026-08-15T16:00:00+00:00,XRP,60097973.8847,51991440.5902,2026-09-04T21:11:00.644711Z,https://www.okx.com/api/v5/rubik/stat/taker-volume?ccy=XRP&period=1D&instType=CONTRACTS
1786896000000,2026-08-16T16:00:00+00:00,XRP,27000573.2204,22489389.2078,2026-09-04T21:11:00.644711Z,https://www.okx.com/api/v5/rubik/stat/taker-volume?ccy=XRP&period=1D&instType=CONTRACTS
1786982400000,2026-08-17T16:00:00+00:00,XRP,66707396.05,65311147.2181,2026-09-04T21:11:00.644711Z,https://www.okx.com/api/v5/rubik/stat/taker-volume?ccy=XRP&period=1D&instType=CONTRACTS
1787068800000,2026-08-18T16:00:00+00:00,XRP,63009979.707,57613335.4308,2026-09-04T21:11:00.644711Z,https://www.okx.com/api/v5/rubik/stat/taker-volume?ccy=XRP&period=1D&instType=CONTRACTS
1787155200000,2026-08-19T16:00:00+00:00,XRP,117207700.4374,124085529.4497,2026-09-04T21:11:00.644711Z,https://www.okx.com/api/v5/rubik/stat/taker-volume?ccy=XRP&period=1D&instType=CONTRACTS
1787241600000,2026-08-20T16:00:00+00:00,XRP,389240679.1863,417155710.2262,2026-09-04T21:11:00.644711Z,https://www.okx.com/api/v5/rubik/stat/taker-volume?ccy=XRP&period=1D&instType=CONTRACTS
1787328000000,2026-08-21T16:00:00+00:00,XRP,826649909.0661,826995794.7416,2026-09-04T21:11:00.644711Z,https://www.okx.com/api/v5/rubik/stat/taker-volume?ccy=XRP&period=1D&instType=CONTRACTS
1787414400000,2026-08-22T16:00:00+00:00,XRP,1114688607.2146,1086513824.1074,2026-09-04T21:11:00.644711Z,https://www.okx.com/api/v5/rubik/stat/taker-volume?ccy=XRP&period=1D&instType=CONTRACTS
1787500800000,2026-08-23T16:00:00+00:00,XRP,500826554.1684,475049798.9367,2026-09-04T21:11:00.644711Z,https://www.okx.com/api/v5/rubik/stat/taker-volume?ccy=XRP&period=1D&instType=CONTRACTS
1787587200000,2026-08-24T16:00:00+00:00,XRP,445012324.8118,437689582.4734,2026-09-04T21:11:00.644711Z,https://www.okx.com/api/v5/rubik/stat/taker-volume?ccy=XRP&period=1D&instType=CONTRACTS
1787673600000,2026-08-25T16:00:00+00:00,XRP,385343449.4843,382900740.724,2026-09-04T21:11:00.644711Z,https://www.okx.com/api/v5/rubik/stat/taker-volume?ccy=XRP&period=1D&instType=CONTRACTS
1787760000000,2026-08-26T16:00:00+00:00,XRP,354198362.3987,319189451.285,2026-09-04T21:11:00.644711Z,https://www.okx.com/api/v5/rubik/stat/taker-volume?ccy=XRP&period=1D&instType=CONTRACTS
1787846400000,2026-08-27T16:00:00+00:00,XRP,302881654.5973,322675125.5026,2026-09-04T21:11:00.644711Z,https://www.okx.com/api/v5/rubik/stat/taker-volume?ccy=XRP&period=1D&instType=CONTRACTS
1787932800000,2026-08-28T16:00:00+00:00,XRP,265495187.2614,242490736.3891,2026-09-04T21:11:00.644711Z,https://www.okx.com/api/v5/rubik/stat/taker-volume?ccy=XRP&period=1D&instType=CONTRACTS
1788019200000,2026-08-29T16:00:00+00:00,XRP,154558555.2147,145841476.9181,2026-09-04T21:11:00.644711Z,https://www.okx.com/api/v5/rubik/stat/taker-volume?ccy=XRP&period=1D&instType=CONTRACTS
1788105600000,2026-08-30T16:00:00+00:00,XRP,116207276.1569,109916532.0513,2026-09-04T21:11:00.644711Z,https://www.okx.com/api/v5/rubik/stat/taker-volume?ccy=XRP&period=1D&instType=CONTRACTS
1788192000000,2026-08-31T16:00:00+00:00,XRP,276321140.8559,253649120.04,2026-09-04T21:11:00.644711Z,https://www.okx.com/api/v5/rubik/stat/taker-volume?ccy=XRP&period=1D&instType=CONTRACTS
1788278400000,2026-09-01T16:00:00+00:00,XRP,169435848.0663,162847888.4799,2026-09-04T21:11:00.644711Z,https://www.okx.com/api/v5/rubik/stat/taker-volume?ccy=XRP&period=1D&instType=CONTRACTS
1788364800000,2026-09-02T16:00:00+00:00,XRP,257332330.1177,229874573.6137,2026-09-04T21:11:00.644711Z,https://www.okx.com/api/v5/rubik/stat/taker-volume?ccy=XRP&period=1D&instType=CONTRACTS
1788451200000,2026-09-03T16:00:00+00:00,XRP,341571592.1313,362681851.9516,2026-09-04T21:11:00.644711Z,https://www.okx.com/api/v5/rubik/stat/taker-volume?ccy=XRP&period=1D&instType=CONTRACTS
